{"tookInMillis":8,"totalHits":7,"tagFilters":[],"tagFacets":[],"termFacets":{"difficulty":{"name":"difficulty","title":"Difficulty","entries":[{"title":"Easy","term":"EASY","count":4,"flags":[]},{"title":"Challenging","term":"CHALLENGING","count":3,"flags":[]}],"flags":[],"multipleSelection":false,"sortedEntries":[{"title":"Challenging","term":"CHALLENGING","count":3,"flags":[]},{"title":"Easy","term":"EASY","count":4,"flags":[]}]},"supplier":{"name":"supplier","title":"Operator","entries":[{"title":"Vesturfer\u00f0ir ehf","term":"110","count":7,"flags":[]}],"flags":[],"multipleSelection":false,"sortedEntries":[{"title":"Vesturfer\u00f0ir ehf","term":"110","count":7,"flags":[]}]}},"tagFacetHierarchy":[],"items":[{"id":"18925","externalId":"wt-ath","productGroupId":0,"title":"A day's hike in the Nature Reserve","summary":"Due to the harshness of the environment, the Hornstrandir area was abandoned completely by the last of its inhabitants in the early 1950\u2019s. Since 1974 the flora and fauna has been protected and now arctic foxes, birds, seals and plants have thrived undisturbed.\r\n\r\nYou\u00b4ll leave by boat from \u00cdsafj\u00f6r\u00f0ur in the morning for the abandoned village of S\u00e6b\u00f3l in A\u00f0alv\u00edk. Continuing on foot to another abandoned settlement at Hesteyri, we pass the old church and parsonage at Sta\u00f0ur. Crossing the mountain, enjoy a spectacular and panoramic view across \u00cdsafjar\u00f0ardj\u00fap bay and J\u00f6kulfir\u00f0ir (Glacier fjords) to Drangaj\u00f6kull glacier. Returning by boat from Hesteyri in the evening.\r\n \r\nA moderate hike for people in good shape. Hiking distance is about 14 km on rough ground and elevation is of about 300 m.\r\n \r\nAdditionally you can order a fresh and homemade lunch package consisting of two bread buns, a power bar and a muffin for 2.100 ISK each.","excerpt":"A moderate hike for people in good shape. Hiking distance is about 14 km on rough ground and elevation is of about 300 m.","price":32900,"vendor":{"id":110,"title":"Vesturfer\u00f0ir ehf","externalId":"","flags":[]},"box":false,"inventoryLocal":true,"boxedProductId":0,"boxedSupplierId":0,"keywords":[],"flags":[],"baseLanguage":"en","languages":["EN"],"paymentCurrencies":[],"customFields":[],"places":[],"keyPhoto":{"id":59474,"originalUrl":"https:\/\/bokun.s3.amazonaws.com\/e62d1d3f-4c54-47ca-ac28-04ac79d0d1c0.jpg","description":"","alternateText":"","flags":[],"derived":[{"name":"large","url":"https:\/\/bokunprod.imgix.net\/e62d1d3f-4c54-47ca-ac28-04ac79d0d1c0.jpg?w=660&h=660","cleanUrl":"https:\/\/bokunprod.imgix.net\/e62d1d3f-4c54-47ca-ac28-04ac79d0d1c0.jpg?w=660&h=660"},{"name":"preview","url":"https:\/\/bokunprod.imgix.net\/e62d1d3f-4c54-47ca-ac28-04ac79d0d1c0.jpg?w=300&h=300","cleanUrl":"https:\/\/bokunprod.imgix.net\/e62d1d3f-4c54-47ca-ac28-04ac79d0d1c0.jpg?w=300&h=300"},{"name":"thumbnail","url":"https:\/\/bokunprod.imgix.net\/e62d1d3f-4c54-47ca-ac28-04ac79d0d1c0.jpg?w=80&h=80&fit=crop","cleanUrl":"https:\/\/bokunprod.imgix.net\/e62d1d3f-4c54-47ca-ac28-04ac79d0d1c0.jpg?w=80&h=80&fit=crop"}],"fileName":"\/e62d1d3f-4c54-47ca-ac28-04ac79d0d1c0.jpg"},"photos":[{"id":59469,"originalUrl":"https:\/\/bokun.s3.amazonaws.com\/f983a8f4-7627-4fef-bd4a-f49b7b4805ee.jpg","description":null,"alternateText":null,"flags":[],"derived":[{"name":"large","url":"https:\/\/bokunprod.imgix.net\/f983a8f4-7627-4fef-bd4a-f49b7b4805ee.jpg?w=660&h=660","cleanUrl":"https:\/\/bokunprod.imgix.net\/f983a8f4-7627-4fef-bd4a-f49b7b4805ee.jpg?w=660&h=660"},{"name":"preview","url":"https:\/\/bokunprod.imgix.net\/f983a8f4-7627-4fef-bd4a-f49b7b4805ee.jpg?w=300&h=300","cleanUrl":"https:\/\/bokunprod.imgix.net\/f983a8f4-7627-4fef-bd4a-f49b7b4805ee.jpg?w=300&h=300"},{"name":"thumbnail","url":"https:\/\/bokunprod.imgix.net\/f983a8f4-7627-4fef-bd4a-f49b7b4805ee.jpg?w=80&h=80&fit=crop","cleanUrl":"https:\/\/bokunprod.imgix.net\/f983a8f4-7627-4fef-bd4a-f49b7b4805ee.jpg?w=80&h=80&fit=crop"}],"fileName":"\/f983a8f4-7627-4fef-bd4a-f49b7b4805ee.jpg"},{"id":59470,"originalUrl":"https:\/\/bokun.s3.amazonaws.com\/bf75bb78-80d0-4ade-a2fa-5e98a0d4dcc6.jpg","description":null,"alternateText":null,"flags":[],"derived":[{"name":"large","url":"https:\/\/bokunprod.imgix.net\/bf75bb78-80d0-4ade-a2fa-5e98a0d4dcc6.jpg?w=660&h=660","cleanUrl":"https:\/\/bokunprod.imgix.net\/bf75bb78-80d0-4ade-a2fa-5e98a0d4dcc6.jpg?w=660&h=660"},{"name":"preview","url":"https:\/\/bokunprod.imgix.net\/bf75bb78-80d0-4ade-a2fa-5e98a0d4dcc6.jpg?w=300&h=300","cleanUrl":"https:\/\/bokunprod.imgix.net\/bf75bb78-80d0-4ade-a2fa-5e98a0d4dcc6.jpg?w=300&h=300"},{"name":"thumbnail","url":"https:\/\/bokunprod.imgix.net\/bf75bb78-80d0-4ade-a2fa-5e98a0d4dcc6.jpg?w=80&h=80&fit=crop","cleanUrl":"https:\/\/bokunprod.imgix.net\/bf75bb78-80d0-4ade-a2fa-5e98a0d4dcc6.jpg?w=80&h=80&fit=crop"}],"fileName":"\/bf75bb78-80d0-4ade-a2fa-5e98a0d4dcc6.jpg"},{"id":59471,"originalUrl":"https:\/\/bokun.s3.amazonaws.com\/7104d081-110c-49f8-920e-69f150f4fce9.jpg","description":null,"alternateText":null,"flags":[],"derived":[{"name":"large","url":"https:\/\/bokunprod.imgix.net\/7104d081-110c-49f8-920e-69f150f4fce9.jpg?w=660&h=660","cleanUrl":"https:\/\/bokunprod.imgix.net\/7104d081-110c-49f8-920e-69f150f4fce9.jpg?w=660&h=660"},{"name":"preview","url":"https:\/\/bokunprod.imgix.net\/7104d081-110c-49f8-920e-69f150f4fce9.jpg?w=300&h=300","cleanUrl":"https:\/\/bokunprod.imgix.net\/7104d081-110c-49f8-920e-69f150f4fce9.jpg?w=300&h=300"},{"name":"thumbnail","url":"https:\/\/bokunprod.imgix.net\/7104d081-110c-49f8-920e-69f150f4fce9.jpg?w=80&h=80&fit=crop","cleanUrl":"https:\/\/bokunprod.imgix.net\/7104d081-110c-49f8-920e-69f150f4fce9.jpg?w=80&h=80&fit=crop"}],"fileName":"\/7104d081-110c-49f8-920e-69f150f4fce9.jpg"},{"id":59472,"originalUrl":"https:\/\/bokun.s3.amazonaws.com\/7899d753-cff4-4408-8af0-e86d9a1352e7.jpg","description":null,"alternateText":null,"flags":[],"derived":[{"name":"large","url":"https:\/\/bokunprod.imgix.net\/7899d753-cff4-4408-8af0-e86d9a1352e7.jpg?w=660&h=660","cleanUrl":"https:\/\/bokunprod.imgix.net\/7899d753-cff4-4408-8af0-e86d9a1352e7.jpg?w=660&h=660"},{"name":"preview","url":"https:\/\/bokunprod.imgix.net\/7899d753-cff4-4408-8af0-e86d9a1352e7.jpg?w=300&h=300","cleanUrl":"https:\/\/bokunprod.imgix.net\/7899d753-cff4-4408-8af0-e86d9a1352e7.jpg?w=300&h=300"},{"name":"thumbnail","url":"https:\/\/bokunprod.imgix.net\/7899d753-cff4-4408-8af0-e86d9a1352e7.jpg?w=80&h=80&fit=crop","cleanUrl":"https:\/\/bokunprod.imgix.net\/7899d753-cff4-4408-8af0-e86d9a1352e7.jpg?w=80&h=80&fit=crop"}],"fileName":"\/7899d753-cff4-4408-8af0-e86d9a1352e7.jpg"},{"id":59473,"originalUrl":"https:\/\/bokun.s3.amazonaws.com\/0175129e-3eee-4083-aa25-6396ae274dd9.jpg","description":null,"alternateText":null,"flags":[],"derived":[{"name":"large","url":"https:\/\/bokunprod.imgix.net\/0175129e-3eee-4083-aa25-6396ae274dd9.jpg?w=660&h=660","cleanUrl":"https:\/\/bokunprod.imgix.net\/0175129e-3eee-4083-aa25-6396ae274dd9.jpg?w=660&h=660"},{"name":"preview","url":"https:\/\/bokunprod.imgix.net\/0175129e-3eee-4083-aa25-6396ae274dd9.jpg?w=300&h=300","cleanUrl":"https:\/\/bokunprod.imgix.net\/0175129e-3eee-4083-aa25-6396ae274dd9.jpg?w=300&h=300"},{"name":"thumbnail","url":"https:\/\/bokunprod.imgix.net\/0175129e-3eee-4083-aa25-6396ae274dd9.jpg?w=80&h=80&fit=crop","cleanUrl":"https:\/\/bokunprod.imgix.net\/0175129e-3eee-4083-aa25-6396ae274dd9.jpg?w=80&h=80&fit=crop"}],"fileName":"\/0175129e-3eee-4083-aa25-6396ae274dd9.jpg"},{"id":59474,"originalUrl":"https:\/\/bokun.s3.amazonaws.com\/e62d1d3f-4c54-47ca-ac28-04ac79d0d1c0.jpg","description":"","alternateText":"","flags":[],"derived":[{"name":"large","url":"https:\/\/bokunprod.imgix.net\/e62d1d3f-4c54-47ca-ac28-04ac79d0d1c0.jpg?w=660&h=660","cleanUrl":"https:\/\/bokunprod.imgix.net\/e62d1d3f-4c54-47ca-ac28-04ac79d0d1c0.jpg?w=660&h=660"},{"name":"preview","url":"https:\/\/bokunprod.imgix.net\/e62d1d3f-4c54-47ca-ac28-04ac79d0d1c0.jpg?w=300&h=300","cleanUrl":"https:\/\/bokunprod.imgix.net\/e62d1d3f-4c54-47ca-ac28-04ac79d0d1c0.jpg?w=300&h=300"},{"name":"thumbnail","url":"https:\/\/bokunprod.imgix.net\/e62d1d3f-4c54-47ca-ac28-04ac79d0d1c0.jpg?w=80&h=80&fit=crop","cleanUrl":"https:\/\/bokunprod.imgix.net\/e62d1d3f-4c54-47ca-ac28-04ac79d0d1c0.jpg?w=80&h=80&fit=crop"}],"fileName":"\/e62d1d3f-4c54-47ca-ac28-04ac79d0d1c0.jpg"},{"id":59475,"originalUrl":"https:\/\/bokun.s3.amazonaws.com\/e974a12d-9f8e-4af6-b34c-024e12eae928.jpg","description":null,"alternateText":null,"flags":[],"derived":[{"name":"large","url":"https:\/\/bokunprod.imgix.net\/e974a12d-9f8e-4af6-b34c-024e12eae928.jpg?w=660&h=660","cleanUrl":"https:\/\/bokunprod.imgix.net\/e974a12d-9f8e-4af6-b34c-024e12eae928.jpg?w=660&h=660"},{"name":"preview","url":"https:\/\/bokunprod.imgix.net\/e974a12d-9f8e-4af6-b34c-024e12eae928.jpg?w=300&h=300","cleanUrl":"https:\/\/bokunprod.imgix.net\/e974a12d-9f8e-4af6-b34c-024e12eae928.jpg?w=300&h=300"},{"name":"thumbnail","url":"https:\/\/bokunprod.imgix.net\/e974a12d-9f8e-4af6-b34c-024e12eae928.jpg?w=80&h=80&fit=crop","cleanUrl":"https:\/\/bokunprod.imgix.net\/e974a12d-9f8e-4af6-b34c-024e12eae928.jpg?w=80&h=80&fit=crop"}],"fileName":"\/e974a12d-9f8e-4af6-b34c-024e12eae928.jpg"},{"id":59476,"originalUrl":"https:\/\/bokun.s3.amazonaws.com\/2c035b72-f341-43f8-8da2-886274ac9537.jpg","description":null,"alternateText":null,"flags":[],"derived":[{"name":"large","url":"https:\/\/bokunprod.imgix.net\/2c035b72-f341-43f8-8da2-886274ac9537.jpg?w=660&h=660","cleanUrl":"https:\/\/bokunprod.imgix.net\/2c035b72-f341-43f8-8da2-886274ac9537.jpg?w=660&h=660"},{"name":"preview","url":"https:\/\/bokunprod.imgix.net\/2c035b72-f341-43f8-8da2-886274ac9537.jpg?w=300&h=300","cleanUrl":"https:\/\/bokunprod.imgix.net\/2c035b72-f341-43f8-8da2-886274ac9537.jpg?w=300&h=300"},{"name":"thumbnail","url":"https:\/\/bokunprod.imgix.net\/2c035b72-f341-43f8-8da2-886274ac9537.jpg?w=80&h=80&fit=crop","cleanUrl":"https:\/\/bokunprod.imgix.net\/2c035b72-f341-43f8-8da2-886274ac9537.jpg?w=80&h=80&fit=crop"}],"fileName":"\/2c035b72-f341-43f8-8da2-886274ac9537.jpg"},{"id":59477,"originalUrl":"https:\/\/bokun.s3.amazonaws.com\/e5d78808-e227-4589-80ae-12306d717678.jpg","description":null,"alternateText":null,"flags":[],"derived":[{"name":"large","url":"https:\/\/bokunprod.imgix.net\/e5d78808-e227-4589-80ae-12306d717678.jpg?w=660&h=660","cleanUrl":"https:\/\/bokunprod.imgix.net\/e5d78808-e227-4589-80ae-12306d717678.jpg?w=660&h=660"},{"name":"preview","url":"https:\/\/bokunprod.imgix.net\/e5d78808-e227-4589-80ae-12306d717678.jpg?w=300&h=300","cleanUrl":"https:\/\/bokunprod.imgix.net\/e5d78808-e227-4589-80ae-12306d717678.jpg?w=300&h=300"},{"name":"thumbnail","url":"https:\/\/bokunprod.imgix.net\/e5d78808-e227-4589-80ae-12306d717678.jpg?w=80&h=80&fit=crop","cleanUrl":"https:\/\/bokunprod.imgix.net\/e5d78808-e227-4589-80ae-12306d717678.jpg?w=80&h=80&fit=crop"}],"fileName":"\/e5d78808-e227-4589-80ae-12306d717678.jpg"}],"videos":[],"fields":{"comboComponentsInventory":null,"bookingCutoffDays":0,"defaultOpeningHours":{"id":66,"created":[2017,8,22,15,15,10,991000000],"monday":{"id":519,"created":[2017,8,22,15,15,10,994000000],"open24Hours":false,"timeIntervals":[{"openFrom":[8,0],"openForHours":8,"openForMinutes":0,"frequency":null}]},"tuesday":{"id":520,"created":[2017,8,22,15,15,11],"open24Hours":false,"timeIntervals":[{"openFrom":[8,0],"openForHours":8,"openForMinutes":0,"frequency":null}]},"wednesday":{"id":521,"created":[2017,8,22,15,15,11,9000000],"open24Hours":false,"timeIntervals":[{"openFrom":[8,0],"openForHours":8,"openForMinutes":0,"frequency":null}]},"thursday":{"id":522,"created":[2017,8,22,15,15,11,17000000],"open24Hours":false,"timeIntervals":[{"openFrom":[8,0],"openForHours":8,"openForMinutes":0,"frequency":null}]},"friday":{"id":523,"created":[2017,8,22,15,15,11,25000000],"open24Hours":false,"timeIntervals":[{"openFrom":[8,0],"openForHours":8,"openForMinutes":0,"frequency":null}]},"saturday":{"id":524,"created":[2017,8,22,15,15,11,33000000],"open24Hours":false,"timeIntervals":[]},"sunday":{"id":525,"created":[2017,8,22,15,15,11,41000000],"open24Hours":false,"timeIntervals":[]}},"dayOptions":[],"meetingType":"MEET_ON_LOCATION","dayBasedAvailability":false,"seasonalOpeningHours":[{"id":10,"created":[2017,8,22,15,15,11,55000000],"monday":{"id":526,"created":[2017,8,22,15,15,11,55000000],"open24Hours":false,"timeIntervals":[{"openFrom":[8,0],"openForHours":10,"openForMinutes":0,"frequency":null}]},"tuesday":{"id":527,"created":[2017,8,22,15,15,11,63000000],"open24Hours":false,"timeIntervals":[{"openFrom":[8,0],"openForHours":10,"openForMinutes":0,"frequency":null}]},"wednesday":{"id":528,"created":[2017,8,22,15,15,11,72000000],"open24Hours":false,"timeIntervals":[{"openFrom":[8,0],"openForHours":10,"openForMinutes":0,"frequency":null}]},"thursday":{"id":529,"created":[2017,8,22,15,15,11,83000000],"open24Hours":false,"timeIntervals":[{"openFrom":[8,0],"openForHours":10,"openForMinutes":0,"frequency":null}]},"friday":{"id":530,"created":[2017,8,22,15,15,11,93000000],"open24Hours":false,"timeIntervals":[{"openFrom":[8,0],"openForHours":10,"openForMinutes":0,"frequency":null}]},"saturday":{"id":531,"created":[2017,8,22,15,15,11,102000000],"open24Hours":false,"timeIntervals":[{"openFrom":[8,30],"openForHours":8,"openForMinutes":0,"frequency":null}]},"sunday":{"id":532,"created":[2017,8,22,15,15,11,110000000],"open24Hours":false,"timeIntervals":[{"openFrom":[10,0],"openForHours":5,"openForMinutes":0,"frequency":null}]},"startMonth":6,"startDay":1,"endMonth":8,"endDay":31}],"bookingCutoffMinutes":0,"selectFromDayOptions":false,"comboComponents":[],"bookingCutoffHours":1,"comboActivity":false,"bookingCutoffWeeks":0}},{"id":"19040","externalId":"wt-ribos","productGroupId":0,"title":"RIB-boat Ocean Safari","summary":"2 hours sightseeing safari tour from \u00cdsafj\u00f6r\u00f0ur town which offers a magnificent view over the surrounding landscape from the sea side.   \r\n\r\nWe start with a safety instruction and the distribution of warm overalls and life jackets which you will have to wear onboard. It is important to wear warm footwear and even mittens, it gets cold once out on the sea. This tour will take you into \u00cdsafjar\u00f0ardj\u00fap, the stunning fjord region just off \u00cdsafj\u00f6r\u00f0ur. We pass the beautiful bird island Vigur or Sn\u00e6fjallastr\u00f6nd (Snow-Mountain-Coast) chances are high that you\u2019ll see different kinds of birds such as puffins flying around and seals and probably even whales swimming across the sailing route. Time for photo shooting is included.\r\n\r\nDepending on weather conditions the route differs and will in each case be an unique adventure.","excerpt":"","price":11900,"vendor":{"id":110,"title":"Vesturfer\u00f0ir ehf","externalId":"","flags":[]},"box":false,"inventoryLocal":true,"boxedProductId":0,"boxedSupplierId":0,"keywords":[],"flags":[],"baseLanguage":"en","languages":["EN"],"paymentCurrencies":[],"customFields":[],"places":[],"keyPhoto":{"id":60277,"originalUrl":"https:\/\/bokun.s3.amazonaws.com\/07894bd7-43c2-495b-ab16-c6c342d4a09f.jpg","description":"","alternateText":"","flags":[],"derived":[{"name":"large","url":"https:\/\/bokunprod.imgix.net\/07894bd7-43c2-495b-ab16-c6c342d4a09f.jpg?w=660&h=660","cleanUrl":"https:\/\/bokunprod.imgix.net\/07894bd7-43c2-495b-ab16-c6c342d4a09f.jpg?w=660&h=660"},{"name":"preview","url":"https:\/\/bokunprod.imgix.net\/07894bd7-43c2-495b-ab16-c6c342d4a09f.jpg?w=300&h=300","cleanUrl":"https:\/\/bokunprod.imgix.net\/07894bd7-43c2-495b-ab16-c6c342d4a09f.jpg?w=300&h=300"},{"name":"thumbnail","url":"https:\/\/bokunprod.imgix.net\/07894bd7-43c2-495b-ab16-c6c342d4a09f.jpg?w=80&h=80&fit=crop","cleanUrl":"https:\/\/bokunprod.imgix.net\/07894bd7-43c2-495b-ab16-c6c342d4a09f.jpg?w=80&h=80&fit=crop"}],"fileName":"\/07894bd7-43c2-495b-ab16-c6c342d4a09f.jpg"},"photos":[{"id":60275,"originalUrl":"https:\/\/bokun.s3.amazonaws.com\/067d7ff0-c5ae-49ff-ac76-1525c3f00fc4.jpg","description":null,"alternateText":null,"flags":[],"derived":[{"name":"large","url":"https:\/\/bokunprod.imgix.net\/067d7ff0-c5ae-49ff-ac76-1525c3f00fc4.jpg?w=660&h=660","cleanUrl":"https:\/\/bokunprod.imgix.net\/067d7ff0-c5ae-49ff-ac76-1525c3f00fc4.jpg?w=660&h=660"},{"name":"preview","url":"https:\/\/bokunprod.imgix.net\/067d7ff0-c5ae-49ff-ac76-1525c3f00fc4.jpg?w=300&h=300","cleanUrl":"https:\/\/bokunprod.imgix.net\/067d7ff0-c5ae-49ff-ac76-1525c3f00fc4.jpg?w=300&h=300"},{"name":"thumbnail","url":"https:\/\/bokunprod.imgix.net\/067d7ff0-c5ae-49ff-ac76-1525c3f00fc4.jpg?w=80&h=80&fit=crop","cleanUrl":"https:\/\/bokunprod.imgix.net\/067d7ff0-c5ae-49ff-ac76-1525c3f00fc4.jpg?w=80&h=80&fit=crop"}],"fileName":"\/067d7ff0-c5ae-49ff-ac76-1525c3f00fc4.jpg"},{"id":60276,"originalUrl":"https:\/\/bokun.s3.amazonaws.com\/6213df35-6180-4612-b80f-ea9859575cda.jpg","description":null,"alternateText":null,"flags":[],"derived":[{"name":"large","url":"https:\/\/bokunprod.imgix.net\/6213df35-6180-4612-b80f-ea9859575cda.jpg?w=660&h=660","cleanUrl":"https:\/\/bokunprod.imgix.net\/6213df35-6180-4612-b80f-ea9859575cda.jpg?w=660&h=660"},{"name":"preview","url":"https:\/\/bokunprod.imgix.net\/6213df35-6180-4612-b80f-ea9859575cda.jpg?w=300&h=300","cleanUrl":"https:\/\/bokunprod.imgix.net\/6213df35-6180-4612-b80f-ea9859575cda.jpg?w=300&h=300"},{"name":"thumbnail","url":"https:\/\/bokunprod.imgix.net\/6213df35-6180-4612-b80f-ea9859575cda.jpg?w=80&h=80&fit=crop","cleanUrl":"https:\/\/bokunprod.imgix.net\/6213df35-6180-4612-b80f-ea9859575cda.jpg?w=80&h=80&fit=crop"}],"fileName":"\/6213df35-6180-4612-b80f-ea9859575cda.jpg"},{"id":60277,"originalUrl":"https:\/\/bokun.s3.amazonaws.com\/07894bd7-43c2-495b-ab16-c6c342d4a09f.jpg","description":"","alternateText":"","flags":[],"derived":[{"name":"large","url":"https:\/\/bokunprod.imgix.net\/07894bd7-43c2-495b-ab16-c6c342d4a09f.jpg?w=660&h=660","cleanUrl":"https:\/\/bokunprod.imgix.net\/07894bd7-43c2-495b-ab16-c6c342d4a09f.jpg?w=660&h=660"},{"name":"preview","url":"https:\/\/bokunprod.imgix.net\/07894bd7-43c2-495b-ab16-c6c342d4a09f.jpg?w=300&h=300","cleanUrl":"https:\/\/bokunprod.imgix.net\/07894bd7-43c2-495b-ab16-c6c342d4a09f.jpg?w=300&h=300"},{"name":"thumbnail","url":"https:\/\/bokunprod.imgix.net\/07894bd7-43c2-495b-ab16-c6c342d4a09f.jpg?w=80&h=80&fit=crop","cleanUrl":"https:\/\/bokunprod.imgix.net\/07894bd7-43c2-495b-ab16-c6c342d4a09f.jpg?w=80&h=80&fit=crop"}],"fileName":"\/07894bd7-43c2-495b-ab16-c6c342d4a09f.jpg"},{"id":60278,"originalUrl":"https:\/\/bokun.s3.amazonaws.com\/861c8f66-e2fe-4443-b9e8-6ec3218f64ea.jpg","description":null,"alternateText":null,"flags":[],"derived":[{"name":"large","url":"https:\/\/bokunprod.imgix.net\/861c8f66-e2fe-4443-b9e8-6ec3218f64ea.jpg?w=660&h=660","cleanUrl":"https:\/\/bokunprod.imgix.net\/861c8f66-e2fe-4443-b9e8-6ec3218f64ea.jpg?w=660&h=660"},{"name":"preview","url":"https:\/\/bokunprod.imgix.net\/861c8f66-e2fe-4443-b9e8-6ec3218f64ea.jpg?w=300&h=300","cleanUrl":"https:\/\/bokunprod.imgix.net\/861c8f66-e2fe-4443-b9e8-6ec3218f64ea.jpg?w=300&h=300"},{"name":"thumbnail","url":"https:\/\/bokunprod.imgix.net\/861c8f66-e2fe-4443-b9e8-6ec3218f64ea.jpg?w=80&h=80&fit=crop","cleanUrl":"https:\/\/bokunprod.imgix.net\/861c8f66-e2fe-4443-b9e8-6ec3218f64ea.jpg?w=80&h=80&fit=crop"}],"fileName":"\/861c8f66-e2fe-4443-b9e8-6ec3218f64ea.jpg"},{"id":60279,"originalUrl":"https:\/\/bokun.s3.amazonaws.com\/cf234214-84e1-4671-bf7b-f89d63d75030.jpg","description":null,"alternateText":null,"flags":[],"derived":[{"name":"large","url":"https:\/\/bokunprod.imgix.net\/cf234214-84e1-4671-bf7b-f89d63d75030.jpg?w=660&h=660","cleanUrl":"https:\/\/bokunprod.imgix.net\/cf234214-84e1-4671-bf7b-f89d63d75030.jpg?w=660&h=660"},{"name":"preview","url":"https:\/\/bokunprod.imgix.net\/cf234214-84e1-4671-bf7b-f89d63d75030.jpg?w=300&h=300","cleanUrl":"https:\/\/bokunprod.imgix.net\/cf234214-84e1-4671-bf7b-f89d63d75030.jpg?w=300&h=300"},{"name":"thumbnail","url":"https:\/\/bokunprod.imgix.net\/cf234214-84e1-4671-bf7b-f89d63d75030.jpg?w=80&h=80&fit=crop","cleanUrl":"https:\/\/bokunprod.imgix.net\/cf234214-84e1-4671-bf7b-f89d63d75030.jpg?w=80&h=80&fit=crop"}],"fileName":"\/cf234214-84e1-4671-bf7b-f89d63d75030.jpg"}],"videos":[],"fields":{"comboComponentsInventory":null,"dayBasedAvailability":false,"bookingCutoffMinutes":0,"bookingCutoffDays":1,"dayOptions":[],"selectFromDayOptions":false,"comboComponents":[],"meetingType":"MEET_ON_LOCATION","bookingCutoffHours":0,"comboActivity":false,"bookingCutoffWeeks":0}},{"id":"18920","externalId":"wt-kq","productGroupId":0,"title":"King and Queen of cliffs","summary":"Hornv\u00edk is without a doubt one of the most beautiful places in Iceland. It is surrounded by two of the three largest bird cliffs in Europe, has a mystic remoteness and magnificent cliffs. When millions of birds shout as loud as they can, one forgets the noise of the traffic and normal life. It is as far away as it can be and the term silence gets a new meaning.\r\n\r\nBefore stepping onto dry land the boat stops for a moment to view the cliffs of H\u00e6lav\u00edkurbjarg, a cliff that reaches almost vertically an altitude of 4-500 meters. Stepping ashore on the other side of the bay, you hike up to the top of Hornbjarg cliff (537 meters). The arctic foxes are nearby and might appear without notice. The tour takes about 10-12 hours, the stay in Hornv\u00edk is around 6-7 hours, spent walking and enjoying all the magnificent things that catch your eyes.\r\nThis hike is for people in moderate shape. The hiking distance is about 6 km on rough and on parts steep grounds.\r\nAdditionally you can order a fresh and homemade lunch package consisting of two bread buns, a power bar and a muffin for 2.100 ISK each.","excerpt":"Hornv\u00edk is without a doubt one of the most beautiful places in Iceland. It is surrounded by two of the three largest bird cliffs in Europe, has a mystic remoteness and magnificent cliffs. When millions of birds shout as loud as they can, one forgets the n","price":42900,"vendor":{"id":110,"title":"Vesturfer\u00f0ir ehf","externalId":"","flags":[]},"box":false,"inventoryLocal":true,"boxedProductId":0,"boxedSupplierId":0,"keywords":[],"flags":[],"baseLanguage":"en","languages":["EN"],"paymentCurrencies":[],"customFields":[],"places":[],"keyPhoto":{"id":59442,"originalUrl":"https:\/\/bokun.s3.amazonaws.com\/7c2e9256-f5ca-4770-b8fb-166de5e0a1a1.jpg","description":"","alternateText":"","flags":[],"derived":[{"name":"large","url":"https:\/\/bokunprod.imgix.net\/7c2e9256-f5ca-4770-b8fb-166de5e0a1a1.jpg?w=660&h=660","cleanUrl":"https:\/\/bokunprod.imgix.net\/7c2e9256-f5ca-4770-b8fb-166de5e0a1a1.jpg?w=660&h=660"},{"name":"preview","url":"https:\/\/bokunprod.imgix.net\/7c2e9256-f5ca-4770-b8fb-166de5e0a1a1.jpg?w=300&h=300","cleanUrl":"https:\/\/bokunprod.imgix.net\/7c2e9256-f5ca-4770-b8fb-166de5e0a1a1.jpg?w=300&h=300"},{"name":"thumbnail","url":"https:\/\/bokunprod.imgix.net\/7c2e9256-f5ca-4770-b8fb-166de5e0a1a1.jpg?w=80&h=80&fit=crop","cleanUrl":"https:\/\/bokunprod.imgix.net\/7c2e9256-f5ca-4770-b8fb-166de5e0a1a1.jpg?w=80&h=80&fit=crop"}],"fileName":"\/7c2e9256-f5ca-4770-b8fb-166de5e0a1a1.jpg"},"photos":[{"id":59439,"originalUrl":"https:\/\/bokun.s3.amazonaws.com\/849481eb-6050-4006-8b02-443eabca7cb0.jpg","description":null,"alternateText":null,"flags":[],"derived":[{"name":"large","url":"https:\/\/bokunprod.imgix.net\/849481eb-6050-4006-8b02-443eabca7cb0.jpg?w=660&h=660","cleanUrl":"https:\/\/bokunprod.imgix.net\/849481eb-6050-4006-8b02-443eabca7cb0.jpg?w=660&h=660"},{"name":"preview","url":"https:\/\/bokunprod.imgix.net\/849481eb-6050-4006-8b02-443eabca7cb0.jpg?w=300&h=300","cleanUrl":"https:\/\/bokunprod.imgix.net\/849481eb-6050-4006-8b02-443eabca7cb0.jpg?w=300&h=300"},{"name":"thumbnail","url":"https:\/\/bokunprod.imgix.net\/849481eb-6050-4006-8b02-443eabca7cb0.jpg?w=80&h=80&fit=crop","cleanUrl":"https:\/\/bokunprod.imgix.net\/849481eb-6050-4006-8b02-443eabca7cb0.jpg?w=80&h=80&fit=crop"}],"fileName":"\/849481eb-6050-4006-8b02-443eabca7cb0.jpg"},{"id":59440,"originalUrl":"https:\/\/bokun.s3.amazonaws.com\/0e113982-12e9-4ed4-94f7-87c4d1815d94.jpg","description":null,"alternateText":null,"flags":[],"derived":[{"name":"large","url":"https:\/\/bokunprod.imgix.net\/0e113982-12e9-4ed4-94f7-87c4d1815d94.jpg?w=660&h=660","cleanUrl":"https:\/\/bokunprod.imgix.net\/0e113982-12e9-4ed4-94f7-87c4d1815d94.jpg?w=660&h=660"},{"name":"preview","url":"https:\/\/bokunprod.imgix.net\/0e113982-12e9-4ed4-94f7-87c4d1815d94.jpg?w=300&h=300","cleanUrl":"https:\/\/bokunprod.imgix.net\/0e113982-12e9-4ed4-94f7-87c4d1815d94.jpg?w=300&h=300"},{"name":"thumbnail","url":"https:\/\/bokunprod.imgix.net\/0e113982-12e9-4ed4-94f7-87c4d1815d94.jpg?w=80&h=80&fit=crop","cleanUrl":"https:\/\/bokunprod.imgix.net\/0e113982-12e9-4ed4-94f7-87c4d1815d94.jpg?w=80&h=80&fit=crop"}],"fileName":"\/0e113982-12e9-4ed4-94f7-87c4d1815d94.jpg"},{"id":59441,"originalUrl":"https:\/\/bokun.s3.amazonaws.com\/64ceb80d-e297-4184-98e4-fcde43989ec4.jpg","description":null,"alternateText":null,"flags":[],"derived":[{"name":"large","url":"https:\/\/bokunprod.imgix.net\/64ceb80d-e297-4184-98e4-fcde43989ec4.jpg?w=660&h=660","cleanUrl":"https:\/\/bokunprod.imgix.net\/64ceb80d-e297-4184-98e4-fcde43989ec4.jpg?w=660&h=660"},{"name":"preview","url":"https:\/\/bokunprod.imgix.net\/64ceb80d-e297-4184-98e4-fcde43989ec4.jpg?w=300&h=300","cleanUrl":"https:\/\/bokunprod.imgix.net\/64ceb80d-e297-4184-98e4-fcde43989ec4.jpg?w=300&h=300"},{"name":"thumbnail","url":"https:\/\/bokunprod.imgix.net\/64ceb80d-e297-4184-98e4-fcde43989ec4.jpg?w=80&h=80&fit=crop","cleanUrl":"https:\/\/bokunprod.imgix.net\/64ceb80d-e297-4184-98e4-fcde43989ec4.jpg?w=80&h=80&fit=crop"}],"fileName":"\/64ceb80d-e297-4184-98e4-fcde43989ec4.jpg"},{"id":59442,"originalUrl":"https:\/\/bokun.s3.amazonaws.com\/7c2e9256-f5ca-4770-b8fb-166de5e0a1a1.jpg","description":"","alternateText":"","flags":[],"derived":[{"name":"large","url":"https:\/\/bokunprod.imgix.net\/7c2e9256-f5ca-4770-b8fb-166de5e0a1a1.jpg?w=660&h=660","cleanUrl":"https:\/\/bokunprod.imgix.net\/7c2e9256-f5ca-4770-b8fb-166de5e0a1a1.jpg?w=660&h=660"},{"name":"preview","url":"https:\/\/bokunprod.imgix.net\/7c2e9256-f5ca-4770-b8fb-166de5e0a1a1.jpg?w=300&h=300","cleanUrl":"https:\/\/bokunprod.imgix.net\/7c2e9256-f5ca-4770-b8fb-166de5e0a1a1.jpg?w=300&h=300"},{"name":"thumbnail","url":"https:\/\/bokunprod.imgix.net\/7c2e9256-f5ca-4770-b8fb-166de5e0a1a1.jpg?w=80&h=80&fit=crop","cleanUrl":"https:\/\/bokunprod.imgix.net\/7c2e9256-f5ca-4770-b8fb-166de5e0a1a1.jpg?w=80&h=80&fit=crop"}],"fileName":"\/7c2e9256-f5ca-4770-b8fb-166de5e0a1a1.jpg"},{"id":59443,"originalUrl":"https:\/\/bokun.s3.amazonaws.com\/e5d3b114-f6b8-47d5-8742-129a48719808.jpg","description":null,"alternateText":null,"flags":[],"derived":[{"name":"large","url":"https:\/\/bokunprod.imgix.net\/e5d3b114-f6b8-47d5-8742-129a48719808.jpg?w=660&h=660","cleanUrl":"https:\/\/bokunprod.imgix.net\/e5d3b114-f6b8-47d5-8742-129a48719808.jpg?w=660&h=660"},{"name":"preview","url":"https:\/\/bokunprod.imgix.net\/e5d3b114-f6b8-47d5-8742-129a48719808.jpg?w=300&h=300","cleanUrl":"https:\/\/bokunprod.imgix.net\/e5d3b114-f6b8-47d5-8742-129a48719808.jpg?w=300&h=300"},{"name":"thumbnail","url":"https:\/\/bokunprod.imgix.net\/e5d3b114-f6b8-47d5-8742-129a48719808.jpg?w=80&h=80&fit=crop","cleanUrl":"https:\/\/bokunprod.imgix.net\/e5d3b114-f6b8-47d5-8742-129a48719808.jpg?w=80&h=80&fit=crop"}],"fileName":"\/e5d3b114-f6b8-47d5-8742-129a48719808.jpg"},{"id":59444,"originalUrl":"https:\/\/bokun.s3.amazonaws.com\/d918e4c5-8669-4974-b385-a756e1e113d4.jpg","description":null,"alternateText":null,"flags":[],"derived":[{"name":"large","url":"https:\/\/bokunprod.imgix.net\/d918e4c5-8669-4974-b385-a756e1e113d4.jpg?w=660&h=660","cleanUrl":"https:\/\/bokunprod.imgix.net\/d918e4c5-8669-4974-b385-a756e1e113d4.jpg?w=660&h=660"},{"name":"preview","url":"https:\/\/bokunprod.imgix.net\/d918e4c5-8669-4974-b385-a756e1e113d4.jpg?w=300&h=300","cleanUrl":"https:\/\/bokunprod.imgix.net\/d918e4c5-8669-4974-b385-a756e1e113d4.jpg?w=300&h=300"},{"name":"thumbnail","url":"https:\/\/bokunprod.imgix.net\/d918e4c5-8669-4974-b385-a756e1e113d4.jpg?w=80&h=80&fit=crop","cleanUrl":"https:\/\/bokunprod.imgix.net\/d918e4c5-8669-4974-b385-a756e1e113d4.jpg?w=80&h=80&fit=crop"}],"fileName":"\/d918e4c5-8669-4974-b385-a756e1e113d4.jpg"},{"id":59445,"originalUrl":"https:\/\/bokun.s3.amazonaws.com\/2486660a-b5a5-4061-825b-7118c6791781.jpg","description":null,"alternateText":null,"flags":[],"derived":[{"name":"large","url":"https:\/\/bokunprod.imgix.net\/2486660a-b5a5-4061-825b-7118c6791781.jpg?w=660&h=660","cleanUrl":"https:\/\/bokunprod.imgix.net\/2486660a-b5a5-4061-825b-7118c6791781.jpg?w=660&h=660"},{"name":"preview","url":"https:\/\/bokunprod.imgix.net\/2486660a-b5a5-4061-825b-7118c6791781.jpg?w=300&h=300","cleanUrl":"https:\/\/bokunprod.imgix.net\/2486660a-b5a5-4061-825b-7118c6791781.jpg?w=300&h=300"},{"name":"thumbnail","url":"https:\/\/bokunprod.imgix.net\/2486660a-b5a5-4061-825b-7118c6791781.jpg?w=80&h=80&fit=crop","cleanUrl":"https:\/\/bokunprod.imgix.net\/2486660a-b5a5-4061-825b-7118c6791781.jpg?w=80&h=80&fit=crop"}],"fileName":"\/2486660a-b5a5-4061-825b-7118c6791781.jpg"}],"videos":[],"fields":{"comboComponentsInventory":null,"bookingCutoffDays":0,"defaultOpeningHours":{"id":64,"created":[2017,8,22,13,6,22,243000000],"monday":{"id":491,"created":[2017,8,22,13,6,22,245000000],"open24Hours":false,"timeIntervals":[{"openFrom":[8,0],"openForHours":8,"openForMinutes":0,"frequency":null}]},"tuesday":{"id":492,"created":[2017,8,22,13,6,22,252000000],"open24Hours":false,"timeIntervals":[{"openFrom":[8,0],"openForHours":8,"openForMinutes":0,"frequency":null}]},"wednesday":{"id":493,"created":[2017,8,22,13,6,22,259000000],"open24Hours":false,"timeIntervals":[{"openFrom":[8,0],"openForHours":8,"openForMinutes":0,"frequency":null}]},"thursday":{"id":494,"created":[2017,8,22,13,6,22,263000000],"open24Hours":false,"timeIntervals":[{"openFrom":[8,0],"openForHours":8,"openForMinutes":0,"frequency":null}]},"friday":{"id":495,"created":[2017,8,22,13,6,22,267000000],"open24Hours":false,"timeIntervals":[{"openFrom":[8,0],"openForHours":8,"openForMinutes":0,"frequency":null}]},"saturday":{"id":496,"created":[2017,8,22,13,6,22,272000000],"open24Hours":false,"timeIntervals":[]},"sunday":{"id":497,"created":[2017,8,22,13,6,22,276000000],"open24Hours":false,"timeIntervals":[]}},"dayOptions":[],"meetingType":"MEET_ON_LOCATION","dayBasedAvailability":false,"seasonalOpeningHours":[{"id":8,"created":[2017,8,22,13,6,22,283000000],"monday":{"id":498,"created":[2017,8,22,13,6,22,283000000],"open24Hours":false,"timeIntervals":[{"openFrom":[8,0],"openForHours":10,"openForMinutes":0,"frequency":null}]},"tuesday":{"id":499,"created":[2017,8,22,13,6,22,287000000],"open24Hours":false,"timeIntervals":[{"openFrom":[8,0],"openForHours":10,"openForMinutes":0,"frequency":null}]},"wednesday":{"id":500,"created":[2017,8,22,13,6,22,293000000],"open24Hours":false,"timeIntervals":[{"openFrom":[8,0],"openForHours":10,"openForMinutes":0,"frequency":null}]},"thursday":{"id":501,"created":[2017,8,22,13,6,22,297000000],"open24Hours":false,"timeIntervals":[{"openFrom":[8,0],"openForHours":10,"openForMinutes":0,"frequency":null}]},"friday":{"id":502,"created":[2017,8,22,13,6,22,301000000],"open24Hours":false,"timeIntervals":[{"openFrom":[8,0],"openForHours":10,"openForMinutes":0,"frequency":null}]},"saturday":{"id":503,"created":[2017,8,22,13,6,22,305000000],"open24Hours":false,"timeIntervals":[{"openFrom":[8,30],"openForHours":8,"openForMinutes":0,"frequency":null}]},"sunday":{"id":504,"created":[2017,8,22,13,6,22,310000000],"open24Hours":false,"timeIntervals":[{"openFrom":[10,0],"openForHours":5,"openForMinutes":0,"frequency":null}]},"startMonth":6,"startDay":1,"endMonth":8,"endDay":31}],"bookingCutoffMinutes":0,"selectFromDayOptions":false,"comboComponents":[],"bookingCutoffHours":1,"comboActivity":false,"bookingCutoffWeeks":0}},{"id":"19037","externalId":"wt-phd","productGroupId":0,"title":"The Prime Hiking Destination","summary":"Due to the harsh nature and remoteness the Hornstrandir area was abandoned completely by the last of its inhabitants in the early 1950\u2019s. Since 1974 the flora and fauna has been protected and now arctic foxes, birds, seals and plants have thrived undisturbed.\r\n\r\nOn this hike the guide leads you through the singular history of the area and the unspoiled nature; untouched by cars, electricity or domestic animals. The boat leaves \u00cdsafj\u00f6r\u00f0ur in the morning for the abandoned village of Hesteyri. Continuing on foot between the creeks and bays to another abandoned settlement at L\u00e1trar, we pass the ruins of the old farm Ne\u00f0ri-Mi\u00f0v\u00edk and, crossing the mountain, enjoy a spectacular and panoramic view across A\u00f0alv\u00edk bay and Straumnes mountain. Returning by boat from L\u00e1trar in A\u00f0alv\u00edk bay in the evening.\r\n \r\nThis is a hike for people in a good shape. Hiking distance is about 12 km on rough ground and elevation is of about 300 meters.\r\n \r\nAdditionally you can order a fresh and homemade lunch package consisting of two bread buns, a power bar and a muffin for 2.100 ISK each.","excerpt":"","price":32900,"vendor":{"id":110,"title":"Vesturfer\u00f0ir ehf","externalId":"","flags":[]},"box":false,"inventoryLocal":true,"boxedProductId":0,"boxedSupplierId":0,"keywords":[],"flags":[],"baseLanguage":"en","languages":["EN"],"paymentCurrencies":[],"customFields":[],"places":[],"keyPhoto":{"id":60253,"originalUrl":"https:\/\/bokun.s3.amazonaws.com\/c0e7fb12-e739-4aa4-8299-709b0c1d310e.jpg","description":"","alternateText":"","flags":[],"derived":[{"name":"large","url":"https:\/\/bokunprod.imgix.net\/c0e7fb12-e739-4aa4-8299-709b0c1d310e.jpg?w=660&h=660","cleanUrl":"https:\/\/bokunprod.imgix.net\/c0e7fb12-e739-4aa4-8299-709b0c1d310e.jpg?w=660&h=660"},{"name":"preview","url":"https:\/\/bokunprod.imgix.net\/c0e7fb12-e739-4aa4-8299-709b0c1d310e.jpg?w=300&h=300","cleanUrl":"https:\/\/bokunprod.imgix.net\/c0e7fb12-e739-4aa4-8299-709b0c1d310e.jpg?w=300&h=300"},{"name":"thumbnail","url":"https:\/\/bokunprod.imgix.net\/c0e7fb12-e739-4aa4-8299-709b0c1d310e.jpg?w=80&h=80&fit=crop","cleanUrl":"https:\/\/bokunprod.imgix.net\/c0e7fb12-e739-4aa4-8299-709b0c1d310e.jpg?w=80&h=80&fit=crop"}],"fileName":"\/c0e7fb12-e739-4aa4-8299-709b0c1d310e.jpg"},"photos":[{"id":60252,"originalUrl":"https:\/\/bokun.s3.amazonaws.com\/d3aa4b08-e624-4200-9c31-42bda1152a7f.jpg","description":null,"alternateText":null,"flags":[],"derived":[{"name":"large","url":"https:\/\/bokunprod.imgix.net\/d3aa4b08-e624-4200-9c31-42bda1152a7f.jpg?w=660&h=660","cleanUrl":"https:\/\/bokunprod.imgix.net\/d3aa4b08-e624-4200-9c31-42bda1152a7f.jpg?w=660&h=660"},{"name":"preview","url":"https:\/\/bokunprod.imgix.net\/d3aa4b08-e624-4200-9c31-42bda1152a7f.jpg?w=300&h=300","cleanUrl":"https:\/\/bokunprod.imgix.net\/d3aa4b08-e624-4200-9c31-42bda1152a7f.jpg?w=300&h=300"},{"name":"thumbnail","url":"https:\/\/bokunprod.imgix.net\/d3aa4b08-e624-4200-9c31-42bda1152a7f.jpg?w=80&h=80&fit=crop","cleanUrl":"https:\/\/bokunprod.imgix.net\/d3aa4b08-e624-4200-9c31-42bda1152a7f.jpg?w=80&h=80&fit=crop"}],"fileName":"\/d3aa4b08-e624-4200-9c31-42bda1152a7f.jpg"},{"id":60253,"originalUrl":"https:\/\/bokun.s3.amazonaws.com\/c0e7fb12-e739-4aa4-8299-709b0c1d310e.jpg","description":"","alternateText":"","flags":[],"derived":[{"name":"large","url":"https:\/\/bokunprod.imgix.net\/c0e7fb12-e739-4aa4-8299-709b0c1d310e.jpg?w=660&h=660","cleanUrl":"https:\/\/bokunprod.imgix.net\/c0e7fb12-e739-4aa4-8299-709b0c1d310e.jpg?w=660&h=660"},{"name":"preview","url":"https:\/\/bokunprod.imgix.net\/c0e7fb12-e739-4aa4-8299-709b0c1d310e.jpg?w=300&h=300","cleanUrl":"https:\/\/bokunprod.imgix.net\/c0e7fb12-e739-4aa4-8299-709b0c1d310e.jpg?w=300&h=300"},{"name":"thumbnail","url":"https:\/\/bokunprod.imgix.net\/c0e7fb12-e739-4aa4-8299-709b0c1d310e.jpg?w=80&h=80&fit=crop","cleanUrl":"https:\/\/bokunprod.imgix.net\/c0e7fb12-e739-4aa4-8299-709b0c1d310e.jpg?w=80&h=80&fit=crop"}],"fileName":"\/c0e7fb12-e739-4aa4-8299-709b0c1d310e.jpg"},{"id":60254,"originalUrl":"https:\/\/bokun.s3.amazonaws.com\/c3a34d8b-097d-40eb-8c67-32dc1e90cfa4.jpg","description":null,"alternateText":null,"flags":[],"derived":[{"name":"large","url":"https:\/\/bokunprod.imgix.net\/c3a34d8b-097d-40eb-8c67-32dc1e90cfa4.jpg?w=660&h=660","cleanUrl":"https:\/\/bokunprod.imgix.net\/c3a34d8b-097d-40eb-8c67-32dc1e90cfa4.jpg?w=660&h=660"},{"name":"preview","url":"https:\/\/bokunprod.imgix.net\/c3a34d8b-097d-40eb-8c67-32dc1e90cfa4.jpg?w=300&h=300","cleanUrl":"https:\/\/bokunprod.imgix.net\/c3a34d8b-097d-40eb-8c67-32dc1e90cfa4.jpg?w=300&h=300"},{"name":"thumbnail","url":"https:\/\/bokunprod.imgix.net\/c3a34d8b-097d-40eb-8c67-32dc1e90cfa4.jpg?w=80&h=80&fit=crop","cleanUrl":"https:\/\/bokunprod.imgix.net\/c3a34d8b-097d-40eb-8c67-32dc1e90cfa4.jpg?w=80&h=80&fit=crop"}],"fileName":"\/c3a34d8b-097d-40eb-8c67-32dc1e90cfa4.jpg"},{"id":60255,"originalUrl":"https:\/\/bokun.s3.amazonaws.com\/bca0be10-d343-4b40-983f-4a6d5b72577e.jpg","description":null,"alternateText":null,"flags":[],"derived":[{"name":"large","url":"https:\/\/bokunprod.imgix.net\/bca0be10-d343-4b40-983f-4a6d5b72577e.jpg?w=660&h=660","cleanUrl":"https:\/\/bokunprod.imgix.net\/bca0be10-d343-4b40-983f-4a6d5b72577e.jpg?w=660&h=660"},{"name":"preview","url":"https:\/\/bokunprod.imgix.net\/bca0be10-d343-4b40-983f-4a6d5b72577e.jpg?w=300&h=300","cleanUrl":"https:\/\/bokunprod.imgix.net\/bca0be10-d343-4b40-983f-4a6d5b72577e.jpg?w=300&h=300"},{"name":"thumbnail","url":"https:\/\/bokunprod.imgix.net\/bca0be10-d343-4b40-983f-4a6d5b72577e.jpg?w=80&h=80&fit=crop","cleanUrl":"https:\/\/bokunprod.imgix.net\/bca0be10-d343-4b40-983f-4a6d5b72577e.jpg?w=80&h=80&fit=crop"}],"fileName":"\/bca0be10-d343-4b40-983f-4a6d5b72577e.jpg"},{"id":60256,"originalUrl":"https:\/\/bokun.s3.amazonaws.com\/ad44aed9-f042-49c5-8a72-a2ad94799591.jpg","description":null,"alternateText":null,"flags":[],"derived":[{"name":"large","url":"https:\/\/bokunprod.imgix.net\/ad44aed9-f042-49c5-8a72-a2ad94799591.jpg?w=660&h=660","cleanUrl":"https:\/\/bokunprod.imgix.net\/ad44aed9-f042-49c5-8a72-a2ad94799591.jpg?w=660&h=660"},{"name":"preview","url":"https:\/\/bokunprod.imgix.net\/ad44aed9-f042-49c5-8a72-a2ad94799591.jpg?w=300&h=300","cleanUrl":"https:\/\/bokunprod.imgix.net\/ad44aed9-f042-49c5-8a72-a2ad94799591.jpg?w=300&h=300"},{"name":"thumbnail","url":"https:\/\/bokunprod.imgix.net\/ad44aed9-f042-49c5-8a72-a2ad94799591.jpg?w=80&h=80&fit=crop","cleanUrl":"https:\/\/bokunprod.imgix.net\/ad44aed9-f042-49c5-8a72-a2ad94799591.jpg?w=80&h=80&fit=crop"}],"fileName":"\/ad44aed9-f042-49c5-8a72-a2ad94799591.jpg"},{"id":60257,"originalUrl":"https:\/\/bokun.s3.amazonaws.com\/3ee0af75-c8bb-4d82-a9bc-27e8ceca1b3f.jpg","description":null,"alternateText":null,"flags":[],"derived":[{"name":"large","url":"https:\/\/bokunprod.imgix.net\/3ee0af75-c8bb-4d82-a9bc-27e8ceca1b3f.jpg?w=660&h=660","cleanUrl":"https:\/\/bokunprod.imgix.net\/3ee0af75-c8bb-4d82-a9bc-27e8ceca1b3f.jpg?w=660&h=660"},{"name":"preview","url":"https:\/\/bokunprod.imgix.net\/3ee0af75-c8bb-4d82-a9bc-27e8ceca1b3f.jpg?w=300&h=300","cleanUrl":"https:\/\/bokunprod.imgix.net\/3ee0af75-c8bb-4d82-a9bc-27e8ceca1b3f.jpg?w=300&h=300"},{"name":"thumbnail","url":"https:\/\/bokunprod.imgix.net\/3ee0af75-c8bb-4d82-a9bc-27e8ceca1b3f.jpg?w=80&h=80&fit=crop","cleanUrl":"https:\/\/bokunprod.imgix.net\/3ee0af75-c8bb-4d82-a9bc-27e8ceca1b3f.jpg?w=80&h=80&fit=crop"}],"fileName":"\/3ee0af75-c8bb-4d82-a9bc-27e8ceca1b3f.jpg"},{"id":60258,"originalUrl":"https:\/\/bokun.s3.amazonaws.com\/5dc6da8d-87d3-4e53-85cd-784b64bb4d55.jpg","description":null,"alternateText":null,"flags":[],"derived":[{"name":"large","url":"https:\/\/bokunprod.imgix.net\/5dc6da8d-87d3-4e53-85cd-784b64bb4d55.jpg?w=660&h=660","cleanUrl":"https:\/\/bokunprod.imgix.net\/5dc6da8d-87d3-4e53-85cd-784b64bb4d55.jpg?w=660&h=660"},{"name":"preview","url":"https:\/\/bokunprod.imgix.net\/5dc6da8d-87d3-4e53-85cd-784b64bb4d55.jpg?w=300&h=300","cleanUrl":"https:\/\/bokunprod.imgix.net\/5dc6da8d-87d3-4e53-85cd-784b64bb4d55.jpg?w=300&h=300"},{"name":"thumbnail","url":"https:\/\/bokunprod.imgix.net\/5dc6da8d-87d3-4e53-85cd-784b64bb4d55.jpg?w=80&h=80&fit=crop","cleanUrl":"https:\/\/bokunprod.imgix.net\/5dc6da8d-87d3-4e53-85cd-784b64bb4d55.jpg?w=80&h=80&fit=crop"}],"fileName":"\/5dc6da8d-87d3-4e53-85cd-784b64bb4d55.jpg"},{"id":60259,"originalUrl":"https:\/\/bokun.s3.amazonaws.com\/8fb65e9f-3c75-4635-9ea1-76cb65946250.jpg","description":null,"alternateText":null,"flags":[],"derived":[{"name":"large","url":"https:\/\/bokunprod.imgix.net\/8fb65e9f-3c75-4635-9ea1-76cb65946250.jpg?w=660&h=660","cleanUrl":"https:\/\/bokunprod.imgix.net\/8fb65e9f-3c75-4635-9ea1-76cb65946250.jpg?w=660&h=660"},{"name":"preview","url":"https:\/\/bokunprod.imgix.net\/8fb65e9f-3c75-4635-9ea1-76cb65946250.jpg?w=300&h=300","cleanUrl":"https:\/\/bokunprod.imgix.net\/8fb65e9f-3c75-4635-9ea1-76cb65946250.jpg?w=300&h=300"},{"name":"thumbnail","url":"https:\/\/bokunprod.imgix.net\/8fb65e9f-3c75-4635-9ea1-76cb65946250.jpg?w=80&h=80&fit=crop","cleanUrl":"https:\/\/bokunprod.imgix.net\/8fb65e9f-3c75-4635-9ea1-76cb65946250.jpg?w=80&h=80&fit=crop"}],"fileName":"\/8fb65e9f-3c75-4635-9ea1-76cb65946250.jpg"},{"id":60260,"originalUrl":"https:\/\/bokun.s3.amazonaws.com\/f024f266-a9c2-4553-b996-bfa9cd5f30fe.jpg","description":null,"alternateText":null,"flags":[],"derived":[{"name":"large","url":"https:\/\/bokunprod.imgix.net\/f024f266-a9c2-4553-b996-bfa9cd5f30fe.jpg?w=660&h=660","cleanUrl":"https:\/\/bokunprod.imgix.net\/f024f266-a9c2-4553-b996-bfa9cd5f30fe.jpg?w=660&h=660"},{"name":"preview","url":"https:\/\/bokunprod.imgix.net\/f024f266-a9c2-4553-b996-bfa9cd5f30fe.jpg?w=300&h=300","cleanUrl":"https:\/\/bokunprod.imgix.net\/f024f266-a9c2-4553-b996-bfa9cd5f30fe.jpg?w=300&h=300"},{"name":"thumbnail","url":"https:\/\/bokunprod.imgix.net\/f024f266-a9c2-4553-b996-bfa9cd5f30fe.jpg?w=80&h=80&fit=crop","cleanUrl":"https:\/\/bokunprod.imgix.net\/f024f266-a9c2-4553-b996-bfa9cd5f30fe.jpg?w=80&h=80&fit=crop"}],"fileName":"\/f024f266-a9c2-4553-b996-bfa9cd5f30fe.jpg"},{"id":60261,"originalUrl":"https:\/\/bokun.s3.amazonaws.com\/3103d82f-982d-47f6-a453-24778b1e6875.jpg","description":null,"alternateText":null,"flags":[],"derived":[{"name":"large","url":"https:\/\/bokunprod.imgix.net\/3103d82f-982d-47f6-a453-24778b1e6875.jpg?w=660&h=660","cleanUrl":"https:\/\/bokunprod.imgix.net\/3103d82f-982d-47f6-a453-24778b1e6875.jpg?w=660&h=660"},{"name":"preview","url":"https:\/\/bokunprod.imgix.net\/3103d82f-982d-47f6-a453-24778b1e6875.jpg?w=300&h=300","cleanUrl":"https:\/\/bokunprod.imgix.net\/3103d82f-982d-47f6-a453-24778b1e6875.jpg?w=300&h=300"},{"name":"thumbnail","url":"https:\/\/bokunprod.imgix.net\/3103d82f-982d-47f6-a453-24778b1e6875.jpg?w=80&h=80&fit=crop","cleanUrl":"https:\/\/bokunprod.imgix.net\/3103d82f-982d-47f6-a453-24778b1e6875.jpg?w=80&h=80&fit=crop"}],"fileName":"\/3103d82f-982d-47f6-a453-24778b1e6875.jpg"},{"id":60262,"originalUrl":"https:\/\/bokun.s3.amazonaws.com\/c750e8b2-9987-4126-b8a0-ecb29dd7fbf4.jpg","description":null,"alternateText":null,"flags":[],"derived":[{"name":"large","url":"https:\/\/bokunprod.imgix.net\/c750e8b2-9987-4126-b8a0-ecb29dd7fbf4.jpg?w=660&h=660","cleanUrl":"https:\/\/bokunprod.imgix.net\/c750e8b2-9987-4126-b8a0-ecb29dd7fbf4.jpg?w=660&h=660"},{"name":"preview","url":"https:\/\/bokunprod.imgix.net\/c750e8b2-9987-4126-b8a0-ecb29dd7fbf4.jpg?w=300&h=300","cleanUrl":"https:\/\/bokunprod.imgix.net\/c750e8b2-9987-4126-b8a0-ecb29dd7fbf4.jpg?w=300&h=300"},{"name":"thumbnail","url":"https:\/\/bokunprod.imgix.net\/c750e8b2-9987-4126-b8a0-ecb29dd7fbf4.jpg?w=80&h=80&fit=crop","cleanUrl":"https:\/\/bokunprod.imgix.net\/c750e8b2-9987-4126-b8a0-ecb29dd7fbf4.jpg?w=80&h=80&fit=crop"}],"fileName":"\/c750e8b2-9987-4126-b8a0-ecb29dd7fbf4.jpg"},{"id":60263,"originalUrl":"https:\/\/bokun.s3.amazonaws.com\/126e49f0-c90c-43ae-b9b2-7223681ec78d.jpg","description":null,"alternateText":null,"flags":[],"derived":[{"name":"large","url":"https:\/\/bokunprod.imgix.net\/126e49f0-c90c-43ae-b9b2-7223681ec78d.jpg?w=660&h=660","cleanUrl":"https:\/\/bokunprod.imgix.net\/126e49f0-c90c-43ae-b9b2-7223681ec78d.jpg?w=660&h=660"},{"name":"preview","url":"https:\/\/bokunprod.imgix.net\/126e49f0-c90c-43ae-b9b2-7223681ec78d.jpg?w=300&h=300","cleanUrl":"https:\/\/bokunprod.imgix.net\/126e49f0-c90c-43ae-b9b2-7223681ec78d.jpg?w=300&h=300"},{"name":"thumbnail","url":"https:\/\/bokunprod.imgix.net\/126e49f0-c90c-43ae-b9b2-7223681ec78d.jpg?w=80&h=80&fit=crop","cleanUrl":"https:\/\/bokunprod.imgix.net\/126e49f0-c90c-43ae-b9b2-7223681ec78d.jpg?w=80&h=80&fit=crop"}],"fileName":"\/126e49f0-c90c-43ae-b9b2-7223681ec78d.jpg"}],"videos":[],"fields":{"comboComponentsInventory":null,"bookingCutoffDays":1,"defaultOpeningHours":{"id":80,"created":[2017,8,28,11,24,28,456000000],"monday":{"id":652,"created":[2017,8,28,11,24,28,459000000],"open24Hours":false,"timeIntervals":[{"openFrom":[8,0],"openForHours":10,"openForMinutes":0,"frequency":null}]},"tuesday":{"id":653,"created":[2017,8,28,11,24,28,467000000],"open24Hours":false,"timeIntervals":[{"openFrom":[8,0],"openForHours":10,"openForMinutes":0,"frequency":null}]},"wednesday":{"id":654,"created":[2017,8,28,11,24,28,474000000],"open24Hours":false,"timeIntervals":[{"openFrom":[8,0],"openForHours":10,"openForMinutes":0,"frequency":null}]},"thursday":{"id":655,"created":[2017,8,28,11,24,28,480000000],"open24Hours":false,"timeIntervals":[{"openFrom":[8,0],"openForHours":10,"openForMinutes":0,"frequency":null}]},"friday":{"id":656,"created":[2017,8,28,11,24,28,487000000],"open24Hours":false,"timeIntervals":[{"openFrom":[8,0],"openForHours":10,"openForMinutes":0,"frequency":null}]},"saturday":{"id":657,"created":[2017,8,28,11,24,28,493000000],"open24Hours":false,"timeIntervals":[{"openFrom":[8,30],"openForHours":8,"openForMinutes":0,"frequency":null}]},"sunday":{"id":658,"created":[2017,8,28,11,24,28,499000000],"open24Hours":false,"timeIntervals":[{"openFrom":[10,0],"openForHours":5,"openForMinutes":0,"frequency":null}]}},"dayOptions":[],"meetingType":"MEET_ON_LOCATION","dayBasedAvailability":false,"seasonalOpeningHours":[{"id":15,"created":[2017,8,28,11,24,28,510000000],"monday":{"id":659,"created":[2017,8,28,11,24,28,510000000],"open24Hours":false,"timeIntervals":[{"openFrom":[8,0],"openForHours":8,"openForMinutes":0,"frequency":null}]},"tuesday":{"id":660,"created":[2017,8,28,11,24,28,516000000],"open24Hours":false,"timeIntervals":[{"openFrom":[8,0],"openForHours":8,"openForMinutes":0,"frequency":null}]},"wednesday":{"id":661,"created":[2017,8,28,11,24,28,522000000],"open24Hours":false,"timeIntervals":[{"openFrom":[8,0],"openForHours":8,"openForMinutes":0,"frequency":null}]},"thursday":{"id":662,"created":[2017,8,28,11,24,28,528000000],"open24Hours":false,"timeIntervals":[{"openFrom":[8,0],"openForHours":8,"openForMinutes":0,"frequency":null}]},"friday":{"id":663,"created":[2017,8,28,11,24,28,533000000],"open24Hours":false,"timeIntervals":[{"openFrom":[8,0],"openForHours":8,"openForMinutes":0,"frequency":null}]},"saturday":{"id":664,"created":[2017,8,28,11,24,28,540000000],"open24Hours":false,"timeIntervals":[]},"sunday":{"id":665,"created":[2017,8,28,11,24,28,546000000],"open24Hours":false,"timeIntervals":[]},"startMonth":9,"startDay":1,"endMonth":5,"endDay":31}],"bookingCutoffMinutes":0,"selectFromDayOptions":false,"comboComponents":[],"bookingCutoffHours":0,"comboActivity":false,"bookingCutoffWeeks":0}},{"id":"19039","externalId":"wt-hah","productGroupId":0,"title":"History at Hesteyri","summary":"Beautiful scenery and rich history at Hesteyri. The landscape in J\u00f6kulfir\u00f0ir (Glacier fjords) is beautiful with its impressive, steep snow-flecked mountains and its quiet and secluded coves. The only means of transportation is by boat. In the late 1940\u2019s, the people of the village Hesteyri, without electricity and roads, made a common decision to move away, and in 1952 the village stood totally abandoned.\r\n\r\nThe village is only to be reached by boat and the boat ride from \u00cdsafj\u00f6r\u00f0ur takes about 70 minutes. Upon arrival at Hesteyri the guide will take you for a walk around the village. On your way you\u00b4ll get an insight of the history, how it was to live almost on the edge of the earth, and enjoy the pure, colorful nature. The walk ends in the old Doctor\u00b4s house where you\u00b4ll be served traditional Icelandic refreshments. If lucky you\u00b4ll get a chance to see seals, arctic foxes or a whale on the way back to \u00cdsafj\u00f6r\u00f0ur.\r\n","excerpt":"","price":14400,"vendor":{"id":110,"title":"Vesturfer\u00f0ir ehf","externalId":"","flags":[]},"box":false,"inventoryLocal":true,"boxedProductId":0,"boxedSupplierId":0,"keywords":[],"flags":[],"baseLanguage":"en","languages":["EN"],"paymentCurrencies":[],"customFields":[],"places":[],"keyPhoto":{"id":60265,"originalUrl":"https:\/\/bokun.s3.amazonaws.com\/73f8057c-76f9-40c9-b94a-80f229828673.jpg","description":"","alternateText":"","flags":[],"derived":[{"name":"large","url":"https:\/\/bokunprod.imgix.net\/73f8057c-76f9-40c9-b94a-80f229828673.jpg?w=660&h=660","cleanUrl":"https:\/\/bokunprod.imgix.net\/73f8057c-76f9-40c9-b94a-80f229828673.jpg?w=660&h=660"},{"name":"preview","url":"https:\/\/bokunprod.imgix.net\/73f8057c-76f9-40c9-b94a-80f229828673.jpg?w=300&h=300","cleanUrl":"https:\/\/bokunprod.imgix.net\/73f8057c-76f9-40c9-b94a-80f229828673.jpg?w=300&h=300"},{"name":"thumbnail","url":"https:\/\/bokunprod.imgix.net\/73f8057c-76f9-40c9-b94a-80f229828673.jpg?w=80&h=80&fit=crop","cleanUrl":"https:\/\/bokunprod.imgix.net\/73f8057c-76f9-40c9-b94a-80f229828673.jpg?w=80&h=80&fit=crop"}],"fileName":"\/73f8057c-76f9-40c9-b94a-80f229828673.jpg"},"photos":[{"id":60265,"originalUrl":"https:\/\/bokun.s3.amazonaws.com\/73f8057c-76f9-40c9-b94a-80f229828673.jpg","description":"","alternateText":"","flags":[],"derived":[{"name":"large","url":"https:\/\/bokunprod.imgix.net\/73f8057c-76f9-40c9-b94a-80f229828673.jpg?w=660&h=660","cleanUrl":"https:\/\/bokunprod.imgix.net\/73f8057c-76f9-40c9-b94a-80f229828673.jpg?w=660&h=660"},{"name":"preview","url":"https:\/\/bokunprod.imgix.net\/73f8057c-76f9-40c9-b94a-80f229828673.jpg?w=300&h=300","cleanUrl":"https:\/\/bokunprod.imgix.net\/73f8057c-76f9-40c9-b94a-80f229828673.jpg?w=300&h=300"},{"name":"thumbnail","url":"https:\/\/bokunprod.imgix.net\/73f8057c-76f9-40c9-b94a-80f229828673.jpg?w=80&h=80&fit=crop","cleanUrl":"https:\/\/bokunprod.imgix.net\/73f8057c-76f9-40c9-b94a-80f229828673.jpg?w=80&h=80&fit=crop"}],"fileName":"\/73f8057c-76f9-40c9-b94a-80f229828673.jpg"},{"id":60266,"originalUrl":"https:\/\/bokun.s3.amazonaws.com\/4516a1c3-1e85-450f-8189-8ff96fbffe34.jpg","description":null,"alternateText":null,"flags":[],"derived":[{"name":"large","url":"https:\/\/bokunprod.imgix.net\/4516a1c3-1e85-450f-8189-8ff96fbffe34.jpg?w=660&h=660","cleanUrl":"https:\/\/bokunprod.imgix.net\/4516a1c3-1e85-450f-8189-8ff96fbffe34.jpg?w=660&h=660"},{"name":"preview","url":"https:\/\/bokunprod.imgix.net\/4516a1c3-1e85-450f-8189-8ff96fbffe34.jpg?w=300&h=300","cleanUrl":"https:\/\/bokunprod.imgix.net\/4516a1c3-1e85-450f-8189-8ff96fbffe34.jpg?w=300&h=300"},{"name":"thumbnail","url":"https:\/\/bokunprod.imgix.net\/4516a1c3-1e85-450f-8189-8ff96fbffe34.jpg?w=80&h=80&fit=crop","cleanUrl":"https:\/\/bokunprod.imgix.net\/4516a1c3-1e85-450f-8189-8ff96fbffe34.jpg?w=80&h=80&fit=crop"}],"fileName":"\/4516a1c3-1e85-450f-8189-8ff96fbffe34.jpg"},{"id":60267,"originalUrl":"https:\/\/bokun.s3.amazonaws.com\/a55670b6-3e59-4d9b-a4c0-a9b74d40998a.jpg","description":null,"alternateText":null,"flags":[],"derived":[{"name":"large","url":"https:\/\/bokunprod.imgix.net\/a55670b6-3e59-4d9b-a4c0-a9b74d40998a.jpg?w=660&h=660","cleanUrl":"https:\/\/bokunprod.imgix.net\/a55670b6-3e59-4d9b-a4c0-a9b74d40998a.jpg?w=660&h=660"},{"name":"preview","url":"https:\/\/bokunprod.imgix.net\/a55670b6-3e59-4d9b-a4c0-a9b74d40998a.jpg?w=300&h=300","cleanUrl":"https:\/\/bokunprod.imgix.net\/a55670b6-3e59-4d9b-a4c0-a9b74d40998a.jpg?w=300&h=300"},{"name":"thumbnail","url":"https:\/\/bokunprod.imgix.net\/a55670b6-3e59-4d9b-a4c0-a9b74d40998a.jpg?w=80&h=80&fit=crop","cleanUrl":"https:\/\/bokunprod.imgix.net\/a55670b6-3e59-4d9b-a4c0-a9b74d40998a.jpg?w=80&h=80&fit=crop"}],"fileName":"\/a55670b6-3e59-4d9b-a4c0-a9b74d40998a.jpg"},{"id":60268,"originalUrl":"https:\/\/bokun.s3.amazonaws.com\/33b33351-4828-4565-a3bb-b7ba0b9b96eb.jpg","description":null,"alternateText":null,"flags":[],"derived":[{"name":"large","url":"https:\/\/bokunprod.imgix.net\/33b33351-4828-4565-a3bb-b7ba0b9b96eb.jpg?w=660&h=660","cleanUrl":"https:\/\/bokunprod.imgix.net\/33b33351-4828-4565-a3bb-b7ba0b9b96eb.jpg?w=660&h=660"},{"name":"preview","url":"https:\/\/bokunprod.imgix.net\/33b33351-4828-4565-a3bb-b7ba0b9b96eb.jpg?w=300&h=300","cleanUrl":"https:\/\/bokunprod.imgix.net\/33b33351-4828-4565-a3bb-b7ba0b9b96eb.jpg?w=300&h=300"},{"name":"thumbnail","url":"https:\/\/bokunprod.imgix.net\/33b33351-4828-4565-a3bb-b7ba0b9b96eb.jpg?w=80&h=80&fit=crop","cleanUrl":"https:\/\/bokunprod.imgix.net\/33b33351-4828-4565-a3bb-b7ba0b9b96eb.jpg?w=80&h=80&fit=crop"}],"fileName":"\/33b33351-4828-4565-a3bb-b7ba0b9b96eb.jpg"},{"id":60269,"originalUrl":"https:\/\/bokun.s3.amazonaws.com\/c512d858-fd25-47c0-a13d-fe90d2ec6b52.jpg","description":null,"alternateText":null,"flags":[],"derived":[{"name":"large","url":"https:\/\/bokunprod.imgix.net\/c512d858-fd25-47c0-a13d-fe90d2ec6b52.jpg?w=660&h=660","cleanUrl":"https:\/\/bokunprod.imgix.net\/c512d858-fd25-47c0-a13d-fe90d2ec6b52.jpg?w=660&h=660"},{"name":"preview","url":"https:\/\/bokunprod.imgix.net\/c512d858-fd25-47c0-a13d-fe90d2ec6b52.jpg?w=300&h=300","cleanUrl":"https:\/\/bokunprod.imgix.net\/c512d858-fd25-47c0-a13d-fe90d2ec6b52.jpg?w=300&h=300"},{"name":"thumbnail","url":"https:\/\/bokunprod.imgix.net\/c512d858-fd25-47c0-a13d-fe90d2ec6b52.jpg?w=80&h=80&fit=crop","cleanUrl":"https:\/\/bokunprod.imgix.net\/c512d858-fd25-47c0-a13d-fe90d2ec6b52.jpg?w=80&h=80&fit=crop"}],"fileName":"\/c512d858-fd25-47c0-a13d-fe90d2ec6b52.jpg"},{"id":60270,"originalUrl":"https:\/\/bokun.s3.amazonaws.com\/f79a10db-c04f-47d7-9f7a-ec6a753f54ff.jpg","description":null,"alternateText":null,"flags":[],"derived":[{"name":"large","url":"https:\/\/bokunprod.imgix.net\/f79a10db-c04f-47d7-9f7a-ec6a753f54ff.jpg?w=660&h=660","cleanUrl":"https:\/\/bokunprod.imgix.net\/f79a10db-c04f-47d7-9f7a-ec6a753f54ff.jpg?w=660&h=660"},{"name":"preview","url":"https:\/\/bokunprod.imgix.net\/f79a10db-c04f-47d7-9f7a-ec6a753f54ff.jpg?w=300&h=300","cleanUrl":"https:\/\/bokunprod.imgix.net\/f79a10db-c04f-47d7-9f7a-ec6a753f54ff.jpg?w=300&h=300"},{"name":"thumbnail","url":"https:\/\/bokunprod.imgix.net\/f79a10db-c04f-47d7-9f7a-ec6a753f54ff.jpg?w=80&h=80&fit=crop","cleanUrl":"https:\/\/bokunprod.imgix.net\/f79a10db-c04f-47d7-9f7a-ec6a753f54ff.jpg?w=80&h=80&fit=crop"}],"fileName":"\/f79a10db-c04f-47d7-9f7a-ec6a753f54ff.jpg"},{"id":60271,"originalUrl":"https:\/\/bokun.s3.amazonaws.com\/818e5fdf-a549-4cbe-8187-735a60dddf8b.jpg","description":null,"alternateText":null,"flags":[],"derived":[{"name":"large","url":"https:\/\/bokunprod.imgix.net\/818e5fdf-a549-4cbe-8187-735a60dddf8b.jpg?w=660&h=660","cleanUrl":"https:\/\/bokunprod.imgix.net\/818e5fdf-a549-4cbe-8187-735a60dddf8b.jpg?w=660&h=660"},{"name":"preview","url":"https:\/\/bokunprod.imgix.net\/818e5fdf-a549-4cbe-8187-735a60dddf8b.jpg?w=300&h=300","cleanUrl":"https:\/\/bokunprod.imgix.net\/818e5fdf-a549-4cbe-8187-735a60dddf8b.jpg?w=300&h=300"},{"name":"thumbnail","url":"https:\/\/bokunprod.imgix.net\/818e5fdf-a549-4cbe-8187-735a60dddf8b.jpg?w=80&h=80&fit=crop","cleanUrl":"https:\/\/bokunprod.imgix.net\/818e5fdf-a549-4cbe-8187-735a60dddf8b.jpg?w=80&h=80&fit=crop"}],"fileName":"\/818e5fdf-a549-4cbe-8187-735a60dddf8b.jpg"},{"id":60272,"originalUrl":"https:\/\/bokun.s3.amazonaws.com\/6b02747f-d1a2-49c1-8823-ccfc23feda17.jpg","description":null,"alternateText":null,"flags":[],"derived":[{"name":"large","url":"https:\/\/bokunprod.imgix.net\/6b02747f-d1a2-49c1-8823-ccfc23feda17.jpg?w=660&h=660","cleanUrl":"https:\/\/bokunprod.imgix.net\/6b02747f-d1a2-49c1-8823-ccfc23feda17.jpg?w=660&h=660"},{"name":"preview","url":"https:\/\/bokunprod.imgix.net\/6b02747f-d1a2-49c1-8823-ccfc23feda17.jpg?w=300&h=300","cleanUrl":"https:\/\/bokunprod.imgix.net\/6b02747f-d1a2-49c1-8823-ccfc23feda17.jpg?w=300&h=300"},{"name":"thumbnail","url":"https:\/\/bokunprod.imgix.net\/6b02747f-d1a2-49c1-8823-ccfc23feda17.jpg?w=80&h=80&fit=crop","cleanUrl":"https:\/\/bokunprod.imgix.net\/6b02747f-d1a2-49c1-8823-ccfc23feda17.jpg?w=80&h=80&fit=crop"}],"fileName":"\/6b02747f-d1a2-49c1-8823-ccfc23feda17.jpg"},{"id":60273,"originalUrl":"https:\/\/bokun.s3.amazonaws.com\/15c02e64-7298-4865-9fb7-b5b4279eb058.jpg","description":null,"alternateText":null,"flags":[],"derived":[{"name":"large","url":"https:\/\/bokunprod.imgix.net\/15c02e64-7298-4865-9fb7-b5b4279eb058.jpg?w=660&h=660","cleanUrl":"https:\/\/bokunprod.imgix.net\/15c02e64-7298-4865-9fb7-b5b4279eb058.jpg?w=660&h=660"},{"name":"preview","url":"https:\/\/bokunprod.imgix.net\/15c02e64-7298-4865-9fb7-b5b4279eb058.jpg?w=300&h=300","cleanUrl":"https:\/\/bokunprod.imgix.net\/15c02e64-7298-4865-9fb7-b5b4279eb058.jpg?w=300&h=300"},{"name":"thumbnail","url":"https:\/\/bokunprod.imgix.net\/15c02e64-7298-4865-9fb7-b5b4279eb058.jpg?w=80&h=80&fit=crop","cleanUrl":"https:\/\/bokunprod.imgix.net\/15c02e64-7298-4865-9fb7-b5b4279eb058.jpg?w=80&h=80&fit=crop"}],"fileName":"\/15c02e64-7298-4865-9fb7-b5b4279eb058.jpg"},{"id":60274,"originalUrl":"https:\/\/bokun.s3.amazonaws.com\/94ddf3bf-0900-471b-8ff6-1d54d952000a.jpg","description":null,"alternateText":null,"flags":[],"derived":[{"name":"large","url":"https:\/\/bokunprod.imgix.net\/94ddf3bf-0900-471b-8ff6-1d54d952000a.jpg?w=660&h=660","cleanUrl":"https:\/\/bokunprod.imgix.net\/94ddf3bf-0900-471b-8ff6-1d54d952000a.jpg?w=660&h=660"},{"name":"preview","url":"https:\/\/bokunprod.imgix.net\/94ddf3bf-0900-471b-8ff6-1d54d952000a.jpg?w=300&h=300","cleanUrl":"https:\/\/bokunprod.imgix.net\/94ddf3bf-0900-471b-8ff6-1d54d952000a.jpg?w=300&h=300"},{"name":"thumbnail","url":"https:\/\/bokunprod.imgix.net\/94ddf3bf-0900-471b-8ff6-1d54d952000a.jpg?w=80&h=80&fit=crop","cleanUrl":"https:\/\/bokunprod.imgix.net\/94ddf3bf-0900-471b-8ff6-1d54d952000a.jpg?w=80&h=80&fit=crop"}],"fileName":"\/94ddf3bf-0900-471b-8ff6-1d54d952000a.jpg"}],"videos":[],"fields":{"comboComponentsInventory":null,"bookingCutoffDays":1,"defaultOpeningHours":{"id":83,"created":[2017,8,28,12,39,23,842000000],"monday":{"id":694,"created":[2017,8,28,12,39,23,846000000],"open24Hours":false,"timeIntervals":[{"openFrom":[8,0],"openForHours":10,"openForMinutes":0,"frequency":null}]},"tuesday":{"id":695,"created":[2017,8,28,12,39,23,853000000],"open24Hours":false,"timeIntervals":[{"openFrom":[8,0],"openForHours":10,"openForMinutes":0,"frequency":null}]},"wednesday":{"id":696,"created":[2017,8,28,12,39,23,859000000],"open24Hours":false,"timeIntervals":[{"openFrom":[8,0],"openForHours":10,"openForMinutes":0,"frequency":null}]},"thursday":{"id":697,"created":[2017,8,28,12,39,23,866000000],"open24Hours":false,"timeIntervals":[{"openFrom":[8,0],"openForHours":10,"openForMinutes":0,"frequency":null}]},"friday":{"id":698,"created":[2017,8,28,12,39,23,872000000],"open24Hours":false,"timeIntervals":[{"openFrom":[8,0],"openForHours":10,"openForMinutes":0,"frequency":null}]},"saturday":{"id":699,"created":[2017,8,28,12,39,23,879000000],"open24Hours":false,"timeIntervals":[{"openFrom":[8,30],"openForHours":8,"openForMinutes":0,"frequency":null}]},"sunday":{"id":700,"created":[2017,8,28,12,39,23,885000000],"open24Hours":false,"timeIntervals":[{"openFrom":[10,0],"openForHours":5,"openForMinutes":0,"frequency":null}]}},"dayOptions":[],"meetingType":"MEET_ON_LOCATION","dayBasedAvailability":false,"seasonalOpeningHours":[{"id":18,"created":[2017,8,28,12,39,23,896000000],"monday":{"id":701,"created":[2017,8,28,12,39,23,896000000],"open24Hours":false,"timeIntervals":[{"openFrom":[8,0],"openForHours":8,"openForMinutes":0,"frequency":null}]},"tuesday":{"id":702,"created":[2017,8,28,12,39,23,903000000],"open24Hours":false,"timeIntervals":[{"openFrom":[8,0],"openForHours":8,"openForMinutes":0,"frequency":null}]},"wednesday":{"id":703,"created":[2017,8,28,12,39,23,912000000],"open24Hours":false,"timeIntervals":[{"openFrom":[8,0],"openForHours":8,"openForMinutes":0,"frequency":null}]},"thursday":{"id":704,"created":[2017,8,28,12,39,23,919000000],"open24Hours":false,"timeIntervals":[{"openFrom":[8,0],"openForHours":8,"openForMinutes":0,"frequency":null}]},"friday":{"id":705,"created":[2017,8,28,12,39,23,927000000],"open24Hours":false,"timeIntervals":[{"openFrom":[8,0],"openForHours":8,"openForMinutes":0,"frequency":null}]},"saturday":{"id":706,"created":[2017,8,28,12,39,23,934000000],"open24Hours":false,"timeIntervals":[]},"sunday":{"id":707,"created":[2017,8,28,12,39,23,941000000],"open24Hours":false,"timeIntervals":[]},"startMonth":9,"startDay":1,"endMonth":5,"endDay":31}],"bookingCutoffMinutes":0,"selectFromDayOptions":false,"comboComponents":[],"bookingCutoffHours":0,"comboActivity":false,"bookingCutoffWeeks":0}},{"id":"18908","externalId":"wt-vpi","productGroupId":0,"title":"Vigur - Paradise Island","summary":"There is always something charming about small islands, and the harmony of thousands of birds in Vigur completes the beautiful landscape. Over the years, the island Vigur has earned itself a great reputation and is therefore a must on any itinerary. Its five friendly inhabitants welcome you with their relaxed easy manner and somehow, one feels that time stands still in Vigur.\r\n\r\nAfter a half an hour boat ride from \u00cdsafj\u00f6r\u00f0ur, you take a leisurely walk around the island. It\u00b4s a perfect opportunity to see the abundance of birds in their natural environment. The island is a home for thousands of birds e.g. eider ducks, arctic terns, puffins, black guillemot and more. The only windmill in Iceland is located in Vigur. Refreshments are served by the farmer\u2019s family.\r\n\r\nPrior to heading back, you can visit the smallest post office in Europe and send home a card or two. The tour takes approximately 3 hours.","excerpt":"","price":11000,"vendor":{"id":110,"title":"Vesturfer\u00f0ir ehf","externalId":"","flags":[]},"box":false,"inventoryLocal":true,"boxedProductId":0,"boxedSupplierId":0,"keywords":[],"flags":[],"baseLanguage":"en","languages":["EN"],"paymentCurrencies":[],"customFields":[],"places":[],"keyPhoto":{"id":59379,"originalUrl":"https:\/\/bokun.s3.amazonaws.com\/59666dd5-d1a4-434a-8e1a-a155e06bff7d.jpg","description":"Lundar \u00ed Vigur","alternateText":"","flags":[],"derived":[{"name":"large","url":"https:\/\/bokunprod.imgix.net\/59666dd5-d1a4-434a-8e1a-a155e06bff7d.jpg?w=660&h=660","cleanUrl":"https:\/\/bokunprod.imgix.net\/59666dd5-d1a4-434a-8e1a-a155e06bff7d.jpg?w=660&h=660"},{"name":"preview","url":"https:\/\/bokunprod.imgix.net\/59666dd5-d1a4-434a-8e1a-a155e06bff7d.jpg?w=300&h=300","cleanUrl":"https:\/\/bokunprod.imgix.net\/59666dd5-d1a4-434a-8e1a-a155e06bff7d.jpg?w=300&h=300"},{"name":"thumbnail","url":"https:\/\/bokunprod.imgix.net\/59666dd5-d1a4-434a-8e1a-a155e06bff7d.jpg?w=80&h=80&fit=crop","cleanUrl":"https:\/\/bokunprod.imgix.net\/59666dd5-d1a4-434a-8e1a-a155e06bff7d.jpg?w=80&h=80&fit=crop"}],"fileName":"\/59666dd5-d1a4-434a-8e1a-a155e06bff7d.jpg"},"photos":[{"id":59379,"originalUrl":"https:\/\/bokun.s3.amazonaws.com\/59666dd5-d1a4-434a-8e1a-a155e06bff7d.jpg","description":"Lundar \u00ed Vigur","alternateText":"","flags":[],"derived":[{"name":"large","url":"https:\/\/bokunprod.imgix.net\/59666dd5-d1a4-434a-8e1a-a155e06bff7d.jpg?w=660&h=660","cleanUrl":"https:\/\/bokunprod.imgix.net\/59666dd5-d1a4-434a-8e1a-a155e06bff7d.jpg?w=660&h=660"},{"name":"preview","url":"https:\/\/bokunprod.imgix.net\/59666dd5-d1a4-434a-8e1a-a155e06bff7d.jpg?w=300&h=300","cleanUrl":"https:\/\/bokunprod.imgix.net\/59666dd5-d1a4-434a-8e1a-a155e06bff7d.jpg?w=300&h=300"},{"name":"thumbnail","url":"https:\/\/bokunprod.imgix.net\/59666dd5-d1a4-434a-8e1a-a155e06bff7d.jpg?w=80&h=80&fit=crop","cleanUrl":"https:\/\/bokunprod.imgix.net\/59666dd5-d1a4-434a-8e1a-a155e06bff7d.jpg?w=80&h=80&fit=crop"}],"fileName":"\/59666dd5-d1a4-434a-8e1a-a155e06bff7d.jpg"},{"id":59423,"originalUrl":"https:\/\/bokun.s3.amazonaws.com\/436589d6-83be-401e-8099-c6d7d2fc01b2.jpg","description":null,"alternateText":null,"flags":[],"derived":[{"name":"large","url":"https:\/\/bokunprod.imgix.net\/436589d6-83be-401e-8099-c6d7d2fc01b2.jpg?w=660&h=660","cleanUrl":"https:\/\/bokunprod.imgix.net\/436589d6-83be-401e-8099-c6d7d2fc01b2.jpg?w=660&h=660"},{"name":"preview","url":"https:\/\/bokunprod.imgix.net\/436589d6-83be-401e-8099-c6d7d2fc01b2.jpg?w=300&h=300","cleanUrl":"https:\/\/bokunprod.imgix.net\/436589d6-83be-401e-8099-c6d7d2fc01b2.jpg?w=300&h=300"},{"name":"thumbnail","url":"https:\/\/bokunprod.imgix.net\/436589d6-83be-401e-8099-c6d7d2fc01b2.jpg?w=80&h=80&fit=crop","cleanUrl":"https:\/\/bokunprod.imgix.net\/436589d6-83be-401e-8099-c6d7d2fc01b2.jpg?w=80&h=80&fit=crop"}],"fileName":"\/436589d6-83be-401e-8099-c6d7d2fc01b2.jpg"},{"id":59424,"originalUrl":"https:\/\/bokun.s3.amazonaws.com\/99c1f6ae-546e-4a87-87ae-54c277bff7eb.jpg","description":null,"alternateText":null,"flags":[],"derived":[{"name":"large","url":"https:\/\/bokunprod.imgix.net\/99c1f6ae-546e-4a87-87ae-54c277bff7eb.jpg?w=660&h=660","cleanUrl":"https:\/\/bokunprod.imgix.net\/99c1f6ae-546e-4a87-87ae-54c277bff7eb.jpg?w=660&h=660"},{"name":"preview","url":"https:\/\/bokunprod.imgix.net\/99c1f6ae-546e-4a87-87ae-54c277bff7eb.jpg?w=300&h=300","cleanUrl":"https:\/\/bokunprod.imgix.net\/99c1f6ae-546e-4a87-87ae-54c277bff7eb.jpg?w=300&h=300"},{"name":"thumbnail","url":"https:\/\/bokunprod.imgix.net\/99c1f6ae-546e-4a87-87ae-54c277bff7eb.jpg?w=80&h=80&fit=crop","cleanUrl":"https:\/\/bokunprod.imgix.net\/99c1f6ae-546e-4a87-87ae-54c277bff7eb.jpg?w=80&h=80&fit=crop"}],"fileName":"\/99c1f6ae-546e-4a87-87ae-54c277bff7eb.jpg"},{"id":59425,"originalUrl":"https:\/\/bokun.s3.amazonaws.com\/79439e07-a705-4934-a735-0d84572fc772.jpg","description":null,"alternateText":null,"flags":[],"derived":[{"name":"large","url":"https:\/\/bokunprod.imgix.net\/79439e07-a705-4934-a735-0d84572fc772.jpg?w=660&h=660","cleanUrl":"https:\/\/bokunprod.imgix.net\/79439e07-a705-4934-a735-0d84572fc772.jpg?w=660&h=660"},{"name":"preview","url":"https:\/\/bokunprod.imgix.net\/79439e07-a705-4934-a735-0d84572fc772.jpg?w=300&h=300","cleanUrl":"https:\/\/bokunprod.imgix.net\/79439e07-a705-4934-a735-0d84572fc772.jpg?w=300&h=300"},{"name":"thumbnail","url":"https:\/\/bokunprod.imgix.net\/79439e07-a705-4934-a735-0d84572fc772.jpg?w=80&h=80&fit=crop","cleanUrl":"https:\/\/bokunprod.imgix.net\/79439e07-a705-4934-a735-0d84572fc772.jpg?w=80&h=80&fit=crop"}],"fileName":"\/79439e07-a705-4934-a735-0d84572fc772.jpg"},{"id":59426,"originalUrl":"https:\/\/bokun.s3.amazonaws.com\/f5005f14-a204-4e89-8dd7-8b60128432e4.jpg","description":null,"alternateText":null,"flags":[],"derived":[{"name":"large","url":"https:\/\/bokunprod.imgix.net\/f5005f14-a204-4e89-8dd7-8b60128432e4.jpg?w=660&h=660","cleanUrl":"https:\/\/bokunprod.imgix.net\/f5005f14-a204-4e89-8dd7-8b60128432e4.jpg?w=660&h=660"},{"name":"preview","url":"https:\/\/bokunprod.imgix.net\/f5005f14-a204-4e89-8dd7-8b60128432e4.jpg?w=300&h=300","cleanUrl":"https:\/\/bokunprod.imgix.net\/f5005f14-a204-4e89-8dd7-8b60128432e4.jpg?w=300&h=300"},{"name":"thumbnail","url":"https:\/\/bokunprod.imgix.net\/f5005f14-a204-4e89-8dd7-8b60128432e4.jpg?w=80&h=80&fit=crop","cleanUrl":"https:\/\/bokunprod.imgix.net\/f5005f14-a204-4e89-8dd7-8b60128432e4.jpg?w=80&h=80&fit=crop"}],"fileName":"\/f5005f14-a204-4e89-8dd7-8b60128432e4.jpg"},{"id":59427,"originalUrl":"https:\/\/bokun.s3.amazonaws.com\/fde98db1-6df9-4960-9f8f-9814f7b3a9cc.jpg","description":null,"alternateText":null,"flags":[],"derived":[{"name":"large","url":"https:\/\/bokunprod.imgix.net\/fde98db1-6df9-4960-9f8f-9814f7b3a9cc.jpg?w=660&h=660","cleanUrl":"https:\/\/bokunprod.imgix.net\/fde98db1-6df9-4960-9f8f-9814f7b3a9cc.jpg?w=660&h=660"},{"name":"preview","url":"https:\/\/bokunprod.imgix.net\/fde98db1-6df9-4960-9f8f-9814f7b3a9cc.jpg?w=300&h=300","cleanUrl":"https:\/\/bokunprod.imgix.net\/fde98db1-6df9-4960-9f8f-9814f7b3a9cc.jpg?w=300&h=300"},{"name":"thumbnail","url":"https:\/\/bokunprod.imgix.net\/fde98db1-6df9-4960-9f8f-9814f7b3a9cc.jpg?w=80&h=80&fit=crop","cleanUrl":"https:\/\/bokunprod.imgix.net\/fde98db1-6df9-4960-9f8f-9814f7b3a9cc.jpg?w=80&h=80&fit=crop"}],"fileName":"\/fde98db1-6df9-4960-9f8f-9814f7b3a9cc.jpg"},{"id":59428,"originalUrl":"https:\/\/bokun.s3.amazonaws.com\/05b75a7d-908b-46b3-abae-d355001b7cea.jpg","description":null,"alternateText":null,"flags":[],"derived":[{"name":"large","url":"https:\/\/bokunprod.imgix.net\/05b75a7d-908b-46b3-abae-d355001b7cea.jpg?w=660&h=660","cleanUrl":"https:\/\/bokunprod.imgix.net\/05b75a7d-908b-46b3-abae-d355001b7cea.jpg?w=660&h=660"},{"name":"preview","url":"https:\/\/bokunprod.imgix.net\/05b75a7d-908b-46b3-abae-d355001b7cea.jpg?w=300&h=300","cleanUrl":"https:\/\/bokunprod.imgix.net\/05b75a7d-908b-46b3-abae-d355001b7cea.jpg?w=300&h=300"},{"name":"thumbnail","url":"https:\/\/bokunprod.imgix.net\/05b75a7d-908b-46b3-abae-d355001b7cea.jpg?w=80&h=80&fit=crop","cleanUrl":"https:\/\/bokunprod.imgix.net\/05b75a7d-908b-46b3-abae-d355001b7cea.jpg?w=80&h=80&fit=crop"}],"fileName":"\/05b75a7d-908b-46b3-abae-d355001b7cea.jpg"},{"id":59429,"originalUrl":"https:\/\/bokun.s3.amazonaws.com\/d5702c20-91f5-44f6-9552-25786538c913.jpg","description":null,"alternateText":null,"flags":[],"derived":[{"name":"large","url":"https:\/\/bokunprod.imgix.net\/d5702c20-91f5-44f6-9552-25786538c913.jpg?w=660&h=660","cleanUrl":"https:\/\/bokunprod.imgix.net\/d5702c20-91f5-44f6-9552-25786538c913.jpg?w=660&h=660"},{"name":"preview","url":"https:\/\/bokunprod.imgix.net\/d5702c20-91f5-44f6-9552-25786538c913.jpg?w=300&h=300","cleanUrl":"https:\/\/bokunprod.imgix.net\/d5702c20-91f5-44f6-9552-25786538c913.jpg?w=300&h=300"},{"name":"thumbnail","url":"https:\/\/bokunprod.imgix.net\/d5702c20-91f5-44f6-9552-25786538c913.jpg?w=80&h=80&fit=crop","cleanUrl":"https:\/\/bokunprod.imgix.net\/d5702c20-91f5-44f6-9552-25786538c913.jpg?w=80&h=80&fit=crop"}],"fileName":"\/d5702c20-91f5-44f6-9552-25786538c913.jpg"},{"id":59430,"originalUrl":"https:\/\/bokun.s3.amazonaws.com\/e7a31d09-5deb-48bb-b707-0b98f36c9666.jpg","description":null,"alternateText":null,"flags":[],"derived":[{"name":"large","url":"https:\/\/bokunprod.imgix.net\/e7a31d09-5deb-48bb-b707-0b98f36c9666.jpg?w=660&h=660","cleanUrl":"https:\/\/bokunprod.imgix.net\/e7a31d09-5deb-48bb-b707-0b98f36c9666.jpg?w=660&h=660"},{"name":"preview","url":"https:\/\/bokunprod.imgix.net\/e7a31d09-5deb-48bb-b707-0b98f36c9666.jpg?w=300&h=300","cleanUrl":"https:\/\/bokunprod.imgix.net\/e7a31d09-5deb-48bb-b707-0b98f36c9666.jpg?w=300&h=300"},{"name":"thumbnail","url":"https:\/\/bokunprod.imgix.net\/e7a31d09-5deb-48bb-b707-0b98f36c9666.jpg?w=80&h=80&fit=crop","cleanUrl":"https:\/\/bokunprod.imgix.net\/e7a31d09-5deb-48bb-b707-0b98f36c9666.jpg?w=80&h=80&fit=crop"}],"fileName":"\/e7a31d09-5deb-48bb-b707-0b98f36c9666.jpg"},{"id":59431,"originalUrl":"https:\/\/bokun.s3.amazonaws.com\/ee5025de-5dab-462b-94b9-150ec53e97b8.jpg","description":null,"alternateText":null,"flags":[],"derived":[{"name":"large","url":"https:\/\/bokunprod.imgix.net\/ee5025de-5dab-462b-94b9-150ec53e97b8.jpg?w=660&h=660","cleanUrl":"https:\/\/bokunprod.imgix.net\/ee5025de-5dab-462b-94b9-150ec53e97b8.jpg?w=660&h=660"},{"name":"preview","url":"https:\/\/bokunprod.imgix.net\/ee5025de-5dab-462b-94b9-150ec53e97b8.jpg?w=300&h=300","cleanUrl":"https:\/\/bokunprod.imgix.net\/ee5025de-5dab-462b-94b9-150ec53e97b8.jpg?w=300&h=300"},{"name":"thumbnail","url":"https:\/\/bokunprod.imgix.net\/ee5025de-5dab-462b-94b9-150ec53e97b8.jpg?w=80&h=80&fit=crop","cleanUrl":"https:\/\/bokunprod.imgix.net\/ee5025de-5dab-462b-94b9-150ec53e97b8.jpg?w=80&h=80&fit=crop"}],"fileName":"\/ee5025de-5dab-462b-94b9-150ec53e97b8.jpg"}],"videos":[],"fields":{"comboComponentsInventory":null,"bookingCutoffDays":0,"defaultOpeningHours":{"id":60,"created":[2017,8,22,15,15,41,859000000],"monday":{"id":442,"created":[2017,8,22,15,15,41,862000000],"open24Hours":false,"timeIntervals":[{"openFrom":[8,0],"openForHours":10,"openForMinutes":0,"frequency":null}]},"tuesday":{"id":443,"created":[2017,8,22,15,15,41,868000000],"open24Hours":false,"timeIntervals":[{"openFrom":[8,0],"openForHours":10,"openForMinutes":0,"frequency":null}]},"wednesday":{"id":444,"created":[2017,8,22,15,15,41,874000000],"open24Hours":false,"timeIntervals":[{"openFrom":[8,0],"openForHours":10,"openForMinutes":0,"frequency":null}]},"thursday":{"id":445,"created":[2017,8,22,15,15,41,881000000],"open24Hours":false,"timeIntervals":[{"openFrom":[8,0],"openForHours":10,"openForMinutes":0,"frequency":null}]},"friday":{"id":446,"created":[2017,8,22,15,15,41,889000000],"open24Hours":false,"timeIntervals":[{"openFrom":[8,0],"openForHours":10,"openForMinutes":0,"frequency":null}]},"saturday":{"id":447,"created":[2017,8,22,15,15,41,896000000],"open24Hours":false,"timeIntervals":[{"openFrom":[8,30],"openForHours":8,"openForMinutes":0,"frequency":null}]},"sunday":{"id":448,"created":[2017,8,22,15,15,41,901000000],"open24Hours":false,"timeIntervals":[{"openFrom":[10,0],"openForHours":5,"openForMinutes":0,"frequency":null}]}},"dayOptions":[],"meetingType":"MEET_ON_LOCATION","dayBasedAvailability":false,"seasonalOpeningHours":[{"id":5,"created":[2017,8,22,15,15,41,912000000],"monday":{"id":449,"created":[2017,8,22,15,15,41,912000000],"open24Hours":false,"timeIntervals":[{"openFrom":[8,0],"openForHours":8,"openForMinutes":0,"frequency":null}]},"tuesday":{"id":450,"created":[2017,8,22,15,15,41,918000000],"open24Hours":false,"timeIntervals":[{"openFrom":[8,0],"openForHours":8,"openForMinutes":0,"frequency":null}]},"wednesday":{"id":451,"created":[2017,8,22,15,15,41,925000000],"open24Hours":false,"timeIntervals":[{"openFrom":[8,0],"openForHours":8,"openForMinutes":0,"frequency":null}]},"thursday":{"id":452,"created":[2017,8,22,15,15,41,931000000],"open24Hours":false,"timeIntervals":[{"openFrom":[8,0],"openForHours":8,"openForMinutes":0,"frequency":null}]},"friday":{"id":453,"created":[2017,8,22,15,15,41,937000000],"open24Hours":false,"timeIntervals":[{"openFrom":[8,0],"openForHours":8,"openForMinutes":0,"frequency":null}]},"saturday":{"id":454,"created":[2017,8,22,15,15,41,944000000],"open24Hours":false,"timeIntervals":[]},"sunday":{"id":455,"created":[2017,8,22,15,15,41,951000000],"open24Hours":false,"timeIntervals":[]},"startMonth":9,"startDay":1,"endMonth":5,"endDay":31}],"bookingCutoffMinutes":30,"selectFromDayOptions":false,"comboComponents":[],"bookingCutoffHours":0,"comboActivity":false,"bookingCutoffWeeks":0}},{"id":"19047","externalId":"wt-wis","productGroupId":0,"title":"RIB-Boat Whale and Island Safari","summary":"We start with a safety instruction and the distribution of warm overalls and life jackets which you will have to wear on board. It is important to wear warm footwear and even mittens, it gets cold once out on the sea.\r\nThen it\u2019s time to sail into \u00cdsafjar\u00f0ardj\u00fap, the stunning fjord region just off \u00cdsafj\u00f6r\u00f0ur. We are heading to the island Vigur which, during the summer, has a large population of puffins, eider ducks and other seabirds. The locals will greet you with warm and light refreshments. You\u2019ll have the chance to walk around the island and enjoy the beautiful landscape that surrounds the island.\r\nWhen you\u2019ve stayed on the island for a while, it\u2019s time to step on the boat again and do some whale watching. The chances are high that you\u2019ll go close to whales that really like to show off. You might also see puffins and other sea birds having a swim and of course the beautiful landscape.\r\nDon\u2019t forget you camera!\r\n \r\nPlease note that the sailing route and duration can change due to wheather conditions, each tour is unique.","excerpt":"Experience \u00cdsafjar\u00f0ardj\u00fap bay in all it\u2019s glory. This 4 hour exciting safari tours offers you magnificent views over the landscape from the sea and visit to the island Vigur. This is an experience that's difficult to forget!","price":19900,"vendor":{"id":110,"title":"Vesturfer\u00f0ir ehf","externalId":"","flags":[]},"box":false,"inventoryLocal":true,"boxedProductId":0,"boxedSupplierId":0,"keywords":[],"flags":[],"baseLanguage":"en","languages":["EN"],"paymentCurrencies":[],"customFields":[],"places":[],"keyPhoto":{"id":60281,"originalUrl":"https:\/\/bokun.s3.amazonaws.com\/92ff5637-a477-4899-b2b0-315a65e3e2e1.jpg","description":"","alternateText":"","flags":[],"derived":[{"name":"large","url":"https:\/\/bokunprod.imgix.net\/92ff5637-a477-4899-b2b0-315a65e3e2e1.jpg?w=660&h=660","cleanUrl":"https:\/\/bokunprod.imgix.net\/92ff5637-a477-4899-b2b0-315a65e3e2e1.jpg?w=660&h=660"},{"name":"preview","url":"https:\/\/bokunprod.imgix.net\/92ff5637-a477-4899-b2b0-315a65e3e2e1.jpg?w=300&h=300","cleanUrl":"https:\/\/bokunprod.imgix.net\/92ff5637-a477-4899-b2b0-315a65e3e2e1.jpg?w=300&h=300"},{"name":"thumbnail","url":"https:\/\/bokunprod.imgix.net\/92ff5637-a477-4899-b2b0-315a65e3e2e1.jpg?w=80&h=80&fit=crop","cleanUrl":"https:\/\/bokunprod.imgix.net\/92ff5637-a477-4899-b2b0-315a65e3e2e1.jpg?w=80&h=80&fit=crop"}],"fileName":"\/92ff5637-a477-4899-b2b0-315a65e3e2e1.jpg"},"photos":[{"id":60281,"originalUrl":"https:\/\/bokun.s3.amazonaws.com\/92ff5637-a477-4899-b2b0-315a65e3e2e1.jpg","description":"","alternateText":"","flags":[],"derived":[{"name":"large","url":"https:\/\/bokunprod.imgix.net\/92ff5637-a477-4899-b2b0-315a65e3e2e1.jpg?w=660&h=660","cleanUrl":"https:\/\/bokunprod.imgix.net\/92ff5637-a477-4899-b2b0-315a65e3e2e1.jpg?w=660&h=660"},{"name":"preview","url":"https:\/\/bokunprod.imgix.net\/92ff5637-a477-4899-b2b0-315a65e3e2e1.jpg?w=300&h=300","cleanUrl":"https:\/\/bokunprod.imgix.net\/92ff5637-a477-4899-b2b0-315a65e3e2e1.jpg?w=300&h=300"},{"name":"thumbnail","url":"https:\/\/bokunprod.imgix.net\/92ff5637-a477-4899-b2b0-315a65e3e2e1.jpg?w=80&h=80&fit=crop","cleanUrl":"https:\/\/bokunprod.imgix.net\/92ff5637-a477-4899-b2b0-315a65e3e2e1.jpg?w=80&h=80&fit=crop"}],"fileName":"\/92ff5637-a477-4899-b2b0-315a65e3e2e1.jpg"},{"id":60282,"originalUrl":"https:\/\/bokun.s3.amazonaws.com\/7679b9be-ea40-4459-aee9-eb3fe9644f32.jpg","description":null,"alternateText":null,"flags":[],"derived":[{"name":"large","url":"https:\/\/bokunprod.imgix.net\/7679b9be-ea40-4459-aee9-eb3fe9644f32.jpg?w=660&h=660","cleanUrl":"https:\/\/bokunprod.imgix.net\/7679b9be-ea40-4459-aee9-eb3fe9644f32.jpg?w=660&h=660"},{"name":"preview","url":"https:\/\/bokunprod.imgix.net\/7679b9be-ea40-4459-aee9-eb3fe9644f32.jpg?w=300&h=300","cleanUrl":"https:\/\/bokunprod.imgix.net\/7679b9be-ea40-4459-aee9-eb3fe9644f32.jpg?w=300&h=300"},{"name":"thumbnail","url":"https:\/\/bokunprod.imgix.net\/7679b9be-ea40-4459-aee9-eb3fe9644f32.jpg?w=80&h=80&fit=crop","cleanUrl":"https:\/\/bokunprod.imgix.net\/7679b9be-ea40-4459-aee9-eb3fe9644f32.jpg?w=80&h=80&fit=crop"}],"fileName":"\/7679b9be-ea40-4459-aee9-eb3fe9644f32.jpg"},{"id":60283,"originalUrl":"https:\/\/bokun.s3.amazonaws.com\/e36964e3-afa4-4d97-8b2e-7af10499d809.jpg","description":null,"alternateText":null,"flags":[],"derived":[{"name":"large","url":"https:\/\/bokunprod.imgix.net\/e36964e3-afa4-4d97-8b2e-7af10499d809.jpg?w=660&h=660","cleanUrl":"https:\/\/bokunprod.imgix.net\/e36964e3-afa4-4d97-8b2e-7af10499d809.jpg?w=660&h=660"},{"name":"preview","url":"https:\/\/bokunprod.imgix.net\/e36964e3-afa4-4d97-8b2e-7af10499d809.jpg?w=300&h=300","cleanUrl":"https:\/\/bokunprod.imgix.net\/e36964e3-afa4-4d97-8b2e-7af10499d809.jpg?w=300&h=300"},{"name":"thumbnail","url":"https:\/\/bokunprod.imgix.net\/e36964e3-afa4-4d97-8b2e-7af10499d809.jpg?w=80&h=80&fit=crop","cleanUrl":"https:\/\/bokunprod.imgix.net\/e36964e3-afa4-4d97-8b2e-7af10499d809.jpg?w=80&h=80&fit=crop"}],"fileName":"\/e36964e3-afa4-4d97-8b2e-7af10499d809.jpg"},{"id":60284,"originalUrl":"https:\/\/bokun.s3.amazonaws.com\/9c8376f1-1f6b-4d0d-9403-5887a1c03259.jpg","description":null,"alternateText":null,"flags":[],"derived":[{"name":"large","url":"https:\/\/bokunprod.imgix.net\/9c8376f1-1f6b-4d0d-9403-5887a1c03259.jpg?w=660&h=660","cleanUrl":"https:\/\/bokunprod.imgix.net\/9c8376f1-1f6b-4d0d-9403-5887a1c03259.jpg?w=660&h=660"},{"name":"preview","url":"https:\/\/bokunprod.imgix.net\/9c8376f1-1f6b-4d0d-9403-5887a1c03259.jpg?w=300&h=300","cleanUrl":"https:\/\/bokunprod.imgix.net\/9c8376f1-1f6b-4d0d-9403-5887a1c03259.jpg?w=300&h=300"},{"name":"thumbnail","url":"https:\/\/bokunprod.imgix.net\/9c8376f1-1f6b-4d0d-9403-5887a1c03259.jpg?w=80&h=80&fit=crop","cleanUrl":"https:\/\/bokunprod.imgix.net\/9c8376f1-1f6b-4d0d-9403-5887a1c03259.jpg?w=80&h=80&fit=crop"}],"fileName":"\/9c8376f1-1f6b-4d0d-9403-5887a1c03259.jpg"},{"id":60285,"originalUrl":"https:\/\/bokun.s3.amazonaws.com\/036f6dd8-85ab-4408-bfe3-fc56878693c2.jpg","description":null,"alternateText":null,"flags":[],"derived":[{"name":"large","url":"https:\/\/bokunprod.imgix.net\/036f6dd8-85ab-4408-bfe3-fc56878693c2.jpg?w=660&h=660","cleanUrl":"https:\/\/bokunprod.imgix.net\/036f6dd8-85ab-4408-bfe3-fc56878693c2.jpg?w=660&h=660"},{"name":"preview","url":"https:\/\/bokunprod.imgix.net\/036f6dd8-85ab-4408-bfe3-fc56878693c2.jpg?w=300&h=300","cleanUrl":"https:\/\/bokunprod.imgix.net\/036f6dd8-85ab-4408-bfe3-fc56878693c2.jpg?w=300&h=300"},{"name":"thumbnail","url":"https:\/\/bokunprod.imgix.net\/036f6dd8-85ab-4408-bfe3-fc56878693c2.jpg?w=80&h=80&fit=crop","cleanUrl":"https:\/\/bokunprod.imgix.net\/036f6dd8-85ab-4408-bfe3-fc56878693c2.jpg?w=80&h=80&fit=crop"}],"fileName":"\/036f6dd8-85ab-4408-bfe3-fc56878693c2.jpg"},{"id":60286,"originalUrl":"https:\/\/bokun.s3.amazonaws.com\/8fc5a9c0-780f-4760-a0f2-60492a78332c.jpg","description":null,"alternateText":null,"flags":[],"derived":[{"name":"large","url":"https:\/\/bokunprod.imgix.net\/8fc5a9c0-780f-4760-a0f2-60492a78332c.jpg?w=660&h=660","cleanUrl":"https:\/\/bokunprod.imgix.net\/8fc5a9c0-780f-4760-a0f2-60492a78332c.jpg?w=660&h=660"},{"name":"preview","url":"https:\/\/bokunprod.imgix.net\/8fc5a9c0-780f-4760-a0f2-60492a78332c.jpg?w=300&h=300","cleanUrl":"https:\/\/bokunprod.imgix.net\/8fc5a9c0-780f-4760-a0f2-60492a78332c.jpg?w=300&h=300"},{"name":"thumbnail","url":"https:\/\/bokunprod.imgix.net\/8fc5a9c0-780f-4760-a0f2-60492a78332c.jpg?w=80&h=80&fit=crop","cleanUrl":"https:\/\/bokunprod.imgix.net\/8fc5a9c0-780f-4760-a0f2-60492a78332c.jpg?w=80&h=80&fit=crop"}],"fileName":"\/8fc5a9c0-780f-4760-a0f2-60492a78332c.jpg"},{"id":60287,"originalUrl":"https:\/\/bokun.s3.amazonaws.com\/f59551e6-89c9-411b-9062-d71490d739af.jpg","description":null,"alternateText":null,"flags":[],"derived":[{"name":"large","url":"https:\/\/bokunprod.imgix.net\/f59551e6-89c9-411b-9062-d71490d739af.jpg?w=660&h=660","cleanUrl":"https:\/\/bokunprod.imgix.net\/f59551e6-89c9-411b-9062-d71490d739af.jpg?w=660&h=660"},{"name":"preview","url":"https:\/\/bokunprod.imgix.net\/f59551e6-89c9-411b-9062-d71490d739af.jpg?w=300&h=300","cleanUrl":"https:\/\/bokunprod.imgix.net\/f59551e6-89c9-411b-9062-d71490d739af.jpg?w=300&h=300"},{"name":"thumbnail","url":"https:\/\/bokunprod.imgix.net\/f59551e6-89c9-411b-9062-d71490d739af.jpg?w=80&h=80&fit=crop","cleanUrl":"https:\/\/bokunprod.imgix.net\/f59551e6-89c9-411b-9062-d71490d739af.jpg?w=80&h=80&fit=crop"}],"fileName":"\/f59551e6-89c9-411b-9062-d71490d739af.jpg"},{"id":60288,"originalUrl":"https:\/\/bokun.s3.amazonaws.com\/6b95d475-c539-43a7-b9a3-f16a3353bffe.jpg","description":null,"alternateText":null,"flags":[],"derived":[{"name":"large","url":"https:\/\/bokunprod.imgix.net\/6b95d475-c539-43a7-b9a3-f16a3353bffe.jpg?w=660&h=660","cleanUrl":"https:\/\/bokunprod.imgix.net\/6b95d475-c539-43a7-b9a3-f16a3353bffe.jpg?w=660&h=660"},{"name":"preview","url":"https:\/\/bokunprod.imgix.net\/6b95d475-c539-43a7-b9a3-f16a3353bffe.jpg?w=300&h=300","cleanUrl":"https:\/\/bokunprod.imgix.net\/6b95d475-c539-43a7-b9a3-f16a3353bffe.jpg?w=300&h=300"},{"name":"thumbnail","url":"https:\/\/bokunprod.imgix.net\/6b95d475-c539-43a7-b9a3-f16a3353bffe.jpg?w=80&h=80&fit=crop","cleanUrl":"https:\/\/bokunprod.imgix.net\/6b95d475-c539-43a7-b9a3-f16a3353bffe.jpg?w=80&h=80&fit=crop"}],"fileName":"\/6b95d475-c539-43a7-b9a3-f16a3353bffe.jpg"},{"id":60289,"originalUrl":"https:\/\/bokun.s3.amazonaws.com\/5c52a80e-b8da-4540-91ab-10b6dab674cf.jpg","description":null,"alternateText":null,"flags":[],"derived":[{"name":"large","url":"https:\/\/bokunprod.imgix.net\/5c52a80e-b8da-4540-91ab-10b6dab674cf.jpg?w=660&h=660","cleanUrl":"https:\/\/bokunprod.imgix.net\/5c52a80e-b8da-4540-91ab-10b6dab674cf.jpg?w=660&h=660"},{"name":"preview","url":"https:\/\/bokunprod.imgix.net\/5c52a80e-b8da-4540-91ab-10b6dab674cf.jpg?w=300&h=300","cleanUrl":"https:\/\/bokunprod.imgix.net\/5c52a80e-b8da-4540-91ab-10b6dab674cf.jpg?w=300&h=300"},{"name":"thumbnail","url":"https:\/\/bokunprod.imgix.net\/5c52a80e-b8da-4540-91ab-10b6dab674cf.jpg?w=80&h=80&fit=crop","cleanUrl":"https:\/\/bokunprod.imgix.net\/5c52a80e-b8da-4540-91ab-10b6dab674cf.jpg?w=80&h=80&fit=crop"}],"fileName":"\/5c52a80e-b8da-4540-91ab-10b6dab674cf.jpg"}],"videos":[],"fields":{"comboComponentsInventory":null,"dayBasedAvailability":true,"bookingCutoffMinutes":0,"bookingCutoffDays":1,"dayOptions":[],"selectFromDayOptions":false,"comboComponents":[],"meetingType":"MEET_ON_LOCATION","bookingCutoffHours":0,"comboActivity":false,"bookingCutoffWeeks":0}}]}