{"tookInMillis":12,"totalHits":7,"tagFilters":[],"tagFacets":[],"termFacets":{"difficulty":{"name":"difficulty","title":"Difficulty","entries":[{"title":"Moderate","term":"MODERATE","count":3,"flags":[]},{"title":"Challenging","term":"CHALLENGING","count":2,"flags":[]},{"title":"Easy","term":"EASY","count":2,"flags":[]}],"flags":[],"multipleSelection":false,"sortedEntries":[{"title":"Challenging","term":"CHALLENGING","count":2,"flags":[]},{"title":"Easy","term":"EASY","count":2,"flags":[]},{"title":"Moderate","term":"MODERATE","count":3,"flags":[]}]},"country":{"name":"country","title":"country","entries":[{"title":"IS","term":"IS","count":1,"flags":[]}],"flags":[],"multipleSelection":false,"sortedEntries":[{"title":"IS","term":"IS","count":1,"flags":[]}]},"city":{"name":"city","title":"city","entries":[{"title":"Isafjordur - hofn","term":"Isafjordur - hofn","count":1,"flags":[]}],"flags":[],"multipleSelection":false,"sortedEntries":[{"title":"Isafjordur - hofn","term":"Isafjordur - hofn","count":1,"flags":[]}]},"supplier":{"name":"supplier","title":"Operator","entries":[{"title":"Vesturfer\u00f0ir ehf","term":"110","count":7,"flags":[]}],"flags":[],"multipleSelection":false,"sortedEntries":[{"title":"Vesturfer\u00f0ir ehf","term":"110","count":7,"flags":[]}]},"activityType":{"name":"activityType","title":"activityType","entries":[{"title":"DAY_TOUR_OR_ACTIVITY","term":"DAY_TOUR_OR_ACTIVITY","count":7,"flags":[]}],"flags":[],"multipleSelection":false,"sortedEntries":[{"title":"DAY_TOUR_OR_ACTIVITY","term":"DAY_TOUR_OR_ACTIVITY","count":7,"flags":[]}]},"activityCategories":{"name":"activityCategory","title":"activityCategory","entries":[{"title":"SAILING_OR_BOAT_TOUR","term":"SAILING_OR_BOAT_TOUR","count":7,"flags":[]},{"title":"NATURE","term":"NATURE","count":5,"flags":[]},{"title":"WALKING_TOUR","term":"WALKING_TOUR","count":5,"flags":[]},{"title":"SIGHTSEEING","term":"SIGHTSEEING","count":3,"flags":[]},{"title":"SIGHTSEEING_ATTRACTION","term":"SIGHTSEEING_ATTRACTION","count":3,"flags":[]},{"title":"DOLPHIN_OR_WHALEWATCHING","term":"DOLPHIN_OR_WHALEWATCHING","count":2,"flags":[]},{"title":"HIKING","term":"HIKING","count":2,"flags":[]},{"title":"SAFARI_AND_WILDLIFE","term":"SAFARI_AND_WILDLIFE","count":2,"flags":[]},{"title":"ADVENTURE","term":"ADVENTURE","count":1,"flags":[]},{"title":"BIRDWATCHING","term":"BIRDWATCHING","count":1,"flags":[]}],"flags":[],"multipleSelection":true,"sortedEntries":[{"title":"ADVENTURE","term":"ADVENTURE","count":1,"flags":[]},{"title":"BIRDWATCHING","term":"BIRDWATCHING","count":1,"flags":[]},{"title":"DOLPHIN_OR_WHALEWATCHING","term":"DOLPHIN_OR_WHALEWATCHING","count":2,"flags":[]},{"title":"HIKING","term":"HIKING","count":2,"flags":[]},{"title":"NATURE","term":"NATURE","count":5,"flags":[]},{"title":"SAFARI_AND_WILDLIFE","term":"SAFARI_AND_WILDLIFE","count":2,"flags":[]},{"title":"SAILING_OR_BOAT_TOUR","term":"SAILING_OR_BOAT_TOUR","count":7,"flags":[]},{"title":"SIGHTSEEING","term":"SIGHTSEEING","count":3,"flags":[]},{"title":"SIGHTSEEING_ATTRACTION","term":"SIGHTSEEING_ATTRACTION","count":3,"flags":[]},{"title":"WALKING_TOUR","term":"WALKING_TOUR","count":5,"flags":[]}]}},"tagFacetHierarchy":[],"items":[{"id":"19040","externalId":"wt-ribos","productGroupId":0,"title":"RIB-boat Ocean Safari","summary":"2 hours rib boat sightseeing safari tour from \u00cdsafj\u00f6r\u00f0ur town which offers a magnificent view over the surrounding landscape from the sea side.   \r\n\r\nWe start with a safety instruction and the distribution of warm overalls and life jackets which you will have to wear onboard. It is important to wear warm footwear and even mittens, it gets cold once out on the sea. This tour will take you into \u00cdsafjar\u00f0ardj\u00fap, the stunning fjord region just off \u00cdsafj\u00f6r\u00f0ur. We pass the beautiful bird island Vigur or Sn\u00e6fjallastr\u00f6nd (Snow-Mountain-Coast) chances are high that you\u2019ll see different kinds of birds such as puffins flying around and seals and probably even whales swimming across the sailing route. Time for photo shooting is included.\r\n\r\nDepending on weather conditions the route differs and will in each case be an unique adventure.","excerpt":"2 hours Rib Boat tour from \u00cdsafj\u00f6r\u00f0ur. All gear provided.","price":12900,"vendor":{"id":110,"title":"Vesturfer\u00f0ir ehf","externalId":"","flags":[]},"box":false,"inventoryLocal":true,"boxedProductId":0,"boxedSupplierId":0,"keywords":["westfjords","adventure","rib boat","nature","whales","\u00edsafj\u00f6r\u00f0ur","boat"],"flags":[],"reviewRating":0,"reviewCount":0,"baseLanguage":"en","languages":["EN"],"paymentCurrencies":[],"customFields":[],"places":[],"keyPhoto":{"id":60277,"originalUrl":"https:\/\/bokun.s3.amazonaws.com\/07894bd7-43c2-495b-ab16-c6c342d4a09f.jpg","description":"","alternateText":"","flags":[],"derived":[{"name":"large","url":"https:\/\/bokunprod.imgix.net\/07894bd7-43c2-495b-ab16-c6c342d4a09f.jpg?w=660&h=660","cleanUrl":"https:\/\/bokunprod.imgix.net\/07894bd7-43c2-495b-ab16-c6c342d4a09f.jpg?w=660&h=660"},{"name":"preview","url":"https:\/\/bokunprod.imgix.net\/07894bd7-43c2-495b-ab16-c6c342d4a09f.jpg?w=300&h=300","cleanUrl":"https:\/\/bokunprod.imgix.net\/07894bd7-43c2-495b-ab16-c6c342d4a09f.jpg?w=300&h=300"},{"name":"thumbnail","url":"https:\/\/bokunprod.imgix.net\/07894bd7-43c2-495b-ab16-c6c342d4a09f.jpg?w=80&h=80&fit=crop","cleanUrl":"https:\/\/bokunprod.imgix.net\/07894bd7-43c2-495b-ab16-c6c342d4a09f.jpg?w=80&h=80&fit=crop"}],"fileName":"\/07894bd7-43c2-495b-ab16-c6c342d4a09f.jpg"},"photos":[{"id":60275,"originalUrl":"https:\/\/bokun.s3.amazonaws.com\/067d7ff0-c5ae-49ff-ac76-1525c3f00fc4.jpg","description":null,"alternateText":null,"flags":[],"derived":[{"name":"large","url":"https:\/\/bokunprod.imgix.net\/067d7ff0-c5ae-49ff-ac76-1525c3f00fc4.jpg?w=660&h=660","cleanUrl":"https:\/\/bokunprod.imgix.net\/067d7ff0-c5ae-49ff-ac76-1525c3f00fc4.jpg?w=660&h=660"},{"name":"preview","url":"https:\/\/bokunprod.imgix.net\/067d7ff0-c5ae-49ff-ac76-1525c3f00fc4.jpg?w=300&h=300","cleanUrl":"https:\/\/bokunprod.imgix.net\/067d7ff0-c5ae-49ff-ac76-1525c3f00fc4.jpg?w=300&h=300"},{"name":"thumbnail","url":"https:\/\/bokunprod.imgix.net\/067d7ff0-c5ae-49ff-ac76-1525c3f00fc4.jpg?w=80&h=80&fit=crop","cleanUrl":"https:\/\/bokunprod.imgix.net\/067d7ff0-c5ae-49ff-ac76-1525c3f00fc4.jpg?w=80&h=80&fit=crop"}],"fileName":"\/067d7ff0-c5ae-49ff-ac76-1525c3f00fc4.jpg"},{"id":60276,"originalUrl":"https:\/\/bokun.s3.amazonaws.com\/6213df35-6180-4612-b80f-ea9859575cda.jpg","description":null,"alternateText":null,"flags":[],"derived":[{"name":"large","url":"https:\/\/bokunprod.imgix.net\/6213df35-6180-4612-b80f-ea9859575cda.jpg?w=660&h=660","cleanUrl":"https:\/\/bokunprod.imgix.net\/6213df35-6180-4612-b80f-ea9859575cda.jpg?w=660&h=660"},{"name":"preview","url":"https:\/\/bokunprod.imgix.net\/6213df35-6180-4612-b80f-ea9859575cda.jpg?w=300&h=300","cleanUrl":"https:\/\/bokunprod.imgix.net\/6213df35-6180-4612-b80f-ea9859575cda.jpg?w=300&h=300"},{"name":"thumbnail","url":"https:\/\/bokunprod.imgix.net\/6213df35-6180-4612-b80f-ea9859575cda.jpg?w=80&h=80&fit=crop","cleanUrl":"https:\/\/bokunprod.imgix.net\/6213df35-6180-4612-b80f-ea9859575cda.jpg?w=80&h=80&fit=crop"}],"fileName":"\/6213df35-6180-4612-b80f-ea9859575cda.jpg"},{"id":60277,"originalUrl":"https:\/\/bokun.s3.amazonaws.com\/07894bd7-43c2-495b-ab16-c6c342d4a09f.jpg","description":"","alternateText":"","flags":[],"derived":[{"name":"large","url":"https:\/\/bokunprod.imgix.net\/07894bd7-43c2-495b-ab16-c6c342d4a09f.jpg?w=660&h=660","cleanUrl":"https:\/\/bokunprod.imgix.net\/07894bd7-43c2-495b-ab16-c6c342d4a09f.jpg?w=660&h=660"},{"name":"preview","url":"https:\/\/bokunprod.imgix.net\/07894bd7-43c2-495b-ab16-c6c342d4a09f.jpg?w=300&h=300","cleanUrl":"https:\/\/bokunprod.imgix.net\/07894bd7-43c2-495b-ab16-c6c342d4a09f.jpg?w=300&h=300"},{"name":"thumbnail","url":"https:\/\/bokunprod.imgix.net\/07894bd7-43c2-495b-ab16-c6c342d4a09f.jpg?w=80&h=80&fit=crop","cleanUrl":"https:\/\/bokunprod.imgix.net\/07894bd7-43c2-495b-ab16-c6c342d4a09f.jpg?w=80&h=80&fit=crop"}],"fileName":"\/07894bd7-43c2-495b-ab16-c6c342d4a09f.jpg"},{"id":60278,"originalUrl":"https:\/\/bokun.s3.amazonaws.com\/861c8f66-e2fe-4443-b9e8-6ec3218f64ea.jpg","description":null,"alternateText":null,"flags":[],"derived":[{"name":"large","url":"https:\/\/bokunprod.imgix.net\/861c8f66-e2fe-4443-b9e8-6ec3218f64ea.jpg?w=660&h=660","cleanUrl":"https:\/\/bokunprod.imgix.net\/861c8f66-e2fe-4443-b9e8-6ec3218f64ea.jpg?w=660&h=660"},{"name":"preview","url":"https:\/\/bokunprod.imgix.net\/861c8f66-e2fe-4443-b9e8-6ec3218f64ea.jpg?w=300&h=300","cleanUrl":"https:\/\/bokunprod.imgix.net\/861c8f66-e2fe-4443-b9e8-6ec3218f64ea.jpg?w=300&h=300"},{"name":"thumbnail","url":"https:\/\/bokunprod.imgix.net\/861c8f66-e2fe-4443-b9e8-6ec3218f64ea.jpg?w=80&h=80&fit=crop","cleanUrl":"https:\/\/bokunprod.imgix.net\/861c8f66-e2fe-4443-b9e8-6ec3218f64ea.jpg?w=80&h=80&fit=crop"}],"fileName":"\/861c8f66-e2fe-4443-b9e8-6ec3218f64ea.jpg"},{"id":60279,"originalUrl":"https:\/\/bokun.s3.amazonaws.com\/cf234214-84e1-4671-bf7b-f89d63d75030.jpg","description":null,"alternateText":null,"flags":[],"derived":[{"name":"large","url":"https:\/\/bokunprod.imgix.net\/cf234214-84e1-4671-bf7b-f89d63d75030.jpg?w=660&h=660","cleanUrl":"https:\/\/bokunprod.imgix.net\/cf234214-84e1-4671-bf7b-f89d63d75030.jpg?w=660&h=660"},{"name":"preview","url":"https:\/\/bokunprod.imgix.net\/cf234214-84e1-4671-bf7b-f89d63d75030.jpg?w=300&h=300","cleanUrl":"https:\/\/bokunprod.imgix.net\/cf234214-84e1-4671-bf7b-f89d63d75030.jpg?w=300&h=300"},{"name":"thumbnail","url":"https:\/\/bokunprod.imgix.net\/cf234214-84e1-4671-bf7b-f89d63d75030.jpg?w=80&h=80&fit=crop","cleanUrl":"https:\/\/bokunprod.imgix.net\/cf234214-84e1-4671-bf7b-f89d63d75030.jpg?w=80&h=80&fit=crop"}],"fileName":"\/cf234214-84e1-4671-bf7b-f89d63d75030.jpg"}],"videos":[],"fields":{"durationHours":2,"durationWeeks":0,"durationText":"2 hours","comboComponentsInventory":null,"bookingCutoffDays":0,"dayOptions":[],"meetingType":"MEET_ON_LOCATION","durationDays":0,"durationMinutes":0,"dayBasedAvailability":false,"bookingCutoffMinutes":0,"selectFromDayOptions":false,"comboComponents":[],"bookingCutoffHours":2,"comboActivity":false,"bookingCutoffWeeks":0}},{"id":"18925","externalId":"wt-ath","productGroupId":0,"title":"A day's hike in the Nature Reserve","summary":"Due to the harshness of the environment, the Hornstrandir area was abandoned completely by the last of its inhabitants in the early 1950\u2019s. Since 1974 the flora and fauna has been protected and now arctic foxes, birds, seals and plants have thrived undisturbed.\r\n\r\nYou\u00b4ll leave by boat from \u00cdsafj\u00f6r\u00f0ur in the morning for the abandoned village of S\u00e6b\u00f3l in A\u00f0alv\u00edk. Continuing on foot to another abandoned settlement at Hesteyri, we pass the old church and parsonage at Sta\u00f0ur. Crossing the mountain, enjoy a spectacular and panoramic view across \u00cdsafjar\u00f0ardj\u00fap bay and J\u00f6kulfir\u00f0ir (Glacier fjords) to Drangaj\u00f6kull glacier. Returning by boat from Hesteyri in the evening.\r\n \r\nA moderate hike for people in good shape. Hiking distance is about 14 km on rough ground and elevation is of about 300 m.\r\n \r\nAdditionally you can order a fresh and homemade lunch package consisting of two bread buns, a power bar and a muffin for 2.100 ISK each.","excerpt":"A moderate hike for people in good shape. Hiking distance is about 14 km on rough ground and elevation is of about 300 m.","price":32900,"vendor":{"id":110,"title":"Vesturfer\u00f0ir ehf","externalId":"","flags":[]},"box":false,"inventoryLocal":true,"boxedProductId":0,"boxedSupplierId":0,"keywords":[],"flags":[],"reviewRating":0,"reviewCount":0,"baseLanguage":"en","languages":["EN"],"paymentCurrencies":[],"customFields":[],"places":[],"keyPhoto":{"id":59474,"originalUrl":"https:\/\/bokun.s3.amazonaws.com\/e62d1d3f-4c54-47ca-ac28-04ac79d0d1c0.jpg","description":"","alternateText":"","flags":[],"derived":[{"name":"large","url":"https:\/\/bokunprod.imgix.net\/e62d1d3f-4c54-47ca-ac28-04ac79d0d1c0.jpg?w=660&h=660","cleanUrl":"https:\/\/bokunprod.imgix.net\/e62d1d3f-4c54-47ca-ac28-04ac79d0d1c0.jpg?w=660&h=660"},{"name":"preview","url":"https:\/\/bokunprod.imgix.net\/e62d1d3f-4c54-47ca-ac28-04ac79d0d1c0.jpg?w=300&h=300","cleanUrl":"https:\/\/bokunprod.imgix.net\/e62d1d3f-4c54-47ca-ac28-04ac79d0d1c0.jpg?w=300&h=300"},{"name":"thumbnail","url":"https:\/\/bokunprod.imgix.net\/e62d1d3f-4c54-47ca-ac28-04ac79d0d1c0.jpg?w=80&h=80&fit=crop","cleanUrl":"https:\/\/bokunprod.imgix.net\/e62d1d3f-4c54-47ca-ac28-04ac79d0d1c0.jpg?w=80&h=80&fit=crop"}],"fileName":"\/e62d1d3f-4c54-47ca-ac28-04ac79d0d1c0.jpg"},"photos":[{"id":59469,"originalUrl":"https:\/\/bokun.s3.amazonaws.com\/f983a8f4-7627-4fef-bd4a-f49b7b4805ee.jpg","description":null,"alternateText":null,"flags":[],"derived":[{"name":"large","url":"https:\/\/bokunprod.imgix.net\/f983a8f4-7627-4fef-bd4a-f49b7b4805ee.jpg?w=660&h=660","cleanUrl":"https:\/\/bokunprod.imgix.net\/f983a8f4-7627-4fef-bd4a-f49b7b4805ee.jpg?w=660&h=660"},{"name":"preview","url":"https:\/\/bokunprod.imgix.net\/f983a8f4-7627-4fef-bd4a-f49b7b4805ee.jpg?w=300&h=300","cleanUrl":"https:\/\/bokunprod.imgix.net\/f983a8f4-7627-4fef-bd4a-f49b7b4805ee.jpg?w=300&h=300"},{"name":"thumbnail","url":"https:\/\/bokunprod.imgix.net\/f983a8f4-7627-4fef-bd4a-f49b7b4805ee.jpg?w=80&h=80&fit=crop","cleanUrl":"https:\/\/bokunprod.imgix.net\/f983a8f4-7627-4fef-bd4a-f49b7b4805ee.jpg?w=80&h=80&fit=crop"}],"fileName":"\/f983a8f4-7627-4fef-bd4a-f49b7b4805ee.jpg"},{"id":59470,"originalUrl":"https:\/\/bokun.s3.amazonaws.com\/bf75bb78-80d0-4ade-a2fa-5e98a0d4dcc6.jpg","description":null,"alternateText":null,"flags":[],"derived":[{"name":"large","url":"https:\/\/bokunprod.imgix.net\/bf75bb78-80d0-4ade-a2fa-5e98a0d4dcc6.jpg?w=660&h=660","cleanUrl":"https:\/\/bokunprod.imgix.net\/bf75bb78-80d0-4ade-a2fa-5e98a0d4dcc6.jpg?w=660&h=660"},{"name":"preview","url":"https:\/\/bokunprod.imgix.net\/bf75bb78-80d0-4ade-a2fa-5e98a0d4dcc6.jpg?w=300&h=300","cleanUrl":"https:\/\/bokunprod.imgix.net\/bf75bb78-80d0-4ade-a2fa-5e98a0d4dcc6.jpg?w=300&h=300"},{"name":"thumbnail","url":"https:\/\/bokunprod.imgix.net\/bf75bb78-80d0-4ade-a2fa-5e98a0d4dcc6.jpg?w=80&h=80&fit=crop","cleanUrl":"https:\/\/bokunprod.imgix.net\/bf75bb78-80d0-4ade-a2fa-5e98a0d4dcc6.jpg?w=80&h=80&fit=crop"}],"fileName":"\/bf75bb78-80d0-4ade-a2fa-5e98a0d4dcc6.jpg"},{"id":59471,"originalUrl":"https:\/\/bokun.s3.amazonaws.com\/7104d081-110c-49f8-920e-69f150f4fce9.jpg","description":null,"alternateText":null,"flags":[],"derived":[{"name":"large","url":"https:\/\/bokunprod.imgix.net\/7104d081-110c-49f8-920e-69f150f4fce9.jpg?w=660&h=660","cleanUrl":"https:\/\/bokunprod.imgix.net\/7104d081-110c-49f8-920e-69f150f4fce9.jpg?w=660&h=660"},{"name":"preview","url":"https:\/\/bokunprod.imgix.net\/7104d081-110c-49f8-920e-69f150f4fce9.jpg?w=300&h=300","cleanUrl":"https:\/\/bokunprod.imgix.net\/7104d081-110c-49f8-920e-69f150f4fce9.jpg?w=300&h=300"},{"name":"thumbnail","url":"https:\/\/bokunprod.imgix.net\/7104d081-110c-49f8-920e-69f150f4fce9.jpg?w=80&h=80&fit=crop","cleanUrl":"https:\/\/bokunprod.imgix.net\/7104d081-110c-49f8-920e-69f150f4fce9.jpg?w=80&h=80&fit=crop"}],"fileName":"\/7104d081-110c-49f8-920e-69f150f4fce9.jpg"},{"id":59472,"originalUrl":"https:\/\/bokun.s3.amazonaws.com\/7899d753-cff4-4408-8af0-e86d9a1352e7.jpg","description":null,"alternateText":null,"flags":[],"derived":[{"name":"large","url":"https:\/\/bokunprod.imgix.net\/7899d753-cff4-4408-8af0-e86d9a1352e7.jpg?w=660&h=660","cleanUrl":"https:\/\/bokunprod.imgix.net\/7899d753-cff4-4408-8af0-e86d9a1352e7.jpg?w=660&h=660"},{"name":"preview","url":"https:\/\/bokunprod.imgix.net\/7899d753-cff4-4408-8af0-e86d9a1352e7.jpg?w=300&h=300","cleanUrl":"https:\/\/bokunprod.imgix.net\/7899d753-cff4-4408-8af0-e86d9a1352e7.jpg?w=300&h=300"},{"name":"thumbnail","url":"https:\/\/bokunprod.imgix.net\/7899d753-cff4-4408-8af0-e86d9a1352e7.jpg?w=80&h=80&fit=crop","cleanUrl":"https:\/\/bokunprod.imgix.net\/7899d753-cff4-4408-8af0-e86d9a1352e7.jpg?w=80&h=80&fit=crop"}],"fileName":"\/7899d753-cff4-4408-8af0-e86d9a1352e7.jpg"},{"id":59473,"originalUrl":"https:\/\/bokun.s3.amazonaws.com\/0175129e-3eee-4083-aa25-6396ae274dd9.jpg","description":null,"alternateText":null,"flags":[],"derived":[{"name":"large","url":"https:\/\/bokunprod.imgix.net\/0175129e-3eee-4083-aa25-6396ae274dd9.jpg?w=660&h=660","cleanUrl":"https:\/\/bokunprod.imgix.net\/0175129e-3eee-4083-aa25-6396ae274dd9.jpg?w=660&h=660"},{"name":"preview","url":"https:\/\/bokunprod.imgix.net\/0175129e-3eee-4083-aa25-6396ae274dd9.jpg?w=300&h=300","cleanUrl":"https:\/\/bokunprod.imgix.net\/0175129e-3eee-4083-aa25-6396ae274dd9.jpg?w=300&h=300"},{"name":"thumbnail","url":"https:\/\/bokunprod.imgix.net\/0175129e-3eee-4083-aa25-6396ae274dd9.jpg?w=80&h=80&fit=crop","cleanUrl":"https:\/\/bokunprod.imgix.net\/0175129e-3eee-4083-aa25-6396ae274dd9.jpg?w=80&h=80&fit=crop"}],"fileName":"\/0175129e-3eee-4083-aa25-6396ae274dd9.jpg"},{"id":59474,"originalUrl":"https:\/\/bokun.s3.amazonaws.com\/e62d1d3f-4c54-47ca-ac28-04ac79d0d1c0.jpg","description":"","alternateText":"","flags":[],"derived":[{"name":"large","url":"https:\/\/bokunprod.imgix.net\/e62d1d3f-4c54-47ca-ac28-04ac79d0d1c0.jpg?w=660&h=660","cleanUrl":"https:\/\/bokunprod.imgix.net\/e62d1d3f-4c54-47ca-ac28-04ac79d0d1c0.jpg?w=660&h=660"},{"name":"preview","url":"https:\/\/bokunprod.imgix.net\/e62d1d3f-4c54-47ca-ac28-04ac79d0d1c0.jpg?w=300&h=300","cleanUrl":"https:\/\/bokunprod.imgix.net\/e62d1d3f-4c54-47ca-ac28-04ac79d0d1c0.jpg?w=300&h=300"},{"name":"thumbnail","url":"https:\/\/bokunprod.imgix.net\/e62d1d3f-4c54-47ca-ac28-04ac79d0d1c0.jpg?w=80&h=80&fit=crop","cleanUrl":"https:\/\/bokunprod.imgix.net\/e62d1d3f-4c54-47ca-ac28-04ac79d0d1c0.jpg?w=80&h=80&fit=crop"}],"fileName":"\/e62d1d3f-4c54-47ca-ac28-04ac79d0d1c0.jpg"},{"id":59475,"originalUrl":"https:\/\/bokun.s3.amazonaws.com\/e974a12d-9f8e-4af6-b34c-024e12eae928.jpg","description":null,"alternateText":null,"flags":[],"derived":[{"name":"large","url":"https:\/\/bokunprod.imgix.net\/e974a12d-9f8e-4af6-b34c-024e12eae928.jpg?w=660&h=660","cleanUrl":"https:\/\/bokunprod.imgix.net\/e974a12d-9f8e-4af6-b34c-024e12eae928.jpg?w=660&h=660"},{"name":"preview","url":"https:\/\/bokunprod.imgix.net\/e974a12d-9f8e-4af6-b34c-024e12eae928.jpg?w=300&h=300","cleanUrl":"https:\/\/bokunprod.imgix.net\/e974a12d-9f8e-4af6-b34c-024e12eae928.jpg?w=300&h=300"},{"name":"thumbnail","url":"https:\/\/bokunprod.imgix.net\/e974a12d-9f8e-4af6-b34c-024e12eae928.jpg?w=80&h=80&fit=crop","cleanUrl":"https:\/\/bokunprod.imgix.net\/e974a12d-9f8e-4af6-b34c-024e12eae928.jpg?w=80&h=80&fit=crop"}],"fileName":"\/e974a12d-9f8e-4af6-b34c-024e12eae928.jpg"},{"id":59476,"originalUrl":"https:\/\/bokun.s3.amazonaws.com\/2c035b72-f341-43f8-8da2-886274ac9537.jpg","description":null,"alternateText":null,"flags":[],"derived":[{"name":"large","url":"https:\/\/bokunprod.imgix.net\/2c035b72-f341-43f8-8da2-886274ac9537.jpg?w=660&h=660","cleanUrl":"https:\/\/bokunprod.imgix.net\/2c035b72-f341-43f8-8da2-886274ac9537.jpg?w=660&h=660"},{"name":"preview","url":"https:\/\/bokunprod.imgix.net\/2c035b72-f341-43f8-8da2-886274ac9537.jpg?w=300&h=300","cleanUrl":"https:\/\/bokunprod.imgix.net\/2c035b72-f341-43f8-8da2-886274ac9537.jpg?w=300&h=300"},{"name":"thumbnail","url":"https:\/\/bokunprod.imgix.net\/2c035b72-f341-43f8-8da2-886274ac9537.jpg?w=80&h=80&fit=crop","cleanUrl":"https:\/\/bokunprod.imgix.net\/2c035b72-f341-43f8-8da2-886274ac9537.jpg?w=80&h=80&fit=crop"}],"fileName":"\/2c035b72-f341-43f8-8da2-886274ac9537.jpg"},{"id":59477,"originalUrl":"https:\/\/bokun.s3.amazonaws.com\/e5d78808-e227-4589-80ae-12306d717678.jpg","description":null,"alternateText":null,"flags":[],"derived":[{"name":"large","url":"https:\/\/bokunprod.imgix.net\/e5d78808-e227-4589-80ae-12306d717678.jpg?w=660&h=660","cleanUrl":"https:\/\/bokunprod.imgix.net\/e5d78808-e227-4589-80ae-12306d717678.jpg?w=660&h=660"},{"name":"preview","url":"https:\/\/bokunprod.imgix.net\/e5d78808-e227-4589-80ae-12306d717678.jpg?w=300&h=300","cleanUrl":"https:\/\/bokunprod.imgix.net\/e5d78808-e227-4589-80ae-12306d717678.jpg?w=300&h=300"},{"name":"thumbnail","url":"https:\/\/bokunprod.imgix.net\/e5d78808-e227-4589-80ae-12306d717678.jpg?w=80&h=80&fit=crop","cleanUrl":"https:\/\/bokunprod.imgix.net\/e5d78808-e227-4589-80ae-12306d717678.jpg?w=80&h=80&fit=crop"}],"fileName":"\/e5d78808-e227-4589-80ae-12306d717678.jpg"}],"videos":[],"fields":{"durationHours":12,"durationWeeks":0,"durationText":"12 hours","comboComponentsInventory":null,"bookingCutoffDays":1,"dayOptions":[],"meetingType":"MEET_ON_LOCATION","durationDays":0,"durationMinutes":0,"dayBasedAvailability":false,"bookingCutoffMinutes":0,"selectFromDayOptions":false,"comboComponents":[],"bookingCutoffHours":0,"comboActivity":false,"bookingCutoffWeeks":0}},{"id":"19047","externalId":"wt-wis","productGroupId":0,"title":"RIB-Boat Whale and Island Safari","summary":"We offer you a 4 hours Rib Boat adventure in \u00cdsafjar\u00f0ardj\u00fap bay with a short stop at Vigur Island. We start with a safety instruction and the distribution of warm overalls and life jackets which you will have to wear on board. It is important to wear warm footwear and mittens, it gets cold once out on the sea.\r\nThen it\u2019s time to sail into \u00cdsafjar\u00f0ardj\u00fap, the stunning fjord region just off \u00cdsafj\u00f6r\u00f0ur. We are heading to the island Vigur which, during the summer, has a large population of puffins, eider ducks and other seabirds. The islands family will greet you with refreshments and you\u2019ll have the chance to walk around the island and enjoy the beautiful landscape that surrounds the island.\r\nAfter the Vigur visit it\u2019s time to step on the boat again and start the whale watching. The chances of seeing whales in \u00cdsafjar\u00f0ardj\u00fap are high and our captains know where they like to hang around. Until mid august you might also see puffins and other sea birds.&nbsp;","excerpt":"Experience \u00cdsafjar\u00f0ardj\u00fap bay in all it\u2019s glory. This 4 hour exciting safari tours offers you magnificent views over the landscape from the sea and visit to the island Vigur. This is an experience that's difficult to forget!","price":19900,"vendor":{"id":110,"title":"Vesturfer\u00f0ir ehf","externalId":"","flags":[]},"box":false,"inventoryLocal":true,"boxedProductId":0,"boxedSupplierId":0,"keywords":["Nature","westfjords","vigur island","adventure","activity","rib boat","guided"],"flags":[],"reviewRating":0,"reviewCount":0,"baseLanguage":"en","languages":["EN"],"paymentCurrencies":[],"customFields":[],"places":[],"keyPhoto":{"id":60281,"originalUrl":"https:\/\/bokun.s3.amazonaws.com\/92ff5637-a477-4899-b2b0-315a65e3e2e1.jpg","description":"","alternateText":"","flags":[],"derived":[{"name":"large","url":"https:\/\/bokunprod.imgix.net\/92ff5637-a477-4899-b2b0-315a65e3e2e1.jpg?w=660&h=660","cleanUrl":"https:\/\/bokunprod.imgix.net\/92ff5637-a477-4899-b2b0-315a65e3e2e1.jpg?w=660&h=660"},{"name":"preview","url":"https:\/\/bokunprod.imgix.net\/92ff5637-a477-4899-b2b0-315a65e3e2e1.jpg?w=300&h=300","cleanUrl":"https:\/\/bokunprod.imgix.net\/92ff5637-a477-4899-b2b0-315a65e3e2e1.jpg?w=300&h=300"},{"name":"thumbnail","url":"https:\/\/bokunprod.imgix.net\/92ff5637-a477-4899-b2b0-315a65e3e2e1.jpg?w=80&h=80&fit=crop","cleanUrl":"https:\/\/bokunprod.imgix.net\/92ff5637-a477-4899-b2b0-315a65e3e2e1.jpg?w=80&h=80&fit=crop"}],"fileName":"\/92ff5637-a477-4899-b2b0-315a65e3e2e1.jpg"},"photos":[{"id":60281,"originalUrl":"https:\/\/bokun.s3.amazonaws.com\/92ff5637-a477-4899-b2b0-315a65e3e2e1.jpg","description":"","alternateText":"","flags":[],"derived":[{"name":"large","url":"https:\/\/bokunprod.imgix.net\/92ff5637-a477-4899-b2b0-315a65e3e2e1.jpg?w=660&h=660","cleanUrl":"https:\/\/bokunprod.imgix.net\/92ff5637-a477-4899-b2b0-315a65e3e2e1.jpg?w=660&h=660"},{"name":"preview","url":"https:\/\/bokunprod.imgix.net\/92ff5637-a477-4899-b2b0-315a65e3e2e1.jpg?w=300&h=300","cleanUrl":"https:\/\/bokunprod.imgix.net\/92ff5637-a477-4899-b2b0-315a65e3e2e1.jpg?w=300&h=300"},{"name":"thumbnail","url":"https:\/\/bokunprod.imgix.net\/92ff5637-a477-4899-b2b0-315a65e3e2e1.jpg?w=80&h=80&fit=crop","cleanUrl":"https:\/\/bokunprod.imgix.net\/92ff5637-a477-4899-b2b0-315a65e3e2e1.jpg?w=80&h=80&fit=crop"}],"fileName":"\/92ff5637-a477-4899-b2b0-315a65e3e2e1.jpg"},{"id":60282,"originalUrl":"https:\/\/bokun.s3.amazonaws.com\/7679b9be-ea40-4459-aee9-eb3fe9644f32.jpg","description":null,"alternateText":null,"flags":[],"derived":[{"name":"large","url":"https:\/\/bokunprod.imgix.net\/7679b9be-ea40-4459-aee9-eb3fe9644f32.jpg?w=660&h=660","cleanUrl":"https:\/\/bokunprod.imgix.net\/7679b9be-ea40-4459-aee9-eb3fe9644f32.jpg?w=660&h=660"},{"name":"preview","url":"https:\/\/bokunprod.imgix.net\/7679b9be-ea40-4459-aee9-eb3fe9644f32.jpg?w=300&h=300","cleanUrl":"https:\/\/bokunprod.imgix.net\/7679b9be-ea40-4459-aee9-eb3fe9644f32.jpg?w=300&h=300"},{"name":"thumbnail","url":"https:\/\/bokunprod.imgix.net\/7679b9be-ea40-4459-aee9-eb3fe9644f32.jpg?w=80&h=80&fit=crop","cleanUrl":"https:\/\/bokunprod.imgix.net\/7679b9be-ea40-4459-aee9-eb3fe9644f32.jpg?w=80&h=80&fit=crop"}],"fileName":"\/7679b9be-ea40-4459-aee9-eb3fe9644f32.jpg"},{"id":60283,"originalUrl":"https:\/\/bokun.s3.amazonaws.com\/e36964e3-afa4-4d97-8b2e-7af10499d809.jpg","description":null,"alternateText":null,"flags":[],"derived":[{"name":"large","url":"https:\/\/bokunprod.imgix.net\/e36964e3-afa4-4d97-8b2e-7af10499d809.jpg?w=660&h=660","cleanUrl":"https:\/\/bokunprod.imgix.net\/e36964e3-afa4-4d97-8b2e-7af10499d809.jpg?w=660&h=660"},{"name":"preview","url":"https:\/\/bokunprod.imgix.net\/e36964e3-afa4-4d97-8b2e-7af10499d809.jpg?w=300&h=300","cleanUrl":"https:\/\/bokunprod.imgix.net\/e36964e3-afa4-4d97-8b2e-7af10499d809.jpg?w=300&h=300"},{"name":"thumbnail","url":"https:\/\/bokunprod.imgix.net\/e36964e3-afa4-4d97-8b2e-7af10499d809.jpg?w=80&h=80&fit=crop","cleanUrl":"https:\/\/bokunprod.imgix.net\/e36964e3-afa4-4d97-8b2e-7af10499d809.jpg?w=80&h=80&fit=crop"}],"fileName":"\/e36964e3-afa4-4d97-8b2e-7af10499d809.jpg"},{"id":60284,"originalUrl":"https:\/\/bokun.s3.amazonaws.com\/9c8376f1-1f6b-4d0d-9403-5887a1c03259.jpg","description":null,"alternateText":null,"flags":[],"derived":[{"name":"large","url":"https:\/\/bokunprod.imgix.net\/9c8376f1-1f6b-4d0d-9403-5887a1c03259.jpg?w=660&h=660","cleanUrl":"https:\/\/bokunprod.imgix.net\/9c8376f1-1f6b-4d0d-9403-5887a1c03259.jpg?w=660&h=660"},{"name":"preview","url":"https:\/\/bokunprod.imgix.net\/9c8376f1-1f6b-4d0d-9403-5887a1c03259.jpg?w=300&h=300","cleanUrl":"https:\/\/bokunprod.imgix.net\/9c8376f1-1f6b-4d0d-9403-5887a1c03259.jpg?w=300&h=300"},{"name":"thumbnail","url":"https:\/\/bokunprod.imgix.net\/9c8376f1-1f6b-4d0d-9403-5887a1c03259.jpg?w=80&h=80&fit=crop","cleanUrl":"https:\/\/bokunprod.imgix.net\/9c8376f1-1f6b-4d0d-9403-5887a1c03259.jpg?w=80&h=80&fit=crop"}],"fileName":"\/9c8376f1-1f6b-4d0d-9403-5887a1c03259.jpg"},{"id":60285,"originalUrl":"https:\/\/bokun.s3.amazonaws.com\/036f6dd8-85ab-4408-bfe3-fc56878693c2.jpg","description":null,"alternateText":null,"flags":[],"derived":[{"name":"large","url":"https:\/\/bokunprod.imgix.net\/036f6dd8-85ab-4408-bfe3-fc56878693c2.jpg?w=660&h=660","cleanUrl":"https:\/\/bokunprod.imgix.net\/036f6dd8-85ab-4408-bfe3-fc56878693c2.jpg?w=660&h=660"},{"name":"preview","url":"https:\/\/bokunprod.imgix.net\/036f6dd8-85ab-4408-bfe3-fc56878693c2.jpg?w=300&h=300","cleanUrl":"https:\/\/bokunprod.imgix.net\/036f6dd8-85ab-4408-bfe3-fc56878693c2.jpg?w=300&h=300"},{"name":"thumbnail","url":"https:\/\/bokunprod.imgix.net\/036f6dd8-85ab-4408-bfe3-fc56878693c2.jpg?w=80&h=80&fit=crop","cleanUrl":"https:\/\/bokunprod.imgix.net\/036f6dd8-85ab-4408-bfe3-fc56878693c2.jpg?w=80&h=80&fit=crop"}],"fileName":"\/036f6dd8-85ab-4408-bfe3-fc56878693c2.jpg"},{"id":60286,"originalUrl":"https:\/\/bokun.s3.amazonaws.com\/8fc5a9c0-780f-4760-a0f2-60492a78332c.jpg","description":null,"alternateText":null,"flags":[],"derived":[{"name":"large","url":"https:\/\/bokunprod.imgix.net\/8fc5a9c0-780f-4760-a0f2-60492a78332c.jpg?w=660&h=660","cleanUrl":"https:\/\/bokunprod.imgix.net\/8fc5a9c0-780f-4760-a0f2-60492a78332c.jpg?w=660&h=660"},{"name":"preview","url":"https:\/\/bokunprod.imgix.net\/8fc5a9c0-780f-4760-a0f2-60492a78332c.jpg?w=300&h=300","cleanUrl":"https:\/\/bokunprod.imgix.net\/8fc5a9c0-780f-4760-a0f2-60492a78332c.jpg?w=300&h=300"},{"name":"thumbnail","url":"https:\/\/bokunprod.imgix.net\/8fc5a9c0-780f-4760-a0f2-60492a78332c.jpg?w=80&h=80&fit=crop","cleanUrl":"https:\/\/bokunprod.imgix.net\/8fc5a9c0-780f-4760-a0f2-60492a78332c.jpg?w=80&h=80&fit=crop"}],"fileName":"\/8fc5a9c0-780f-4760-a0f2-60492a78332c.jpg"},{"id":60287,"originalUrl":"https:\/\/bokun.s3.amazonaws.com\/f59551e6-89c9-411b-9062-d71490d739af.jpg","description":null,"alternateText":null,"flags":[],"derived":[{"name":"large","url":"https:\/\/bokunprod.imgix.net\/f59551e6-89c9-411b-9062-d71490d739af.jpg?w=660&h=660","cleanUrl":"https:\/\/bokunprod.imgix.net\/f59551e6-89c9-411b-9062-d71490d739af.jpg?w=660&h=660"},{"name":"preview","url":"https:\/\/bokunprod.imgix.net\/f59551e6-89c9-411b-9062-d71490d739af.jpg?w=300&h=300","cleanUrl":"https:\/\/bokunprod.imgix.net\/f59551e6-89c9-411b-9062-d71490d739af.jpg?w=300&h=300"},{"name":"thumbnail","url":"https:\/\/bokunprod.imgix.net\/f59551e6-89c9-411b-9062-d71490d739af.jpg?w=80&h=80&fit=crop","cleanUrl":"https:\/\/bokunprod.imgix.net\/f59551e6-89c9-411b-9062-d71490d739af.jpg?w=80&h=80&fit=crop"}],"fileName":"\/f59551e6-89c9-411b-9062-d71490d739af.jpg"},{"id":60288,"originalUrl":"https:\/\/bokun.s3.amazonaws.com\/6b95d475-c539-43a7-b9a3-f16a3353bffe.jpg","description":null,"alternateText":null,"flags":[],"derived":[{"name":"large","url":"https:\/\/bokunprod.imgix.net\/6b95d475-c539-43a7-b9a3-f16a3353bffe.jpg?w=660&h=660","cleanUrl":"https:\/\/bokunprod.imgix.net\/6b95d475-c539-43a7-b9a3-f16a3353bffe.jpg?w=660&h=660"},{"name":"preview","url":"https:\/\/bokunprod.imgix.net\/6b95d475-c539-43a7-b9a3-f16a3353bffe.jpg?w=300&h=300","cleanUrl":"https:\/\/bokunprod.imgix.net\/6b95d475-c539-43a7-b9a3-f16a3353bffe.jpg?w=300&h=300"},{"name":"thumbnail","url":"https:\/\/bokunprod.imgix.net\/6b95d475-c539-43a7-b9a3-f16a3353bffe.jpg?w=80&h=80&fit=crop","cleanUrl":"https:\/\/bokunprod.imgix.net\/6b95d475-c539-43a7-b9a3-f16a3353bffe.jpg?w=80&h=80&fit=crop"}],"fileName":"\/6b95d475-c539-43a7-b9a3-f16a3353bffe.jpg"},{"id":60289,"originalUrl":"https:\/\/bokun.s3.amazonaws.com\/5c52a80e-b8da-4540-91ab-10b6dab674cf.jpg","description":null,"alternateText":null,"flags":[],"derived":[{"name":"large","url":"https:\/\/bokunprod.imgix.net\/5c52a80e-b8da-4540-91ab-10b6dab674cf.jpg?w=660&h=660","cleanUrl":"https:\/\/bokunprod.imgix.net\/5c52a80e-b8da-4540-91ab-10b6dab674cf.jpg?w=660&h=660"},{"name":"preview","url":"https:\/\/bokunprod.imgix.net\/5c52a80e-b8da-4540-91ab-10b6dab674cf.jpg?w=300&h=300","cleanUrl":"https:\/\/bokunprod.imgix.net\/5c52a80e-b8da-4540-91ab-10b6dab674cf.jpg?w=300&h=300"},{"name":"thumbnail","url":"https:\/\/bokunprod.imgix.net\/5c52a80e-b8da-4540-91ab-10b6dab674cf.jpg?w=80&h=80&fit=crop","cleanUrl":"https:\/\/bokunprod.imgix.net\/5c52a80e-b8da-4540-91ab-10b6dab674cf.jpg?w=80&h=80&fit=crop"}],"fileName":"\/5c52a80e-b8da-4540-91ab-10b6dab674cf.jpg"}],"videos":[],"fields":{"durationHours":4,"durationWeeks":0,"durationText":"4 hours","comboComponentsInventory":null,"bookingCutoffDays":1,"dayOptions":[],"meetingType":"MEET_ON_LOCATION","durationDays":0,"durationMinutes":0,"dayBasedAvailability":false,"bookingCutoffMinutes":0,"selectFromDayOptions":false,"comboComponents":[],"bookingCutoffHours":0,"comboActivity":false,"bookingCutoffWeeks":0}},{"id":"23622","externalId":"wt-hah","productGroupId":0,"title":"History at Hesteyri","summary":"<p>We offer you a guided day tour to the abounded village of Hesteyri. The village is only to be reached by boat and the boat ride from \u00cdsafj\u00f6r\u00f0ur takes about 70 minutes.&nbsp;&nbsp;Luring in one of the renown Glacier Fjords (J\u00f6kulfir\u00f0ir), Hesteyri has a beautiful scenery and rich history.&nbsp; In the late 1940\u2019s, the people of the village Hesteyri, made a common decision to move away, and in 1952 the village stood totally abandoned. Upon arrival at Hesteyri the guide will take you for a walk around the village, you\u00b4ll get an insight of the history and a feeling of how it was to live almost on the edge of the earth. It is also a great way to enjoy the pure, colorful nature of this area popular with hikers. The walk ends in the old Doctor\u00b4s house where you\u00b4ll be served traditional Icelandic refreshments. If lucky you\u00b4ll get a chance to see seals, arctic foxes or a whale on this tour.&nbsp;<br><\/p>","excerpt":"A guided walk at the abounded village of Hesteyri in Hornstrandir. 1 hour boat ride from \u00cdsafjordur to Hesteyri.","price":14500,"locationCode":{"id":55926,"country":"IS","location":"ISA","name":"Isafj\u00f8rdur - h\u00f8fn","nameWoDiacritics":"Isafjordur - hofn","status":"AC","function":"1-------","date":9601,"iata":"IFJ"},"vendor":{"id":110,"title":"Vesturfer\u00f0ir ehf","externalId":"","flags":[]},"box":false,"inventoryLocal":true,"boxedProductId":0,"boxedSupplierId":0,"keywords":["westfjords","nature","hesteyri","family","boat","guide","hornstrandir"],"flags":[],"reviewRating":0,"reviewCount":0,"baseLanguage":"en","languages":["EN"],"paymentCurrencies":[],"customFields":[{"type":"string","flags":["ticket"],"code":"Texti \u00e1 mi\u00f0a","title":null,"value":"<p>Please pick up your tickets at Vesturfer\u00f0ir Office at A\u00f0alstr\u00e6ti 7 before the tour.<\/p><p>Meeting point for the tour is 30 minutes before departure. <\/p><p>Tour operator is Sj\u00f3fer\u00f0ir.<\/p>"}],"places":[],"keyPhoto":{"id":74209,"originalUrl":"https:\/\/bokun.s3.amazonaws.com\/af17f6e2-f2e2-4c5c-8b9d-04239ff2e2bb.JPG","description":"","alternateText":"","flags":[],"derived":[{"name":"large","url":"https:\/\/bokunprod.imgix.net\/af17f6e2-f2e2-4c5c-8b9d-04239ff2e2bb.JPG?w=660&h=660","cleanUrl":"https:\/\/bokunprod.imgix.net\/af17f6e2-f2e2-4c5c-8b9d-04239ff2e2bb.JPG?w=660&h=660"},{"name":"preview","url":"https:\/\/bokunprod.imgix.net\/af17f6e2-f2e2-4c5c-8b9d-04239ff2e2bb.JPG?w=300&h=300","cleanUrl":"https:\/\/bokunprod.imgix.net\/af17f6e2-f2e2-4c5c-8b9d-04239ff2e2bb.JPG?w=300&h=300"},{"name":"thumbnail","url":"https:\/\/bokunprod.imgix.net\/af17f6e2-f2e2-4c5c-8b9d-04239ff2e2bb.JPG?w=80&h=80&fit=crop","cleanUrl":"https:\/\/bokunprod.imgix.net\/af17f6e2-f2e2-4c5c-8b9d-04239ff2e2bb.JPG?w=80&h=80&fit=crop"}],"fileName":"\/af17f6e2-f2e2-4c5c-8b9d-04239ff2e2bb.JPG"},"photos":[{"id":74199,"originalUrl":"https:\/\/bokun.s3.amazonaws.com\/3bde9d94-7f10-4956-b406-0708b3258c88.JPG","description":null,"alternateText":null,"flags":[],"derived":[{"name":"large","url":"https:\/\/bokunprod.imgix.net\/3bde9d94-7f10-4956-b406-0708b3258c88.JPG?w=660&h=660","cleanUrl":"https:\/\/bokunprod.imgix.net\/3bde9d94-7f10-4956-b406-0708b3258c88.JPG?w=660&h=660"},{"name":"preview","url":"https:\/\/bokunprod.imgix.net\/3bde9d94-7f10-4956-b406-0708b3258c88.JPG?w=300&h=300","cleanUrl":"https:\/\/bokunprod.imgix.net\/3bde9d94-7f10-4956-b406-0708b3258c88.JPG?w=300&h=300"},{"name":"thumbnail","url":"https:\/\/bokunprod.imgix.net\/3bde9d94-7f10-4956-b406-0708b3258c88.JPG?w=80&h=80&fit=crop","cleanUrl":"https:\/\/bokunprod.imgix.net\/3bde9d94-7f10-4956-b406-0708b3258c88.JPG?w=80&h=80&fit=crop"}],"fileName":"\/3bde9d94-7f10-4956-b406-0708b3258c88.JPG"},{"id":74201,"originalUrl":"https:\/\/bokun.s3.amazonaws.com\/c8e8f33a-4fe9-452c-afcb-5d2c06ea2d8e.JPG","description":null,"alternateText":null,"flags":[],"derived":[{"name":"large","url":"https:\/\/bokunprod.imgix.net\/c8e8f33a-4fe9-452c-afcb-5d2c06ea2d8e.JPG?w=660&h=660","cleanUrl":"https:\/\/bokunprod.imgix.net\/c8e8f33a-4fe9-452c-afcb-5d2c06ea2d8e.JPG?w=660&h=660"},{"name":"preview","url":"https:\/\/bokunprod.imgix.net\/c8e8f33a-4fe9-452c-afcb-5d2c06ea2d8e.JPG?w=300&h=300","cleanUrl":"https:\/\/bokunprod.imgix.net\/c8e8f33a-4fe9-452c-afcb-5d2c06ea2d8e.JPG?w=300&h=300"},{"name":"thumbnail","url":"https:\/\/bokunprod.imgix.net\/c8e8f33a-4fe9-452c-afcb-5d2c06ea2d8e.JPG?w=80&h=80&fit=crop","cleanUrl":"https:\/\/bokunprod.imgix.net\/c8e8f33a-4fe9-452c-afcb-5d2c06ea2d8e.JPG?w=80&h=80&fit=crop"}],"fileName":"\/c8e8f33a-4fe9-452c-afcb-5d2c06ea2d8e.JPG"},{"id":74202,"originalUrl":"https:\/\/bokun.s3.amazonaws.com\/378c2791-959d-4719-8413-75d1ae9f86ca.jpg","description":null,"alternateText":null,"flags":[],"derived":[{"name":"large","url":"https:\/\/bokunprod.imgix.net\/378c2791-959d-4719-8413-75d1ae9f86ca.jpg?w=660&h=660","cleanUrl":"https:\/\/bokunprod.imgix.net\/378c2791-959d-4719-8413-75d1ae9f86ca.jpg?w=660&h=660"},{"name":"preview","url":"https:\/\/bokunprod.imgix.net\/378c2791-959d-4719-8413-75d1ae9f86ca.jpg?w=300&h=300","cleanUrl":"https:\/\/bokunprod.imgix.net\/378c2791-959d-4719-8413-75d1ae9f86ca.jpg?w=300&h=300"},{"name":"thumbnail","url":"https:\/\/bokunprod.imgix.net\/378c2791-959d-4719-8413-75d1ae9f86ca.jpg?w=80&h=80&fit=crop","cleanUrl":"https:\/\/bokunprod.imgix.net\/378c2791-959d-4719-8413-75d1ae9f86ca.jpg?w=80&h=80&fit=crop"}],"fileName":"\/378c2791-959d-4719-8413-75d1ae9f86ca.jpg"},{"id":74203,"originalUrl":"https:\/\/bokun.s3.amazonaws.com\/30a4bdd7-76c1-4927-a817-5b15e2a41de2.jpg","description":null,"alternateText":null,"flags":[],"derived":[{"name":"large","url":"https:\/\/bokunprod.imgix.net\/30a4bdd7-76c1-4927-a817-5b15e2a41de2.jpg?w=660&h=660","cleanUrl":"https:\/\/bokunprod.imgix.net\/30a4bdd7-76c1-4927-a817-5b15e2a41de2.jpg?w=660&h=660"},{"name":"preview","url":"https:\/\/bokunprod.imgix.net\/30a4bdd7-76c1-4927-a817-5b15e2a41de2.jpg?w=300&h=300","cleanUrl":"https:\/\/bokunprod.imgix.net\/30a4bdd7-76c1-4927-a817-5b15e2a41de2.jpg?w=300&h=300"},{"name":"thumbnail","url":"https:\/\/bokunprod.imgix.net\/30a4bdd7-76c1-4927-a817-5b15e2a41de2.jpg?w=80&h=80&fit=crop","cleanUrl":"https:\/\/bokunprod.imgix.net\/30a4bdd7-76c1-4927-a817-5b15e2a41de2.jpg?w=80&h=80&fit=crop"}],"fileName":"\/30a4bdd7-76c1-4927-a817-5b15e2a41de2.jpg"},{"id":74204,"originalUrl":"https:\/\/bokun.s3.amazonaws.com\/7b4091d6-3f2a-44eb-b7c1-be07352df3c8.JPG","description":null,"alternateText":null,"flags":[],"derived":[{"name":"large","url":"https:\/\/bokunprod.imgix.net\/7b4091d6-3f2a-44eb-b7c1-be07352df3c8.JPG?w=660&h=660","cleanUrl":"https:\/\/bokunprod.imgix.net\/7b4091d6-3f2a-44eb-b7c1-be07352df3c8.JPG?w=660&h=660"},{"name":"preview","url":"https:\/\/bokunprod.imgix.net\/7b4091d6-3f2a-44eb-b7c1-be07352df3c8.JPG?w=300&h=300","cleanUrl":"https:\/\/bokunprod.imgix.net\/7b4091d6-3f2a-44eb-b7c1-be07352df3c8.JPG?w=300&h=300"},{"name":"thumbnail","url":"https:\/\/bokunprod.imgix.net\/7b4091d6-3f2a-44eb-b7c1-be07352df3c8.JPG?w=80&h=80&fit=crop","cleanUrl":"https:\/\/bokunprod.imgix.net\/7b4091d6-3f2a-44eb-b7c1-be07352df3c8.JPG?w=80&h=80&fit=crop"}],"fileName":"\/7b4091d6-3f2a-44eb-b7c1-be07352df3c8.JPG"},{"id":74206,"originalUrl":"https:\/\/bokun.s3.amazonaws.com\/888722f6-4d15-4f0f-9efc-e927c536dbc8.JPG","description":null,"alternateText":null,"flags":[],"derived":[{"name":"large","url":"https:\/\/bokunprod.imgix.net\/888722f6-4d15-4f0f-9efc-e927c536dbc8.JPG?w=660&h=660","cleanUrl":"https:\/\/bokunprod.imgix.net\/888722f6-4d15-4f0f-9efc-e927c536dbc8.JPG?w=660&h=660"},{"name":"preview","url":"https:\/\/bokunprod.imgix.net\/888722f6-4d15-4f0f-9efc-e927c536dbc8.JPG?w=300&h=300","cleanUrl":"https:\/\/bokunprod.imgix.net\/888722f6-4d15-4f0f-9efc-e927c536dbc8.JPG?w=300&h=300"},{"name":"thumbnail","url":"https:\/\/bokunprod.imgix.net\/888722f6-4d15-4f0f-9efc-e927c536dbc8.JPG?w=80&h=80&fit=crop","cleanUrl":"https:\/\/bokunprod.imgix.net\/888722f6-4d15-4f0f-9efc-e927c536dbc8.JPG?w=80&h=80&fit=crop"}],"fileName":"\/888722f6-4d15-4f0f-9efc-e927c536dbc8.JPG"},{"id":74207,"originalUrl":"https:\/\/bokun.s3.amazonaws.com\/f5874248-4d2d-4920-b7f3-34c02d737a77.JPG","description":null,"alternateText":null,"flags":[],"derived":[{"name":"large","url":"https:\/\/bokunprod.imgix.net\/f5874248-4d2d-4920-b7f3-34c02d737a77.JPG?w=660&h=660","cleanUrl":"https:\/\/bokunprod.imgix.net\/f5874248-4d2d-4920-b7f3-34c02d737a77.JPG?w=660&h=660"},{"name":"preview","url":"https:\/\/bokunprod.imgix.net\/f5874248-4d2d-4920-b7f3-34c02d737a77.JPG?w=300&h=300","cleanUrl":"https:\/\/bokunprod.imgix.net\/f5874248-4d2d-4920-b7f3-34c02d737a77.JPG?w=300&h=300"},{"name":"thumbnail","url":"https:\/\/bokunprod.imgix.net\/f5874248-4d2d-4920-b7f3-34c02d737a77.JPG?w=80&h=80&fit=crop","cleanUrl":"https:\/\/bokunprod.imgix.net\/f5874248-4d2d-4920-b7f3-34c02d737a77.JPG?w=80&h=80&fit=crop"}],"fileName":"\/f5874248-4d2d-4920-b7f3-34c02d737a77.JPG"},{"id":74208,"originalUrl":"https:\/\/bokun.s3.amazonaws.com\/e640e559-7b05-4f3c-8ba0-16570ab467a4.JPG","description":null,"alternateText":null,"flags":[],"derived":[{"name":"large","url":"https:\/\/bokunprod.imgix.net\/e640e559-7b05-4f3c-8ba0-16570ab467a4.JPG?w=660&h=660","cleanUrl":"https:\/\/bokunprod.imgix.net\/e640e559-7b05-4f3c-8ba0-16570ab467a4.JPG?w=660&h=660"},{"name":"preview","url":"https:\/\/bokunprod.imgix.net\/e640e559-7b05-4f3c-8ba0-16570ab467a4.JPG?w=300&h=300","cleanUrl":"https:\/\/bokunprod.imgix.net\/e640e559-7b05-4f3c-8ba0-16570ab467a4.JPG?w=300&h=300"},{"name":"thumbnail","url":"https:\/\/bokunprod.imgix.net\/e640e559-7b05-4f3c-8ba0-16570ab467a4.JPG?w=80&h=80&fit=crop","cleanUrl":"https:\/\/bokunprod.imgix.net\/e640e559-7b05-4f3c-8ba0-16570ab467a4.JPG?w=80&h=80&fit=crop"}],"fileName":"\/e640e559-7b05-4f3c-8ba0-16570ab467a4.JPG"},{"id":74209,"originalUrl":"https:\/\/bokun.s3.amazonaws.com\/af17f6e2-f2e2-4c5c-8b9d-04239ff2e2bb.JPG","description":"","alternateText":"","flags":[],"derived":[{"name":"large","url":"https:\/\/bokunprod.imgix.net\/af17f6e2-f2e2-4c5c-8b9d-04239ff2e2bb.JPG?w=660&h=660","cleanUrl":"https:\/\/bokunprod.imgix.net\/af17f6e2-f2e2-4c5c-8b9d-04239ff2e2bb.JPG?w=660&h=660"},{"name":"preview","url":"https:\/\/bokunprod.imgix.net\/af17f6e2-f2e2-4c5c-8b9d-04239ff2e2bb.JPG?w=300&h=300","cleanUrl":"https:\/\/bokunprod.imgix.net\/af17f6e2-f2e2-4c5c-8b9d-04239ff2e2bb.JPG?w=300&h=300"},{"name":"thumbnail","url":"https:\/\/bokunprod.imgix.net\/af17f6e2-f2e2-4c5c-8b9d-04239ff2e2bb.JPG?w=80&h=80&fit=crop","cleanUrl":"https:\/\/bokunprod.imgix.net\/af17f6e2-f2e2-4c5c-8b9d-04239ff2e2bb.JPG?w=80&h=80&fit=crop"}],"fileName":"\/af17f6e2-f2e2-4c5c-8b9d-04239ff2e2bb.JPG"},{"id":74210,"originalUrl":"https:\/\/bokun.s3.amazonaws.com\/4040425f-bbad-4a40-81c1-477ae380394c.JPG","description":null,"alternateText":null,"flags":[],"derived":[{"name":"large","url":"https:\/\/bokunprod.imgix.net\/4040425f-bbad-4a40-81c1-477ae380394c.JPG?w=660&h=660","cleanUrl":"https:\/\/bokunprod.imgix.net\/4040425f-bbad-4a40-81c1-477ae380394c.JPG?w=660&h=660"},{"name":"preview","url":"https:\/\/bokunprod.imgix.net\/4040425f-bbad-4a40-81c1-477ae380394c.JPG?w=300&h=300","cleanUrl":"https:\/\/bokunprod.imgix.net\/4040425f-bbad-4a40-81c1-477ae380394c.JPG?w=300&h=300"},{"name":"thumbnail","url":"https:\/\/bokunprod.imgix.net\/4040425f-bbad-4a40-81c1-477ae380394c.JPG?w=80&h=80&fit=crop","cleanUrl":"https:\/\/bokunprod.imgix.net\/4040425f-bbad-4a40-81c1-477ae380394c.JPG?w=80&h=80&fit=crop"}],"fileName":"\/4040425f-bbad-4a40-81c1-477ae380394c.JPG"},{"id":74211,"originalUrl":"https:\/\/bokun.s3.amazonaws.com\/2e190dde-0445-42d8-861b-542e70bc13ab.jpg","description":null,"alternateText":null,"flags":[],"derived":[{"name":"large","url":"https:\/\/bokunprod.imgix.net\/2e190dde-0445-42d8-861b-542e70bc13ab.jpg?w=660&h=660","cleanUrl":"https:\/\/bokunprod.imgix.net\/2e190dde-0445-42d8-861b-542e70bc13ab.jpg?w=660&h=660"},{"name":"preview","url":"https:\/\/bokunprod.imgix.net\/2e190dde-0445-42d8-861b-542e70bc13ab.jpg?w=300&h=300","cleanUrl":"https:\/\/bokunprod.imgix.net\/2e190dde-0445-42d8-861b-542e70bc13ab.jpg?w=300&h=300"},{"name":"thumbnail","url":"https:\/\/bokunprod.imgix.net\/2e190dde-0445-42d8-861b-542e70bc13ab.jpg?w=80&h=80&fit=crop","cleanUrl":"https:\/\/bokunprod.imgix.net\/2e190dde-0445-42d8-861b-542e70bc13ab.jpg?w=80&h=80&fit=crop"}],"fileName":"\/2e190dde-0445-42d8-861b-542e70bc13ab.jpg"}],"videos":[],"fields":{"durationHours":5,"durationWeeks":0,"durationText":"5 hours","comboComponentsInventory":"local","bookingCutoffDays":1,"dayOptions":[],"meetingType":"MEET_ON_LOCATION","durationDays":0,"durationMinutes":0,"dayBasedAvailability":false,"bookingCutoffMinutes":0,"selectFromDayOptions":false,"comboComponents":[],"bookingCutoffHours":0,"comboActivity":true,"bookingCutoffWeeks":0}},{"id":"19037","externalId":"wt-phd","productGroupId":0,"title":"The Prime Hiking Destination","summary":"Due to the harsh nature and remoteness the Hornstrandir area was abandoned completely by the last of its inhabitants in the early 1950\u2019s. Since 1974 the flora and fauna has been protected and now arctic foxes, birds, seals and plants have thrived undisturbed.\r\n\r\nOn this hike the guide leads you through the singular history of the area and the unspoiled nature; untouched by cars, electricity or domestic animals. The boat leaves \u00cdsafj\u00f6r\u00f0ur in the morning for the abandoned village of Hesteyri. Continuing on foot between the creeks and bays to another abandoned settlement at L\u00e1trar, we pass the ruins of the old farm Ne\u00f0ri-Mi\u00f0v\u00edk and, crossing the mountain, enjoy a spectacular and panoramic view across A\u00f0alv\u00edk bay and Straumnes mountain. Returning by boat from L\u00e1trar in A\u00f0alv\u00edk bay in the evening.\r\n \r\nThis is a hike for people in a good shape. Hiking distance is about 12 km on rough ground and elevation is of about 300 meters.\r\n \r\nAdditionally you can order a fresh and homemade lunch package consisting of two bread buns, a power bar and a muffin for 2.100 ISK each.","excerpt":"","price":32900,"vendor":{"id":110,"title":"Vesturfer\u00f0ir ehf","externalId":"","flags":[]},"box":false,"inventoryLocal":true,"boxedProductId":0,"boxedSupplierId":0,"keywords":[],"flags":[],"reviewRating":0,"reviewCount":0,"baseLanguage":"en","languages":["EN"],"paymentCurrencies":[],"customFields":[],"places":[],"keyPhoto":{"id":60253,"originalUrl":"https:\/\/bokun.s3.amazonaws.com\/c0e7fb12-e739-4aa4-8299-709b0c1d310e.jpg","description":"","alternateText":"","flags":[],"derived":[{"name":"large","url":"https:\/\/bokunprod.imgix.net\/c0e7fb12-e739-4aa4-8299-709b0c1d310e.jpg?w=660&h=660","cleanUrl":"https:\/\/bokunprod.imgix.net\/c0e7fb12-e739-4aa4-8299-709b0c1d310e.jpg?w=660&h=660"},{"name":"preview","url":"https:\/\/bokunprod.imgix.net\/c0e7fb12-e739-4aa4-8299-709b0c1d310e.jpg?w=300&h=300","cleanUrl":"https:\/\/bokunprod.imgix.net\/c0e7fb12-e739-4aa4-8299-709b0c1d310e.jpg?w=300&h=300"},{"name":"thumbnail","url":"https:\/\/bokunprod.imgix.net\/c0e7fb12-e739-4aa4-8299-709b0c1d310e.jpg?w=80&h=80&fit=crop","cleanUrl":"https:\/\/bokunprod.imgix.net\/c0e7fb12-e739-4aa4-8299-709b0c1d310e.jpg?w=80&h=80&fit=crop"}],"fileName":"\/c0e7fb12-e739-4aa4-8299-709b0c1d310e.jpg"},"photos":[{"id":60252,"originalUrl":"https:\/\/bokun.s3.amazonaws.com\/d3aa4b08-e624-4200-9c31-42bda1152a7f.jpg","description":null,"alternateText":null,"flags":[],"derived":[{"name":"large","url":"https:\/\/bokunprod.imgix.net\/d3aa4b08-e624-4200-9c31-42bda1152a7f.jpg?w=660&h=660","cleanUrl":"https:\/\/bokunprod.imgix.net\/d3aa4b08-e624-4200-9c31-42bda1152a7f.jpg?w=660&h=660"},{"name":"preview","url":"https:\/\/bokunprod.imgix.net\/d3aa4b08-e624-4200-9c31-42bda1152a7f.jpg?w=300&h=300","cleanUrl":"https:\/\/bokunprod.imgix.net\/d3aa4b08-e624-4200-9c31-42bda1152a7f.jpg?w=300&h=300"},{"name":"thumbnail","url":"https:\/\/bokunprod.imgix.net\/d3aa4b08-e624-4200-9c31-42bda1152a7f.jpg?w=80&h=80&fit=crop","cleanUrl":"https:\/\/bokunprod.imgix.net\/d3aa4b08-e624-4200-9c31-42bda1152a7f.jpg?w=80&h=80&fit=crop"}],"fileName":"\/d3aa4b08-e624-4200-9c31-42bda1152a7f.jpg"},{"id":60253,"originalUrl":"https:\/\/bokun.s3.amazonaws.com\/c0e7fb12-e739-4aa4-8299-709b0c1d310e.jpg","description":"","alternateText":"","flags":[],"derived":[{"name":"large","url":"https:\/\/bokunprod.imgix.net\/c0e7fb12-e739-4aa4-8299-709b0c1d310e.jpg?w=660&h=660","cleanUrl":"https:\/\/bokunprod.imgix.net\/c0e7fb12-e739-4aa4-8299-709b0c1d310e.jpg?w=660&h=660"},{"name":"preview","url":"https:\/\/bokunprod.imgix.net\/c0e7fb12-e739-4aa4-8299-709b0c1d310e.jpg?w=300&h=300","cleanUrl":"https:\/\/bokunprod.imgix.net\/c0e7fb12-e739-4aa4-8299-709b0c1d310e.jpg?w=300&h=300"},{"name":"thumbnail","url":"https:\/\/bokunprod.imgix.net\/c0e7fb12-e739-4aa4-8299-709b0c1d310e.jpg?w=80&h=80&fit=crop","cleanUrl":"https:\/\/bokunprod.imgix.net\/c0e7fb12-e739-4aa4-8299-709b0c1d310e.jpg?w=80&h=80&fit=crop"}],"fileName":"\/c0e7fb12-e739-4aa4-8299-709b0c1d310e.jpg"},{"id":60254,"originalUrl":"https:\/\/bokun.s3.amazonaws.com\/c3a34d8b-097d-40eb-8c67-32dc1e90cfa4.jpg","description":null,"alternateText":null,"flags":[],"derived":[{"name":"large","url":"https:\/\/bokunprod.imgix.net\/c3a34d8b-097d-40eb-8c67-32dc1e90cfa4.jpg?w=660&h=660","cleanUrl":"https:\/\/bokunprod.imgix.net\/c3a34d8b-097d-40eb-8c67-32dc1e90cfa4.jpg?w=660&h=660"},{"name":"preview","url":"https:\/\/bokunprod.imgix.net\/c3a34d8b-097d-40eb-8c67-32dc1e90cfa4.jpg?w=300&h=300","cleanUrl":"https:\/\/bokunprod.imgix.net\/c3a34d8b-097d-40eb-8c67-32dc1e90cfa4.jpg?w=300&h=300"},{"name":"thumbnail","url":"https:\/\/bokunprod.imgix.net\/c3a34d8b-097d-40eb-8c67-32dc1e90cfa4.jpg?w=80&h=80&fit=crop","cleanUrl":"https:\/\/bokunprod.imgix.net\/c3a34d8b-097d-40eb-8c67-32dc1e90cfa4.jpg?w=80&h=80&fit=crop"}],"fileName":"\/c3a34d8b-097d-40eb-8c67-32dc1e90cfa4.jpg"},{"id":60255,"originalUrl":"https:\/\/bokun.s3.amazonaws.com\/bca0be10-d343-4b40-983f-4a6d5b72577e.jpg","description":null,"alternateText":null,"flags":[],"derived":[{"name":"large","url":"https:\/\/bokunprod.imgix.net\/bca0be10-d343-4b40-983f-4a6d5b72577e.jpg?w=660&h=660","cleanUrl":"https:\/\/bokunprod.imgix.net\/bca0be10-d343-4b40-983f-4a6d5b72577e.jpg?w=660&h=660"},{"name":"preview","url":"https:\/\/bokunprod.imgix.net\/bca0be10-d343-4b40-983f-4a6d5b72577e.jpg?w=300&h=300","cleanUrl":"https:\/\/bokunprod.imgix.net\/bca0be10-d343-4b40-983f-4a6d5b72577e.jpg?w=300&h=300"},{"name":"thumbnail","url":"https:\/\/bokunprod.imgix.net\/bca0be10-d343-4b40-983f-4a6d5b72577e.jpg?w=80&h=80&fit=crop","cleanUrl":"https:\/\/bokunprod.imgix.net\/bca0be10-d343-4b40-983f-4a6d5b72577e.jpg?w=80&h=80&fit=crop"}],"fileName":"\/bca0be10-d343-4b40-983f-4a6d5b72577e.jpg"},{"id":60256,"originalUrl":"https:\/\/bokun.s3.amazonaws.com\/ad44aed9-f042-49c5-8a72-a2ad94799591.jpg","description":null,"alternateText":null,"flags":[],"derived":[{"name":"large","url":"https:\/\/bokunprod.imgix.net\/ad44aed9-f042-49c5-8a72-a2ad94799591.jpg?w=660&h=660","cleanUrl":"https:\/\/bokunprod.imgix.net\/ad44aed9-f042-49c5-8a72-a2ad94799591.jpg?w=660&h=660"},{"name":"preview","url":"https:\/\/bokunprod.imgix.net\/ad44aed9-f042-49c5-8a72-a2ad94799591.jpg?w=300&h=300","cleanUrl":"https:\/\/bokunprod.imgix.net\/ad44aed9-f042-49c5-8a72-a2ad94799591.jpg?w=300&h=300"},{"name":"thumbnail","url":"https:\/\/bokunprod.imgix.net\/ad44aed9-f042-49c5-8a72-a2ad94799591.jpg?w=80&h=80&fit=crop","cleanUrl":"https:\/\/bokunprod.imgix.net\/ad44aed9-f042-49c5-8a72-a2ad94799591.jpg?w=80&h=80&fit=crop"}],"fileName":"\/ad44aed9-f042-49c5-8a72-a2ad94799591.jpg"},{"id":60257,"originalUrl":"https:\/\/bokun.s3.amazonaws.com\/3ee0af75-c8bb-4d82-a9bc-27e8ceca1b3f.jpg","description":null,"alternateText":null,"flags":[],"derived":[{"name":"large","url":"https:\/\/bokunprod.imgix.net\/3ee0af75-c8bb-4d82-a9bc-27e8ceca1b3f.jpg?w=660&h=660","cleanUrl":"https:\/\/bokunprod.imgix.net\/3ee0af75-c8bb-4d82-a9bc-27e8ceca1b3f.jpg?w=660&h=660"},{"name":"preview","url":"https:\/\/bokunprod.imgix.net\/3ee0af75-c8bb-4d82-a9bc-27e8ceca1b3f.jpg?w=300&h=300","cleanUrl":"https:\/\/bokunprod.imgix.net\/3ee0af75-c8bb-4d82-a9bc-27e8ceca1b3f.jpg?w=300&h=300"},{"name":"thumbnail","url":"https:\/\/bokunprod.imgix.net\/3ee0af75-c8bb-4d82-a9bc-27e8ceca1b3f.jpg?w=80&h=80&fit=crop","cleanUrl":"https:\/\/bokunprod.imgix.net\/3ee0af75-c8bb-4d82-a9bc-27e8ceca1b3f.jpg?w=80&h=80&fit=crop"}],"fileName":"\/3ee0af75-c8bb-4d82-a9bc-27e8ceca1b3f.jpg"},{"id":60258,"originalUrl":"https:\/\/bokun.s3.amazonaws.com\/5dc6da8d-87d3-4e53-85cd-784b64bb4d55.jpg","description":null,"alternateText":null,"flags":[],"derived":[{"name":"large","url":"https:\/\/bokunprod.imgix.net\/5dc6da8d-87d3-4e53-85cd-784b64bb4d55.jpg?w=660&h=660","cleanUrl":"https:\/\/bokunprod.imgix.net\/5dc6da8d-87d3-4e53-85cd-784b64bb4d55.jpg?w=660&h=660"},{"name":"preview","url":"https:\/\/bokunprod.imgix.net\/5dc6da8d-87d3-4e53-85cd-784b64bb4d55.jpg?w=300&h=300","cleanUrl":"https:\/\/bokunprod.imgix.net\/5dc6da8d-87d3-4e53-85cd-784b64bb4d55.jpg?w=300&h=300"},{"name":"thumbnail","url":"https:\/\/bokunprod.imgix.net\/5dc6da8d-87d3-4e53-85cd-784b64bb4d55.jpg?w=80&h=80&fit=crop","cleanUrl":"https:\/\/bokunprod.imgix.net\/5dc6da8d-87d3-4e53-85cd-784b64bb4d55.jpg?w=80&h=80&fit=crop"}],"fileName":"\/5dc6da8d-87d3-4e53-85cd-784b64bb4d55.jpg"},{"id":60259,"originalUrl":"https:\/\/bokun.s3.amazonaws.com\/8fb65e9f-3c75-4635-9ea1-76cb65946250.jpg","description":null,"alternateText":null,"flags":[],"derived":[{"name":"large","url":"https:\/\/bokunprod.imgix.net\/8fb65e9f-3c75-4635-9ea1-76cb65946250.jpg?w=660&h=660","cleanUrl":"https:\/\/bokunprod.imgix.net\/8fb65e9f-3c75-4635-9ea1-76cb65946250.jpg?w=660&h=660"},{"name":"preview","url":"https:\/\/bokunprod.imgix.net\/8fb65e9f-3c75-4635-9ea1-76cb65946250.jpg?w=300&h=300","cleanUrl":"https:\/\/bokunprod.imgix.net\/8fb65e9f-3c75-4635-9ea1-76cb65946250.jpg?w=300&h=300"},{"name":"thumbnail","url":"https:\/\/bokunprod.imgix.net\/8fb65e9f-3c75-4635-9ea1-76cb65946250.jpg?w=80&h=80&fit=crop","cleanUrl":"https:\/\/bokunprod.imgix.net\/8fb65e9f-3c75-4635-9ea1-76cb65946250.jpg?w=80&h=80&fit=crop"}],"fileName":"\/8fb65e9f-3c75-4635-9ea1-76cb65946250.jpg"},{"id":60260,"originalUrl":"https:\/\/bokun.s3.amazonaws.com\/f024f266-a9c2-4553-b996-bfa9cd5f30fe.jpg","description":null,"alternateText":null,"flags":[],"derived":[{"name":"large","url":"https:\/\/bokunprod.imgix.net\/f024f266-a9c2-4553-b996-bfa9cd5f30fe.jpg?w=660&h=660","cleanUrl":"https:\/\/bokunprod.imgix.net\/f024f266-a9c2-4553-b996-bfa9cd5f30fe.jpg?w=660&h=660"},{"name":"preview","url":"https:\/\/bokunprod.imgix.net\/f024f266-a9c2-4553-b996-bfa9cd5f30fe.jpg?w=300&h=300","cleanUrl":"https:\/\/bokunprod.imgix.net\/f024f266-a9c2-4553-b996-bfa9cd5f30fe.jpg?w=300&h=300"},{"name":"thumbnail","url":"https:\/\/bokunprod.imgix.net\/f024f266-a9c2-4553-b996-bfa9cd5f30fe.jpg?w=80&h=80&fit=crop","cleanUrl":"https:\/\/bokunprod.imgix.net\/f024f266-a9c2-4553-b996-bfa9cd5f30fe.jpg?w=80&h=80&fit=crop"}],"fileName":"\/f024f266-a9c2-4553-b996-bfa9cd5f30fe.jpg"},{"id":60261,"originalUrl":"https:\/\/bokun.s3.amazonaws.com\/3103d82f-982d-47f6-a453-24778b1e6875.jpg","description":null,"alternateText":null,"flags":[],"derived":[{"name":"large","url":"https:\/\/bokunprod.imgix.net\/3103d82f-982d-47f6-a453-24778b1e6875.jpg?w=660&h=660","cleanUrl":"https:\/\/bokunprod.imgix.net\/3103d82f-982d-47f6-a453-24778b1e6875.jpg?w=660&h=660"},{"name":"preview","url":"https:\/\/bokunprod.imgix.net\/3103d82f-982d-47f6-a453-24778b1e6875.jpg?w=300&h=300","cleanUrl":"https:\/\/bokunprod.imgix.net\/3103d82f-982d-47f6-a453-24778b1e6875.jpg?w=300&h=300"},{"name":"thumbnail","url":"https:\/\/bokunprod.imgix.net\/3103d82f-982d-47f6-a453-24778b1e6875.jpg?w=80&h=80&fit=crop","cleanUrl":"https:\/\/bokunprod.imgix.net\/3103d82f-982d-47f6-a453-24778b1e6875.jpg?w=80&h=80&fit=crop"}],"fileName":"\/3103d82f-982d-47f6-a453-24778b1e6875.jpg"},{"id":60262,"originalUrl":"https:\/\/bokun.s3.amazonaws.com\/c750e8b2-9987-4126-b8a0-ecb29dd7fbf4.jpg","description":null,"alternateText":null,"flags":[],"derived":[{"name":"large","url":"https:\/\/bokunprod.imgix.net\/c750e8b2-9987-4126-b8a0-ecb29dd7fbf4.jpg?w=660&h=660","cleanUrl":"https:\/\/bokunprod.imgix.net\/c750e8b2-9987-4126-b8a0-ecb29dd7fbf4.jpg?w=660&h=660"},{"name":"preview","url":"https:\/\/bokunprod.imgix.net\/c750e8b2-9987-4126-b8a0-ecb29dd7fbf4.jpg?w=300&h=300","cleanUrl":"https:\/\/bokunprod.imgix.net\/c750e8b2-9987-4126-b8a0-ecb29dd7fbf4.jpg?w=300&h=300"},{"name":"thumbnail","url":"https:\/\/bokunprod.imgix.net\/c750e8b2-9987-4126-b8a0-ecb29dd7fbf4.jpg?w=80&h=80&fit=crop","cleanUrl":"https:\/\/bokunprod.imgix.net\/c750e8b2-9987-4126-b8a0-ecb29dd7fbf4.jpg?w=80&h=80&fit=crop"}],"fileName":"\/c750e8b2-9987-4126-b8a0-ecb29dd7fbf4.jpg"},{"id":60263,"originalUrl":"https:\/\/bokun.s3.amazonaws.com\/126e49f0-c90c-43ae-b9b2-7223681ec78d.jpg","description":null,"alternateText":null,"flags":[],"derived":[{"name":"large","url":"https:\/\/bokunprod.imgix.net\/126e49f0-c90c-43ae-b9b2-7223681ec78d.jpg?w=660&h=660","cleanUrl":"https:\/\/bokunprod.imgix.net\/126e49f0-c90c-43ae-b9b2-7223681ec78d.jpg?w=660&h=660"},{"name":"preview","url":"https:\/\/bokunprod.imgix.net\/126e49f0-c90c-43ae-b9b2-7223681ec78d.jpg?w=300&h=300","cleanUrl":"https:\/\/bokunprod.imgix.net\/126e49f0-c90c-43ae-b9b2-7223681ec78d.jpg?w=300&h=300"},{"name":"thumbnail","url":"https:\/\/bokunprod.imgix.net\/126e49f0-c90c-43ae-b9b2-7223681ec78d.jpg?w=80&h=80&fit=crop","cleanUrl":"https:\/\/bokunprod.imgix.net\/126e49f0-c90c-43ae-b9b2-7223681ec78d.jpg?w=80&h=80&fit=crop"}],"fileName":"\/126e49f0-c90c-43ae-b9b2-7223681ec78d.jpg"}],"videos":[],"fields":{"durationHours":10,"durationWeeks":0,"durationText":"10 hours","comboComponentsInventory":null,"bookingCutoffDays":1,"dayOptions":[],"meetingType":"MEET_ON_LOCATION","durationDays":0,"durationMinutes":0,"dayBasedAvailability":false,"bookingCutoffMinutes":0,"selectFromDayOptions":false,"comboComponents":[],"bookingCutoffHours":0,"comboActivity":false,"bookingCutoffWeeks":0}},{"id":"18920","externalId":"wt-kq","productGroupId":0,"title":"King and Queen of cliffs","summary":"Hornv\u00edk is without a doubt one of the most beautiful places in Iceland. It is surrounded by two of the three largest bird cliffs in Europe, has a mystic remoteness and magnificent cliffs. When millions of birds shout as loud as they can, one forgets the noise of the traffic and normal life. It is as far away as it can be and the term silence gets a new meaning.\r\n\r\nBefore stepping onto dry land the boat stops for a moment to view the cliffs of H\u00e6lav\u00edkurbjarg, a cliff that reaches almost vertically an altitude of 4-500 meters. Stepping ashore on the other side of the bay, you hike up to the top of Hornbjarg cliff (537 meters). The arctic foxes are nearby and might appear without notice. The tour takes about 10-12 hours, the stay in Hornv\u00edk is around 6-7 hours, spent walking and enjoying all the magnificent things that catch your eyes.\r\nThis hike is for people in moderate shape. The hiking distance is about 6 km on rough and on parts steep grounds.\r\nAdditionally you can order a fresh and homemade lunch package consisting of two bread buns, a power bar and a muffin for 2.100 ISK each.","excerpt":"Hornv\u00edk is without a doubt one of the most beautiful places in Iceland. It is surrounded by two of the three largest bird cliffs in Europe, has a mystic remoteness and magnificent cliffs. When millions of birds shout as loud as they can, one forgets the n","price":43900,"vendor":{"id":110,"title":"Vesturfer\u00f0ir ehf","externalId":"","flags":[]},"box":false,"inventoryLocal":true,"boxedProductId":0,"boxedSupplierId":0,"keywords":[],"flags":[],"reviewRating":0,"reviewCount":0,"baseLanguage":"en","languages":["EN"],"paymentCurrencies":[],"customFields":[],"places":[],"keyPhoto":{"id":59442,"originalUrl":"https:\/\/bokun.s3.amazonaws.com\/7c2e9256-f5ca-4770-b8fb-166de5e0a1a1.jpg","description":"","alternateText":"","flags":[],"derived":[{"name":"large","url":"https:\/\/bokunprod.imgix.net\/7c2e9256-f5ca-4770-b8fb-166de5e0a1a1.jpg?w=660&h=660","cleanUrl":"https:\/\/bokunprod.imgix.net\/7c2e9256-f5ca-4770-b8fb-166de5e0a1a1.jpg?w=660&h=660"},{"name":"preview","url":"https:\/\/bokunprod.imgix.net\/7c2e9256-f5ca-4770-b8fb-166de5e0a1a1.jpg?w=300&h=300","cleanUrl":"https:\/\/bokunprod.imgix.net\/7c2e9256-f5ca-4770-b8fb-166de5e0a1a1.jpg?w=300&h=300"},{"name":"thumbnail","url":"https:\/\/bokunprod.imgix.net\/7c2e9256-f5ca-4770-b8fb-166de5e0a1a1.jpg?w=80&h=80&fit=crop","cleanUrl":"https:\/\/bokunprod.imgix.net\/7c2e9256-f5ca-4770-b8fb-166de5e0a1a1.jpg?w=80&h=80&fit=crop"}],"fileName":"\/7c2e9256-f5ca-4770-b8fb-166de5e0a1a1.jpg"},"photos":[{"id":59439,"originalUrl":"https:\/\/bokun.s3.amazonaws.com\/849481eb-6050-4006-8b02-443eabca7cb0.jpg","description":null,"alternateText":null,"flags":[],"derived":[{"name":"large","url":"https:\/\/bokunprod.imgix.net\/849481eb-6050-4006-8b02-443eabca7cb0.jpg?w=660&h=660","cleanUrl":"https:\/\/bokunprod.imgix.net\/849481eb-6050-4006-8b02-443eabca7cb0.jpg?w=660&h=660"},{"name":"preview","url":"https:\/\/bokunprod.imgix.net\/849481eb-6050-4006-8b02-443eabca7cb0.jpg?w=300&h=300","cleanUrl":"https:\/\/bokunprod.imgix.net\/849481eb-6050-4006-8b02-443eabca7cb0.jpg?w=300&h=300"},{"name":"thumbnail","url":"https:\/\/bokunprod.imgix.net\/849481eb-6050-4006-8b02-443eabca7cb0.jpg?w=80&h=80&fit=crop","cleanUrl":"https:\/\/bokunprod.imgix.net\/849481eb-6050-4006-8b02-443eabca7cb0.jpg?w=80&h=80&fit=crop"}],"fileName":"\/849481eb-6050-4006-8b02-443eabca7cb0.jpg"},{"id":59440,"originalUrl":"https:\/\/bokun.s3.amazonaws.com\/0e113982-12e9-4ed4-94f7-87c4d1815d94.jpg","description":null,"alternateText":null,"flags":[],"derived":[{"name":"large","url":"https:\/\/bokunprod.imgix.net\/0e113982-12e9-4ed4-94f7-87c4d1815d94.jpg?w=660&h=660","cleanUrl":"https:\/\/bokunprod.imgix.net\/0e113982-12e9-4ed4-94f7-87c4d1815d94.jpg?w=660&h=660"},{"name":"preview","url":"https:\/\/bokunprod.imgix.net\/0e113982-12e9-4ed4-94f7-87c4d1815d94.jpg?w=300&h=300","cleanUrl":"https:\/\/bokunprod.imgix.net\/0e113982-12e9-4ed4-94f7-87c4d1815d94.jpg?w=300&h=300"},{"name":"thumbnail","url":"https:\/\/bokunprod.imgix.net\/0e113982-12e9-4ed4-94f7-87c4d1815d94.jpg?w=80&h=80&fit=crop","cleanUrl":"https:\/\/bokunprod.imgix.net\/0e113982-12e9-4ed4-94f7-87c4d1815d94.jpg?w=80&h=80&fit=crop"}],"fileName":"\/0e113982-12e9-4ed4-94f7-87c4d1815d94.jpg"},{"id":59441,"originalUrl":"https:\/\/bokun.s3.amazonaws.com\/64ceb80d-e297-4184-98e4-fcde43989ec4.jpg","description":null,"alternateText":null,"flags":[],"derived":[{"name":"large","url":"https:\/\/bokunprod.imgix.net\/64ceb80d-e297-4184-98e4-fcde43989ec4.jpg?w=660&h=660","cleanUrl":"https:\/\/bokunprod.imgix.net\/64ceb80d-e297-4184-98e4-fcde43989ec4.jpg?w=660&h=660"},{"name":"preview","url":"https:\/\/bokunprod.imgix.net\/64ceb80d-e297-4184-98e4-fcde43989ec4.jpg?w=300&h=300","cleanUrl":"https:\/\/bokunprod.imgix.net\/64ceb80d-e297-4184-98e4-fcde43989ec4.jpg?w=300&h=300"},{"name":"thumbnail","url":"https:\/\/bokunprod.imgix.net\/64ceb80d-e297-4184-98e4-fcde43989ec4.jpg?w=80&h=80&fit=crop","cleanUrl":"https:\/\/bokunprod.imgix.net\/64ceb80d-e297-4184-98e4-fcde43989ec4.jpg?w=80&h=80&fit=crop"}],"fileName":"\/64ceb80d-e297-4184-98e4-fcde43989ec4.jpg"},{"id":59442,"originalUrl":"https:\/\/bokun.s3.amazonaws.com\/7c2e9256-f5ca-4770-b8fb-166de5e0a1a1.jpg","description":"","alternateText":"","flags":[],"derived":[{"name":"large","url":"https:\/\/bokunprod.imgix.net\/7c2e9256-f5ca-4770-b8fb-166de5e0a1a1.jpg?w=660&h=660","cleanUrl":"https:\/\/bokunprod.imgix.net\/7c2e9256-f5ca-4770-b8fb-166de5e0a1a1.jpg?w=660&h=660"},{"name":"preview","url":"https:\/\/bokunprod.imgix.net\/7c2e9256-f5ca-4770-b8fb-166de5e0a1a1.jpg?w=300&h=300","cleanUrl":"https:\/\/bokunprod.imgix.net\/7c2e9256-f5ca-4770-b8fb-166de5e0a1a1.jpg?w=300&h=300"},{"name":"thumbnail","url":"https:\/\/bokunprod.imgix.net\/7c2e9256-f5ca-4770-b8fb-166de5e0a1a1.jpg?w=80&h=80&fit=crop","cleanUrl":"https:\/\/bokunprod.imgix.net\/7c2e9256-f5ca-4770-b8fb-166de5e0a1a1.jpg?w=80&h=80&fit=crop"}],"fileName":"\/7c2e9256-f5ca-4770-b8fb-166de5e0a1a1.jpg"},{"id":59443,"originalUrl":"https:\/\/bokun.s3.amazonaws.com\/e5d3b114-f6b8-47d5-8742-129a48719808.jpg","description":null,"alternateText":null,"flags":[],"derived":[{"name":"large","url":"https:\/\/bokunprod.imgix.net\/e5d3b114-f6b8-47d5-8742-129a48719808.jpg?w=660&h=660","cleanUrl":"https:\/\/bokunprod.imgix.net\/e5d3b114-f6b8-47d5-8742-129a48719808.jpg?w=660&h=660"},{"name":"preview","url":"https:\/\/bokunprod.imgix.net\/e5d3b114-f6b8-47d5-8742-129a48719808.jpg?w=300&h=300","cleanUrl":"https:\/\/bokunprod.imgix.net\/e5d3b114-f6b8-47d5-8742-129a48719808.jpg?w=300&h=300"},{"name":"thumbnail","url":"https:\/\/bokunprod.imgix.net\/e5d3b114-f6b8-47d5-8742-129a48719808.jpg?w=80&h=80&fit=crop","cleanUrl":"https:\/\/bokunprod.imgix.net\/e5d3b114-f6b8-47d5-8742-129a48719808.jpg?w=80&h=80&fit=crop"}],"fileName":"\/e5d3b114-f6b8-47d5-8742-129a48719808.jpg"},{"id":59444,"originalUrl":"https:\/\/bokun.s3.amazonaws.com\/d918e4c5-8669-4974-b385-a756e1e113d4.jpg","description":null,"alternateText":null,"flags":[],"derived":[{"name":"large","url":"https:\/\/bokunprod.imgix.net\/d918e4c5-8669-4974-b385-a756e1e113d4.jpg?w=660&h=660","cleanUrl":"https:\/\/bokunprod.imgix.net\/d918e4c5-8669-4974-b385-a756e1e113d4.jpg?w=660&h=660"},{"name":"preview","url":"https:\/\/bokunprod.imgix.net\/d918e4c5-8669-4974-b385-a756e1e113d4.jpg?w=300&h=300","cleanUrl":"https:\/\/bokunprod.imgix.net\/d918e4c5-8669-4974-b385-a756e1e113d4.jpg?w=300&h=300"},{"name":"thumbnail","url":"https:\/\/bokunprod.imgix.net\/d918e4c5-8669-4974-b385-a756e1e113d4.jpg?w=80&h=80&fit=crop","cleanUrl":"https:\/\/bokunprod.imgix.net\/d918e4c5-8669-4974-b385-a756e1e113d4.jpg?w=80&h=80&fit=crop"}],"fileName":"\/d918e4c5-8669-4974-b385-a756e1e113d4.jpg"},{"id":59445,"originalUrl":"https:\/\/bokun.s3.amazonaws.com\/2486660a-b5a5-4061-825b-7118c6791781.jpg","description":null,"alternateText":null,"flags":[],"derived":[{"name":"large","url":"https:\/\/bokunprod.imgix.net\/2486660a-b5a5-4061-825b-7118c6791781.jpg?w=660&h=660","cleanUrl":"https:\/\/bokunprod.imgix.net\/2486660a-b5a5-4061-825b-7118c6791781.jpg?w=660&h=660"},{"name":"preview","url":"https:\/\/bokunprod.imgix.net\/2486660a-b5a5-4061-825b-7118c6791781.jpg?w=300&h=300","cleanUrl":"https:\/\/bokunprod.imgix.net\/2486660a-b5a5-4061-825b-7118c6791781.jpg?w=300&h=300"},{"name":"thumbnail","url":"https:\/\/bokunprod.imgix.net\/2486660a-b5a5-4061-825b-7118c6791781.jpg?w=80&h=80&fit=crop","cleanUrl":"https:\/\/bokunprod.imgix.net\/2486660a-b5a5-4061-825b-7118c6791781.jpg?w=80&h=80&fit=crop"}],"fileName":"\/2486660a-b5a5-4061-825b-7118c6791781.jpg"}],"videos":[],"fields":{"durationHours":12,"durationWeeks":0,"durationText":"12 hours","comboComponentsInventory":null,"bookingCutoffDays":0,"dayOptions":[],"meetingType":"MEET_ON_LOCATION","durationDays":0,"durationMinutes":0,"dayBasedAvailability":false,"bookingCutoffMinutes":0,"selectFromDayOptions":false,"comboComponents":[],"bookingCutoffHours":1,"comboActivity":false,"bookingCutoffWeeks":0}},{"id":"18908","externalId":"wt-vpi","productGroupId":0,"title":"Vigur - Paradise Island","summary":"There is always something charming about small islands, and the harmony of thousands of birds in Vigur completes the beautiful landscape. Over the years, the island Vigur has earned itself a great reputation and is therefore a must on any itinerary. Its five friendly inhabitants welcome you with their relaxed easy manner and somehow, one feels that time stands still in Vigur.\r\n\r\nAfter a half an hour boat ride from \u00cdsafj\u00f6r\u00f0ur, you take a leisurely walk around the island. It\u00b4s a perfect opportunity to see the abundance of birds in their natural environment. The island is a home for thousands of birds e.g. eider ducks, arctic terns, puffins, black guillemot and more. The only windmill in Iceland is located in Vigur. Refreshments are served by the farmer\u2019s family.\r\n\r\nPrior to heading back, you can visit the smallest post office in Europe and send home a card or two. The tour takes approximately 3 hours.","excerpt":"","price":11000,"vendor":{"id":110,"title":"Vesturfer\u00f0ir ehf","externalId":"","flags":[]},"box":false,"inventoryLocal":true,"boxedProductId":0,"boxedSupplierId":0,"keywords":["westfjords","vigur island","boat tour","nature","farm visit","birds","guided"],"flags":[],"reviewRating":0,"reviewCount":0,"baseLanguage":"en","languages":["EN"],"paymentCurrencies":[],"customFields":[],"places":[],"keyPhoto":{"id":59431,"originalUrl":"https:\/\/bokun.s3.amazonaws.com\/ee5025de-5dab-462b-94b9-150ec53e97b8.jpg","description":"","alternateText":"","flags":[],"derived":[{"name":"large","url":"https:\/\/bokunprod.imgix.net\/ee5025de-5dab-462b-94b9-150ec53e97b8.jpg?w=660&h=660","cleanUrl":"https:\/\/bokunprod.imgix.net\/ee5025de-5dab-462b-94b9-150ec53e97b8.jpg?w=660&h=660"},{"name":"preview","url":"https:\/\/bokunprod.imgix.net\/ee5025de-5dab-462b-94b9-150ec53e97b8.jpg?w=300&h=300","cleanUrl":"https:\/\/bokunprod.imgix.net\/ee5025de-5dab-462b-94b9-150ec53e97b8.jpg?w=300&h=300"},{"name":"thumbnail","url":"https:\/\/bokunprod.imgix.net\/ee5025de-5dab-462b-94b9-150ec53e97b8.jpg?w=80&h=80&fit=crop","cleanUrl":"https:\/\/bokunprod.imgix.net\/ee5025de-5dab-462b-94b9-150ec53e97b8.jpg?w=80&h=80&fit=crop"}],"fileName":"\/ee5025de-5dab-462b-94b9-150ec53e97b8.jpg"},"photos":[{"id":59423,"originalUrl":"https:\/\/bokun.s3.amazonaws.com\/436589d6-83be-401e-8099-c6d7d2fc01b2.jpg","description":null,"alternateText":null,"flags":[],"derived":[{"name":"large","url":"https:\/\/bokunprod.imgix.net\/436589d6-83be-401e-8099-c6d7d2fc01b2.jpg?w=660&h=660","cleanUrl":"https:\/\/bokunprod.imgix.net\/436589d6-83be-401e-8099-c6d7d2fc01b2.jpg?w=660&h=660"},{"name":"preview","url":"https:\/\/bokunprod.imgix.net\/436589d6-83be-401e-8099-c6d7d2fc01b2.jpg?w=300&h=300","cleanUrl":"https:\/\/bokunprod.imgix.net\/436589d6-83be-401e-8099-c6d7d2fc01b2.jpg?w=300&h=300"},{"name":"thumbnail","url":"https:\/\/bokunprod.imgix.net\/436589d6-83be-401e-8099-c6d7d2fc01b2.jpg?w=80&h=80&fit=crop","cleanUrl":"https:\/\/bokunprod.imgix.net\/436589d6-83be-401e-8099-c6d7d2fc01b2.jpg?w=80&h=80&fit=crop"}],"fileName":"\/436589d6-83be-401e-8099-c6d7d2fc01b2.jpg"},{"id":59424,"originalUrl":"https:\/\/bokun.s3.amazonaws.com\/99c1f6ae-546e-4a87-87ae-54c277bff7eb.jpg","description":null,"alternateText":null,"flags":[],"derived":[{"name":"large","url":"https:\/\/bokunprod.imgix.net\/99c1f6ae-546e-4a87-87ae-54c277bff7eb.jpg?w=660&h=660","cleanUrl":"https:\/\/bokunprod.imgix.net\/99c1f6ae-546e-4a87-87ae-54c277bff7eb.jpg?w=660&h=660"},{"name":"preview","url":"https:\/\/bokunprod.imgix.net\/99c1f6ae-546e-4a87-87ae-54c277bff7eb.jpg?w=300&h=300","cleanUrl":"https:\/\/bokunprod.imgix.net\/99c1f6ae-546e-4a87-87ae-54c277bff7eb.jpg?w=300&h=300"},{"name":"thumbnail","url":"https:\/\/bokunprod.imgix.net\/99c1f6ae-546e-4a87-87ae-54c277bff7eb.jpg?w=80&h=80&fit=crop","cleanUrl":"https:\/\/bokunprod.imgix.net\/99c1f6ae-546e-4a87-87ae-54c277bff7eb.jpg?w=80&h=80&fit=crop"}],"fileName":"\/99c1f6ae-546e-4a87-87ae-54c277bff7eb.jpg"},{"id":59426,"originalUrl":"https:\/\/bokun.s3.amazonaws.com\/f5005f14-a204-4e89-8dd7-8b60128432e4.jpg","description":null,"alternateText":null,"flags":[],"derived":[{"name":"large","url":"https:\/\/bokunprod.imgix.net\/f5005f14-a204-4e89-8dd7-8b60128432e4.jpg?w=660&h=660","cleanUrl":"https:\/\/bokunprod.imgix.net\/f5005f14-a204-4e89-8dd7-8b60128432e4.jpg?w=660&h=660"},{"name":"preview","url":"https:\/\/bokunprod.imgix.net\/f5005f14-a204-4e89-8dd7-8b60128432e4.jpg?w=300&h=300","cleanUrl":"https:\/\/bokunprod.imgix.net\/f5005f14-a204-4e89-8dd7-8b60128432e4.jpg?w=300&h=300"},{"name":"thumbnail","url":"https:\/\/bokunprod.imgix.net\/f5005f14-a204-4e89-8dd7-8b60128432e4.jpg?w=80&h=80&fit=crop","cleanUrl":"https:\/\/bokunprod.imgix.net\/f5005f14-a204-4e89-8dd7-8b60128432e4.jpg?w=80&h=80&fit=crop"}],"fileName":"\/f5005f14-a204-4e89-8dd7-8b60128432e4.jpg"},{"id":59427,"originalUrl":"https:\/\/bokun.s3.amazonaws.com\/fde98db1-6df9-4960-9f8f-9814f7b3a9cc.jpg","description":null,"alternateText":null,"flags":[],"derived":[{"name":"large","url":"https:\/\/bokunprod.imgix.net\/fde98db1-6df9-4960-9f8f-9814f7b3a9cc.jpg?w=660&h=660","cleanUrl":"https:\/\/bokunprod.imgix.net\/fde98db1-6df9-4960-9f8f-9814f7b3a9cc.jpg?w=660&h=660"},{"name":"preview","url":"https:\/\/bokunprod.imgix.net\/fde98db1-6df9-4960-9f8f-9814f7b3a9cc.jpg?w=300&h=300","cleanUrl":"https:\/\/bokunprod.imgix.net\/fde98db1-6df9-4960-9f8f-9814f7b3a9cc.jpg?w=300&h=300"},{"name":"thumbnail","url":"https:\/\/bokunprod.imgix.net\/fde98db1-6df9-4960-9f8f-9814f7b3a9cc.jpg?w=80&h=80&fit=crop","cleanUrl":"https:\/\/bokunprod.imgix.net\/fde98db1-6df9-4960-9f8f-9814f7b3a9cc.jpg?w=80&h=80&fit=crop"}],"fileName":"\/fde98db1-6df9-4960-9f8f-9814f7b3a9cc.jpg"},{"id":59428,"originalUrl":"https:\/\/bokun.s3.amazonaws.com\/05b75a7d-908b-46b3-abae-d355001b7cea.jpg","description":null,"alternateText":null,"flags":[],"derived":[{"name":"large","url":"https:\/\/bokunprod.imgix.net\/05b75a7d-908b-46b3-abae-d355001b7cea.jpg?w=660&h=660","cleanUrl":"https:\/\/bokunprod.imgix.net\/05b75a7d-908b-46b3-abae-d355001b7cea.jpg?w=660&h=660"},{"name":"preview","url":"https:\/\/bokunprod.imgix.net\/05b75a7d-908b-46b3-abae-d355001b7cea.jpg?w=300&h=300","cleanUrl":"https:\/\/bokunprod.imgix.net\/05b75a7d-908b-46b3-abae-d355001b7cea.jpg?w=300&h=300"},{"name":"thumbnail","url":"https:\/\/bokunprod.imgix.net\/05b75a7d-908b-46b3-abae-d355001b7cea.jpg?w=80&h=80&fit=crop","cleanUrl":"https:\/\/bokunprod.imgix.net\/05b75a7d-908b-46b3-abae-d355001b7cea.jpg?w=80&h=80&fit=crop"}],"fileName":"\/05b75a7d-908b-46b3-abae-d355001b7cea.jpg"},{"id":59429,"originalUrl":"https:\/\/bokun.s3.amazonaws.com\/d5702c20-91f5-44f6-9552-25786538c913.jpg","description":null,"alternateText":null,"flags":[],"derived":[{"name":"large","url":"https:\/\/bokunprod.imgix.net\/d5702c20-91f5-44f6-9552-25786538c913.jpg?w=660&h=660","cleanUrl":"https:\/\/bokunprod.imgix.net\/d5702c20-91f5-44f6-9552-25786538c913.jpg?w=660&h=660"},{"name":"preview","url":"https:\/\/bokunprod.imgix.net\/d5702c20-91f5-44f6-9552-25786538c913.jpg?w=300&h=300","cleanUrl":"https:\/\/bokunprod.imgix.net\/d5702c20-91f5-44f6-9552-25786538c913.jpg?w=300&h=300"},{"name":"thumbnail","url":"https:\/\/bokunprod.imgix.net\/d5702c20-91f5-44f6-9552-25786538c913.jpg?w=80&h=80&fit=crop","cleanUrl":"https:\/\/bokunprod.imgix.net\/d5702c20-91f5-44f6-9552-25786538c913.jpg?w=80&h=80&fit=crop"}],"fileName":"\/d5702c20-91f5-44f6-9552-25786538c913.jpg"},{"id":59430,"originalUrl":"https:\/\/bokun.s3.amazonaws.com\/e7a31d09-5deb-48bb-b707-0b98f36c9666.jpg","description":null,"alternateText":null,"flags":[],"derived":[{"name":"large","url":"https:\/\/bokunprod.imgix.net\/e7a31d09-5deb-48bb-b707-0b98f36c9666.jpg?w=660&h=660","cleanUrl":"https:\/\/bokunprod.imgix.net\/e7a31d09-5deb-48bb-b707-0b98f36c9666.jpg?w=660&h=660"},{"name":"preview","url":"https:\/\/bokunprod.imgix.net\/e7a31d09-5deb-48bb-b707-0b98f36c9666.jpg?w=300&h=300","cleanUrl":"https:\/\/bokunprod.imgix.net\/e7a31d09-5deb-48bb-b707-0b98f36c9666.jpg?w=300&h=300"},{"name":"thumbnail","url":"https:\/\/bokunprod.imgix.net\/e7a31d09-5deb-48bb-b707-0b98f36c9666.jpg?w=80&h=80&fit=crop","cleanUrl":"https:\/\/bokunprod.imgix.net\/e7a31d09-5deb-48bb-b707-0b98f36c9666.jpg?w=80&h=80&fit=crop"}],"fileName":"\/e7a31d09-5deb-48bb-b707-0b98f36c9666.jpg"},{"id":59431,"originalUrl":"https:\/\/bokun.s3.amazonaws.com\/ee5025de-5dab-462b-94b9-150ec53e97b8.jpg","description":"","alternateText":"","flags":[],"derived":[{"name":"large","url":"https:\/\/bokunprod.imgix.net\/ee5025de-5dab-462b-94b9-150ec53e97b8.jpg?w=660&h=660","cleanUrl":"https:\/\/bokunprod.imgix.net\/ee5025de-5dab-462b-94b9-150ec53e97b8.jpg?w=660&h=660"},{"name":"preview","url":"https:\/\/bokunprod.imgix.net\/ee5025de-5dab-462b-94b9-150ec53e97b8.jpg?w=300&h=300","cleanUrl":"https:\/\/bokunprod.imgix.net\/ee5025de-5dab-462b-94b9-150ec53e97b8.jpg?w=300&h=300"},{"name":"thumbnail","url":"https:\/\/bokunprod.imgix.net\/ee5025de-5dab-462b-94b9-150ec53e97b8.jpg?w=80&h=80&fit=crop","cleanUrl":"https:\/\/bokunprod.imgix.net\/ee5025de-5dab-462b-94b9-150ec53e97b8.jpg?w=80&h=80&fit=crop"}],"fileName":"\/ee5025de-5dab-462b-94b9-150ec53e97b8.jpg"}],"videos":[],"fields":{"durationHours":3,"durationWeeks":0,"durationText":"3 hours","comboComponentsInventory":null,"bookingCutoffDays":0,"dayOptions":[],"meetingType":"MEET_ON_LOCATION","durationDays":0,"durationMinutes":0,"dayBasedAvailability":false,"bookingCutoffMinutes":0,"selectFromDayOptions":false,"comboComponents":[],"bookingCutoffHours":1,"comboActivity":false,"bookingCutoffWeeks":0}}]}