{"trips":[{"id":22433,"externalId":"PT-WAS","productGroupId":328,"productCategory":"ACTIVITIES","box":false,"inventoryLocal":true,"inventorySupportsPricing":false,"inventorySupportsAvailability":true,"lastPublished":"2018-04-13T14:13:25.166Z","title":"Wild Arctic Sunset","description":"","excerpt":"","cancellationPolicy":{"id":5600,"title":"Day Tours & Shore Excursions","penaltyRules":[{"id":6788,"cutoffHours":48,"charge":100,"chargeType":"PERCENTAGE"},{"id":6789,"cutoffHours":720,"charge":50,"chargeType":"PERCENTAGE"},{"id":6790,"cutoffHours":4320,"charge":25,"chargeType":"PERCENTAGE"}],"tax":{"id":23,"title":"VSK 11%","percentage":11,"included":true,"roundingMode":"DOWN"}},"requiredCustomerFields":["firstName","lastName","nationality"],"keywords":[],"flags":[],"slug":null,"baseLanguage":"en","languages":["EN"],"paymentCurrencies":[],"customFields":[],"tagGroups":[],"categories":[],"keyPhoto":null,"photos":[],"videos":[],"vendor":{"id":253,"title":"Wild Westfjords","currencyCode":"ISK","showInvoiceIdOnTicket":false,"showAgentDetailsOnTicket":false,"showPaymentsOnInvoice":false},"boxedVendor":null,"storedExternally":false,"pluginId":null,"reviewRating":0,"reviewCount":0,"activityType":"DAY_TOUR_OR_ACTIVITY","bookingType":"DATE","scheduleType":"FIXED","capacityType":"ON_REQUEST","passExpiryType":null,"meetingType":"PICK_UP","passCapacity":10,"passesAvailable":0,"dressCode":false,"passportRequired":false,"supportedAccessibilityTypes":[],"startPoints":[],"included":"","requirements":"","attention":"","locationCode":{"id":55926,"country":"IS","location":"ISA","name":"Isafj\u00f8rdur - h\u00f8fn","nameWoDiacritics":"Isafjordur - hofn","status":"AC","function":"1-------","date":9601,"iata":"IFJ"},"bookingCutoffMinutes":0,"bookingCutoffHours":24,"bookingCutoffDays":0,"bookingCutoffWeeks":0,"requestDeadlineMinutes":0,"requestDeadlineHours":0,"requestDeadlineDays":2,"requestDeadlineWeeks":0,"boxedActivityId":0,"comboActivity":false,"dayBasedAvailability":true,"selectFromDayOptions":false,"dayOptions":[],"activityCategories":[],"activityAttributes":[],"guidanceTypes":[{"id":null,"created":[2018,5,6,16,25,51,311000000],"guidanceType":"GUIDED","languages":["en","de"]}],"defaultRateId":37023,"rates":[{"id":37023,"title":"Super Jeep (max 6 pax)","description":null,"index":0,"rateCode":null,"pricedPerPerson":false,"minPerBooking":1,"maxPerBooking":0,"cancellationPolicy":{"id":5600,"created":[2018,5,6,16,25,51,311000000],"title":"Day Tours & Shore Excursions","tax":{"id":23,"created":[2018,5,6,16,25,51,311000000],"title":"VSK 11%","included":true,"roundingMode":null,"currency":null,"percentages":[]},"penaltyRules":[{"id":6788,"created":[2018,5,6,16,25,51,311000000],"cutoffHours":48,"percentage":100},{"id":6789,"created":[2018,5,6,16,25,51,311000000],"cutoffHours":720,"percentage":50},{"id":6790,"created":[2018,5,6,16,25,51,311000000],"cutoffHours":4320,"percentage":25}]},"fixedPassExpiryDate":null,"passValidForDays":0,"pickupSelectionType":"PRESELECTED","pickupPricingType":"INCLUDED_IN_PRICE","pickupPricedPerPerson":false,"dropoffSelectionType":"UNAVAILABLE","dropoffPricingType":"INCLUDED_IN_PRICE","dropoffPricedPerPerson":false,"extraConfigs":[],"startTimeIds":[],"pricingCategoryIds":[]},{"id":37024,"title":"Mini Bus (max 16 pax)","description":null,"index":1,"rateCode":null,"pricedPerPerson":false,"minPerBooking":1,"maxPerBooking":0,"cancellationPolicy":{"id":5166,"created":[2018,5,6,16,25,51,311000000],"title":"Day Tours & Shore Excursions","tax":{"id":23,"created":[2018,5,6,16,25,51,311000000],"title":"VSK 11%","included":true,"roundingMode":null,"currency":null,"percentages":[]},"penaltyRules":[{"id":6226,"created":[2018,5,6,16,25,51,311000000],"cutoffHours":48,"percentage":100},{"id":6227,"created":[2018,5,6,16,25,51,311000000],"cutoffHours":336,"percentage":50},{"id":6228,"created":[2018,5,6,16,25,51,311000000],"cutoffHours":720,"percentage":25}]},"fixedPassExpiryDate":null,"passValidForDays":0,"pickupSelectionType":"PRESELECTED","pickupPricingType":"INCLUDED_IN_PRICE","pickupPricedPerPerson":false,"dropoffSelectionType":"UNAVAILABLE","dropoffPricingType":"INCLUDED_IN_PRICE","dropoffPricedPerPerson":false,"extraConfigs":[],"startTimeIds":[],"pricingCategoryIds":[]}],"ticketPerPerson":false,"durationType":"HOURS","duration":4,"durationMinutes":0,"durationHours":4,"durationDays":0,"durationWeeks":0,"durationText":"4 hours","minAge":0,"nextDefaultPrice":86000,"nextDefaultPriceMoney":{"amount":86000,"currency":"ISK"},"pickupService":true,"pickupAllotment":false,"useComponentPickupAllotments":false,"pickupFlags":[],"customPickupAllowed":true,"pickupMinutesBefore":0,"noPickupMsg":"","showGlobalPickupMsg":false,"showNoPickupMsg":false,"dropoffService":false,"dropoffFlags":[],"customDropoffAllowed":false,"difficultyLevel":"EASY","pricingCategories":[{"id":4225,"title":"Private tour","ticketCategory":"OTHER","occupancy":1,"ageQualified":false,"minAge":0,"maxAge":0,"dependent":false,"masterCategoryId":4012,"maxPerMaster":0,"sumDependentCategories":false,"maxDependentSum":0,"internalUseOnly":false,"flags":[],"defaultCategory":true,"fullTitle":"Private tour"}],"agendaItems":[],"startTimes":[{"id":57204,"hour":0,"minute":0,"overrideTimeWhenPickup":false,"pickupHour":0,"pickupMinute":0,"durationType":"H","duration":4,"durationMinutes":0,"durationHours":4,"durationDays":0,"durationWeeks":0,"flags":["flexible"]}],"bookableExtras":[],"route":null,"hasOpeningHours":false,"defaultOpeningHours":null,"seasonalOpeningHours":[],"displaySettings":{"showPickupPlaces":true,"showRouteMap":false,"selectRateBasedOnStartTime":false,"customFields":[]},"requestDeadline":172800000,"actualId":22433,"bookingCutoff":1440,"actualVendor":{"id":253,"title":"Wild Westfjords","currencyCode":"ISK","showInvoiceIdOnTicket":false,"showAgentDetailsOnTicket":false,"showPaymentsOnInvoice":false},"prices":[],"season":"Summer"},{"id":10542,"externalId":"TW","productGroupId":344,"productCategory":"ACTIVITIES","box":false,"inventoryLocal":true,"inventorySupportsPricing":false,"inventorySupportsAvailability":true,"lastPublished":"2018-04-22T15:39:29.367Z","title":"The Westfjords - Latrabjarg, Raudasandur & Dynjandi","description":"","excerpt":"","cancellationPolicy":{"id":2059,"title":"Group Multi-Day Tours","penaltyRules":[{"id":2073,"cutoffHours":1440,"charge":100,"chargeType":"PERCENTAGE"},{"id":2074,"cutoffHours":4320,"charge":25,"chargeType":"PERCENTAGE"}],"tax":{"id":23,"title":"VSK 11%","percentage":11,"included":true,"roundingMode":"DOWN"}},"requiredCustomerFields":[],"keywords":[],"flags":[],"slug":null,"baseLanguage":"en","languages":["EN"],"paymentCurrencies":[],"customFields":[],"tagGroups":[],"categories":[],"keyPhoto":null,"photos":[],"videos":[],"vendor":{"id":253,"title":"Wild Westfjords","currencyCode":"ISK","showInvoiceIdOnTicket":false,"showAgentDetailsOnTicket":false,"showPaymentsOnInvoice":false},"boxedVendor":null,"storedExternally":false,"pluginId":null,"reviewRating":0,"reviewCount":0,"activityType":"MULTI_DAY_TOUR","bookingType":"DATE_AND_TIME","scheduleType":"FIXED","capacityType":"LIMITED","passExpiryType":null,"meetingType":"MEET_ON_LOCATION_OR_PICK_UP","passCapacity":10,"passesAvailable":0,"dressCode":false,"passportRequired":false,"supportedAccessibilityTypes":[],"startPoints":[{"id":1511,"created":[2018,5,6,16,25,51,981000000],"type":null,"title":"Wild Westfjords","code":null,"address":{"id":65072,"created":[2018,5,6,16,25,51,981000000],"addressLine1":"9 Hafnarstr\u00e6ti","addressLine2":"","addressLine3":null,"city":"\u00cdsafj\u00f6r\u00f0ur","state":null,"postalCode":"","countryCode":"IS","mapZoomLevel":16,"geoPoint":{"latitude":66.073513326301025472275796346366405487060546875,"longitude":-23.120684623718265271463678800500929355621337890625},"unLocode":{"country":"IS","city":"ISA"}},"pickupTicketDescription":null,"dropoffTicketDescription":null,"labels":[]}],"included":"","requirements":"","attention":"","locationCode":{"id":55926,"country":"IS","location":"ISA","name":"Isafj\u00f8rdur - h\u00f8fn","nameWoDiacritics":"Isafjordur - hofn","status":"AC","function":"1-------","date":9601,"iata":"IFJ"},"bookingCutoffMinutes":0,"bookingCutoffHours":0,"bookingCutoffDays":7,"bookingCutoffWeeks":0,"requestDeadlineMinutes":0,"requestDeadlineHours":0,"requestDeadlineDays":2,"requestDeadlineWeeks":0,"boxedActivityId":0,"comboActivity":false,"dayBasedAvailability":false,"selectFromDayOptions":false,"dayOptions":[],"activityCategories":["SIGHTSEEING"],"activityAttributes":[],"guidanceTypes":[{"id":null,"created":[2018,5,6,16,25,51,981000000],"guidanceType":"GUIDED","languages":["en"]}],"defaultRateId":9949,"rates":[{"id":9949,"title":"Standard rate","description":null,"index":0,"rateCode":null,"pricedPerPerson":true,"minPerBooking":1,"maxPerBooking":0,"cancellationPolicy":{"id":2059,"created":[2018,5,6,16,25,51,981000000],"title":"Group Multi-Day Tours","tax":{"id":23,"created":[2018,5,6,16,25,51,981000000],"title":"VSK 11%","included":true,"roundingMode":null,"currency":null,"percentages":[]},"penaltyRules":[{"id":2073,"created":[2018,5,6,16,25,51,981000000],"cutoffHours":1440,"percentage":100},{"id":2074,"created":[2018,5,6,16,25,51,981000000],"cutoffHours":4320,"percentage":25}]},"fixedPassExpiryDate":null,"passValidForDays":0,"pickupSelectionType":"OPTIONAL","pickupPricingType":"INCLUDED_IN_PRICE","pickupPricedPerPerson":false,"dropoffSelectionType":"OPTIONAL","dropoffPricingType":"INCLUDED_IN_PRICE","dropoffPricedPerPerson":false,"extraConfigs":[{"id":null,"created":[2018,5,6,16,25,51,981000000],"activityExtraId":30667,"selectionType":"OPTIONAL","pricingType":"PRICED_SEPARATELY","pricedPerPerson":true},{"id":null,"created":[2018,5,6,16,25,51,981000000],"activityExtraId":34060,"selectionType":"OPTIONAL","pricingType":"PRICED_SEPARATELY","pricedPerPerson":true},{"id":null,"created":[2018,5,6,16,25,51,981000000],"activityExtraId":34061,"selectionType":"OPTIONAL","pricingType":"PRICED_SEPARATELY","pricedPerPerson":true}],"startTimeIds":[],"pricingCategoryIds":[]}],"ticketPerPerson":false,"durationType":"DAYS","duration":2,"durationMinutes":0,"durationHours":0,"durationDays":2,"durationWeeks":0,"durationText":"2 days","minAge":0,"nextDefaultPrice":100000,"nextDefaultPriceMoney":{"amount":100000,"currency":"ISK"},"pickupService":true,"pickupAllotment":false,"useComponentPickupAllotments":false,"pickupFlags":[],"customPickupAllowed":false,"pickupMinutesBefore":0,"noPickupMsg":"","showGlobalPickupMsg":false,"showNoPickupMsg":false,"dropoffService":true,"dropoffFlags":[],"customDropoffAllowed":false,"difficultyLevel":"EASY","pricingCategories":[{"id":4012,"title":"Adult","ticketCategory":"ADULT","occupancy":1,"ageQualified":true,"minAge":12,"maxAge":0,"dependent":false,"masterCategoryId":3946,"maxPerMaster":0,"sumDependentCategories":false,"maxDependentSum":0,"internalUseOnly":false,"flags":[],"defaultCategory":true,"fullTitle":"Adult (12+)"},{"id":4414,"title":"Kid 0-11","ticketCategory":"OTHER","occupancy":1,"ageQualified":true,"minAge":0,"maxAge":11,"dependent":true,"masterCategoryId":4012,"maxPerMaster":2,"sumDependentCategories":false,"maxDependentSum":0,"internalUseOnly":false,"flags":[],"defaultCategory":false,"fullTitle":"Kid 0-11 (0 - 11)"}],"agendaItems":[],"startTimes":[{"id":38486,"hour":10,"minute":0,"overrideTimeWhenPickup":false,"pickupHour":0,"pickupMinute":0,"durationType":"D","duration":2,"durationMinutes":0,"durationHours":0,"durationDays":2,"durationWeeks":0,"flags":[]},{"id":38485,"hour":13,"minute":30,"overrideTimeWhenPickup":false,"pickupHour":0,"pickupMinute":0,"durationType":"D","duration":2,"durationMinutes":0,"durationHours":0,"durationDays":2,"durationWeeks":0,"flags":[]}],"bookableExtras":[{"id":30667,"externalId":"","title":"Make this a multi-day tour from Reykjav\u00edk (also book domestic flights and airport hotel transfers)","information":"","included":false,"free":false,"productGroupId":0,"pricingType":"PER_PERSON","pricingTypeLabel":"per person","price":50000,"increasesCapacity":false,"maxPerBooking":0,"limitByPax":true,"flags":[],"questions":[{"id":1571,"active":true,"label":"Reykjav\u00edk pickup point","type":"TYPE_ANSWER","options":"","answerRequired":true,"flags":[]},{"id":1572,"active":true,"label":"Please specify preferred dates and timings for domestic flights (we will book the closest possible or contact you to confirm)","type":"TYPE_ANSWER","options":"","answerRequired":true,"flags":[]}]},{"id":34060,"externalId":"","title":"Single room supplement","information":"","included":false,"free":false,"productGroupId":0,"pricingType":"PER_PERSON","pricingTypeLabel":"per person","price":10000,"increasesCapacity":false,"maxPerBooking":0,"limitByPax":true,"flags":[],"questions":[]},{"id":34061,"externalId":"","title":"Superior room supplement","information":"","included":false,"free":false,"productGroupId":0,"pricingType":"PER_PERSON","pricingTypeLabel":"per person","price":5000,"increasesCapacity":false,"maxPerBooking":0,"limitByPax":true,"flags":[],"questions":[]}],"route":null,"hasOpeningHours":false,"defaultOpeningHours":null,"seasonalOpeningHours":[],"displaySettings":{"showPickupPlaces":true,"showRouteMap":false,"selectRateBasedOnStartTime":false,"customFields":[]},"requestDeadline":172800000,"actualId":10542,"bookingCutoff":10080,"actualVendor":{"id":253,"title":"Wild Westfjords","currencyCode":"ISK","showInvoiceIdOnTicket":false,"showAgentDetailsOnTicket":false,"showPaymentsOnInvoice":false},"prices":[{"id":4012,"type":"ADULT","amount":100000,"minAge":12,"maxAge":0},{"id":4414,"type":"OTHER","amount":50000,"minAge":0,"maxAge":11}],"season":"Summer"},{"id":19142,"externalId":"ICW","productGroupId":328,"productCategory":"ACTIVITIES","box":false,"inventoryLocal":true,"inventorySupportsPricing":false,"inventorySupportsAvailability":true,"lastPublished":"2018-04-22T15:40:03.180Z","title":"Isafjordur Culture Walk","description":"","excerpt":"","cancellationPolicy":{"id":5600,"title":"Day Tours & Shore Excursions","penaltyRules":[{"id":6788,"cutoffHours":48,"charge":100,"chargeType":"PERCENTAGE"},{"id":6789,"cutoffHours":720,"charge":50,"chargeType":"PERCENTAGE"},{"id":6790,"cutoffHours":4320,"charge":25,"chargeType":"PERCENTAGE"}],"tax":{"id":23,"title":"VSK 11%","percentage":11,"included":true,"roundingMode":"DOWN"}},"requiredCustomerFields":[],"keywords":[],"flags":[],"slug":null,"baseLanguage":"en","languages":["EN"],"paymentCurrencies":[],"customFields":[],"tagGroups":[],"categories":[],"keyPhoto":null,"photos":[],"videos":[],"vendor":{"id":253,"title":"Wild Westfjords","currencyCode":"ISK","showInvoiceIdOnTicket":false,"showAgentDetailsOnTicket":false,"showPaymentsOnInvoice":false},"boxedVendor":null,"storedExternally":false,"pluginId":null,"reviewRating":0,"reviewCount":0,"activityType":"DAY_TOUR_OR_ACTIVITY","bookingType":"DATE_AND_TIME","scheduleType":"FIXED","capacityType":"LIMITED","passExpiryType":null,"meetingType":"MEET_ON_LOCATION","passCapacity":10,"passesAvailable":0,"dressCode":false,"passportRequired":false,"supportedAccessibilityTypes":[],"startPoints":[{"id":2399,"created":[2018,5,6,16,25,52,333000000],"type":null,"title":"Isafjordur Information Office","code":null,"address":{"id":74164,"created":[2018,5,6,16,25,52,333000000],"addressLine1":"7 A\u00f0alstr\u00e6ti","addressLine2":"","addressLine3":null,"city":"\u00cdsafj\u00f6r\u00f0ur","state":null,"postalCode":"","countryCode":"IS","mapZoomLevel":16,"geoPoint":{"latitude":66.070867639799160997426952235400676727294921875,"longitude":-23.121371269226077771463678800500929355621337890625},"unLocode":{"country":"IS","city":"ISA"}},"pickupTicketDescription":null,"dropoffTicketDescription":null,"labels":[]}],"included":"","requirements":"","attention":"","locationCode":{"id":55926,"country":"IS","location":"ISA","name":"Isafj\u00f8rdur - h\u00f8fn","nameWoDiacritics":"Isafjordur - hofn","status":"AC","function":"1-------","date":9601,"iata":"IFJ"},"bookingCutoffMinutes":0,"bookingCutoffHours":12,"bookingCutoffDays":0,"bookingCutoffWeeks":0,"requestDeadlineMinutes":0,"requestDeadlineHours":0,"requestDeadlineDays":2,"requestDeadlineWeeks":0,"boxedActivityId":0,"comboActivity":false,"dayBasedAvailability":false,"selectFromDayOptions":false,"dayOptions":[],"activityCategories":["WALKING_TOUR"],"activityAttributes":[],"guidanceTypes":[{"id":null,"created":[2018,5,6,16,25,52,333000000],"guidanceType":"GUIDED","languages":["en"]}],"defaultRateId":33184,"rates":[{"id":33184,"title":"Default rate","description":null,"index":0,"rateCode":null,"pricedPerPerson":true,"minPerBooking":1,"maxPerBooking":0,"cancellationPolicy":{"id":5600,"created":[2018,5,6,16,25,52,333000000],"title":"Day Tours & Shore Excursions","tax":{"id":23,"created":[2018,5,6,16,25,52,333000000],"title":"VSK 11%","included":true,"roundingMode":null,"currency":null,"percentages":[]},"penaltyRules":[{"id":6788,"created":[2018,5,6,16,25,52,333000000],"cutoffHours":48,"percentage":100},{"id":6789,"created":[2018,5,6,16,25,52,333000000],"cutoffHours":720,"percentage":50},{"id":6790,"created":[2018,5,6,16,25,52,333000000],"cutoffHours":4320,"percentage":25}]},"fixedPassExpiryDate":null,"passValidForDays":0,"pickupSelectionType":"UNAVAILABLE","pickupPricingType":"INCLUDED_IN_PRICE","pickupPricedPerPerson":false,"dropoffSelectionType":"UNAVAILABLE","dropoffPricingType":"INCLUDED_IN_PRICE","dropoffPricedPerPerson":false,"extraConfigs":[],"startTimeIds":[],"pricingCategoryIds":[]}],"ticketPerPerson":false,"durationType":"HOURS","duration":2,"durationMinutes":0,"durationHours":2,"durationDays":0,"durationWeeks":0,"durationText":"2 hours","minAge":0,"nextDefaultPrice":6000,"nextDefaultPriceMoney":{"amount":6000,"currency":"ISK"},"pickupService":false,"pickupAllotment":false,"useComponentPickupAllotments":false,"pickupFlags":[],"customPickupAllowed":false,"pickupMinutesBefore":0,"noPickupMsg":"","showGlobalPickupMsg":false,"showNoPickupMsg":false,"dropoffService":false,"dropoffFlags":[],"customDropoffAllowed":false,"difficultyLevel":"EASY","pricingCategories":[{"id":4012,"title":"Adult","ticketCategory":"ADULT","occupancy":1,"ageQualified":true,"minAge":12,"maxAge":0,"dependent":false,"masterCategoryId":3946,"maxPerMaster":0,"sumDependentCategories":false,"maxDependentSum":0,"internalUseOnly":false,"flags":[],"defaultCategory":true,"fullTitle":"Adult (12+)"},{"id":3946,"title":"Kid 6-11","ticketCategory":"OTHER","occupancy":1,"ageQualified":true,"minAge":6,"maxAge":11,"dependent":false,"masterCategoryId":4012,"maxPerMaster":0,"sumDependentCategories":false,"maxDependentSum":0,"internalUseOnly":false,"flags":[],"defaultCategory":false,"fullTitle":"Kid 6-11 (6 - 11)"},{"id":4580,"title":"Kid 0-5","ticketCategory":"OTHER","occupancy":1,"ageQualified":true,"minAge":0,"maxAge":5,"dependent":false,"masterCategoryId":4369,"maxPerMaster":1,"sumDependentCategories":false,"maxDependentSum":0,"internalUseOnly":false,"flags":[],"defaultCategory":false,"fullTitle":"Kid 0-5 (0 - 5)"}],"agendaItems":[],"startTimes":[{"id":49271,"hour":10,"minute":30,"overrideTimeWhenPickup":false,"pickupHour":0,"pickupMinute":0,"durationType":"H","duration":2,"durationMinutes":0,"durationHours":2,"durationDays":0,"durationWeeks":0,"flags":[]},{"id":50886,"hour":13,"minute":0,"overrideTimeWhenPickup":false,"pickupHour":0,"pickupMinute":0,"durationType":"H","duration":2,"durationMinutes":0,"durationHours":2,"durationDays":0,"durationWeeks":0,"flags":[]}],"bookableExtras":[],"route":null,"hasOpeningHours":false,"defaultOpeningHours":null,"seasonalOpeningHours":[],"displaySettings":{"showPickupPlaces":false,"showRouteMap":false,"selectRateBasedOnStartTime":false,"customFields":[]},"requestDeadline":172800000,"bookingCutoff":720,"actualId":19142,"actualVendor":{"id":253,"title":"Wild Westfjords","currencyCode":"ISK","showInvoiceIdOnTicket":false,"showAgentDetailsOnTicket":false,"showPaymentsOnInvoice":false},"prices":[{"id":4012,"type":"ADULT","amount":6000,"minAge":12,"maxAge":0},{"id":3946,"type":"OTHER","amount":3000,"minAge":6,"maxAge":11},{"id":4580,"type":"OTHER","amount":0,"minAge":0,"maxAge":5}],"season":"Winter"},{"id":24529,"externalId":"wt-bwg","productGroupId":0,"productCategory":"ACTIVITIES","box":false,"inventoryLocal":true,"inventorySupportsPricing":false,"inventorySupportsAvailability":true,"lastPublished":"2018-04-25T13:12:39.861Z","title":"Bird Watching in Gr\u00edmsey","description":"<p>We offer bird watching tour from the small village of Drangsnes. The tour starts with a boat ride from Drangsnes to Grimsey Island where visitors will see the magnificent flocks of birds flying around. It is estimated that 80-90 thousand puffins live in the island as well as flocks of other species.&nbsp;Grimsey in Steingrimsfjordur is the biggest island of Strandir region. The legend says that Grimsey was made when three trolls were trying to dig the Westfords apart from Iceland. When tossing stones, lava and mud in all direction, Grimsey Island was formed as well as all the islands in Breidafjordur. People lived in the island until the 20th century both fishermen and farmers.&nbsp;<br>Once in the island we walk with a guide around the island where emphasis is put on the history and bird life of the island. In good weather conditions, the boat will perhaps go around the island.<br> <br> Departure is from the docks in the town, but not from the docks 2 km west from the town.<br><\/p>","excerpt":"Boat ride from Drangsnes to Grimsey Island where visitors will see the magnificent flocks of birds flying around. It is estimated that 80-90 thousand puffins live in the island as well as flocks of other species. ","cancellationPolicy":{"id":4423,"title":"Default","penaltyRules":[{"id":5336,"cutoffHours":48,"charge":100,"chargeType":"PERCENTAGE"},{"id":5335,"cutoffHours":168,"charge":30,"chargeType":"PERCENTAGE"},{"id":5334,"cutoffHours":12000,"charge":10,"chargeType":"PERCENTAGE"}],"tax":null},"requiredCustomerFields":["firstName","lastName","nationality","gender"],"keywords":["Nature","westfjords","outdoor","drangsnes","bird watching","family","guided"],"flags":[],"slug":null,"baseLanguage":"en","languages":["EN"],"paymentCurrencies":[],"customFields":[],"tagGroups":[],"categories":[],"keyPhoto":{"id":92252,"originalUrl":"https:\/\/bokun.s3.amazonaws.com\/ff37eef6-ab5a-436e-8a19-1a3d0eb6ec12.JPG","description":null,"alternateText":null,"flags":[],"derived":[{"name":"large","url":"https:\/\/bokunprod.imgix.net\/ff37eef6-ab5a-436e-8a19-1a3d0eb6ec12.JPG?w=660&h=660","cleanUrl":"https:\/\/bokunprod.imgix.net\/ff37eef6-ab5a-436e-8a19-1a3d0eb6ec12.JPG?w=660&h=660"},{"name":"preview","url":"https:\/\/bokunprod.imgix.net\/ff37eef6-ab5a-436e-8a19-1a3d0eb6ec12.JPG?w=300&h=300","cleanUrl":"https:\/\/bokunprod.imgix.net\/ff37eef6-ab5a-436e-8a19-1a3d0eb6ec12.JPG?w=300&h=300"},{"name":"thumbnail","url":"https:\/\/bokunprod.imgix.net\/ff37eef6-ab5a-436e-8a19-1a3d0eb6ec12.JPG?w=80&h=80&fit=crop","cleanUrl":"https:\/\/bokunprod.imgix.net\/ff37eef6-ab5a-436e-8a19-1a3d0eb6ec12.JPG?w=80&h=80&fit=crop"}],"fileName":"\/ff37eef6-ab5a-436e-8a19-1a3d0eb6ec12.JPG"},"photos":[{"id":92252,"originalUrl":"https:\/\/bokun.s3.amazonaws.com\/ff37eef6-ab5a-436e-8a19-1a3d0eb6ec12.JPG","description":null,"alternateText":null,"flags":[],"derived":[{"name":"large","url":"https:\/\/bokunprod.imgix.net\/ff37eef6-ab5a-436e-8a19-1a3d0eb6ec12.JPG?w=660&h=660","cleanUrl":"https:\/\/bokunprod.imgix.net\/ff37eef6-ab5a-436e-8a19-1a3d0eb6ec12.JPG?w=660&h=660"},{"name":"preview","url":"https:\/\/bokunprod.imgix.net\/ff37eef6-ab5a-436e-8a19-1a3d0eb6ec12.JPG?w=300&h=300","cleanUrl":"https:\/\/bokunprod.imgix.net\/ff37eef6-ab5a-436e-8a19-1a3d0eb6ec12.JPG?w=300&h=300"},{"name":"thumbnail","url":"https:\/\/bokunprod.imgix.net\/ff37eef6-ab5a-436e-8a19-1a3d0eb6ec12.JPG?w=80&h=80&fit=crop","cleanUrl":"https:\/\/bokunprod.imgix.net\/ff37eef6-ab5a-436e-8a19-1a3d0eb6ec12.JPG?w=80&h=80&fit=crop"}],"fileName":"\/ff37eef6-ab5a-436e-8a19-1a3d0eb6ec12.JPG"}],"videos":[],"vendor":{"id":110,"title":"Vesturfer\u00f0ir ehf","currencyCode":"ISK","showInvoiceIdOnTicket":false,"showAgentDetailsOnTicket":false,"showPaymentsOnInvoice":false},"boxedVendor":null,"storedExternally":false,"pluginId":null,"reviewRating":0,"reviewCount":0,"activityType":"DAY_TOUR_OR_ACTIVITY","bookingType":"DATE","scheduleType":"FIXED","capacityType":"ON_REQUEST","passExpiryType":null,"meetingType":"MEET_ON_LOCATION","passCapacity":10,"passesAvailable":0,"dressCode":false,"passportRequired":false,"supportedAccessibilityTypes":[],"startPoints":[{"id":3621,"created":[2018,5,6,16,25,52,847000000],"type":null,"title":"Malarhorn","code":null,"address":{"id":83040,"created":[2018,5,6,16,25,52,847000000],"addressLine1":"","addressLine2":"","addressLine3":null,"city":"Drangsnes","state":null,"postalCode":"","countryCode":"IS","mapZoomLevel":16,"geoPoint":{"latitude":65.693657000000001744410838000476360321044921875,"longitude":-21.457979000000023006577976047992706298828125},"unLocode":{"country":"IS","city":"DRA"}},"pickupTicketDescription":null,"dropoffTicketDescription":null,"labels":[]}],"included":"<p>Boat ride and guidance<\/p>","requirements":"<p>Warm cloths and camera.<\/p>","attention":"<p>Not suitable for physically disabled nor for wheelchairs as it includes a walk on uneven paths.<br><\/p>","locationCode":{"id":55895,"country":"IS","location":"DRA","name":"Drangsnes","nameWoDiacritics":"Drangsnes","status":"AC","function":"1-------","date":9601},"bookingCutoffMinutes":0,"bookingCutoffHours":0,"bookingCutoffDays":1,"bookingCutoffWeeks":0,"requestDeadlineMinutes":0,"requestDeadlineHours":0,"requestDeadlineDays":2,"requestDeadlineWeeks":0,"boxedActivityId":0,"comboActivity":false,"dayBasedAvailability":true,"selectFromDayOptions":false,"dayOptions":[],"activityCategories":["SAILING_OR_BOAT_TOUR","SIGHTSEEING_ATTRACTION","SIGHTSEEING","BIRDWATCHING"],"activityAttributes":["FAMILY_FRIENDLY","ECO_FRIENDLY","OUTDOOR"],"guidanceTypes":[{"id":null,"created":[2018,5,6,16,25,52,847000000],"guidanceType":"GUIDED","languages":["en","is"]}],"defaultRateId":39960,"rates":[{"id":39960,"title":"Standard rate","description":null,"index":0,"rateCode":null,"pricedPerPerson":true,"minPerBooking":1,"maxPerBooking":0,"cancellationPolicy":{"id":4423,"created":[2018,5,6,16,25,52,847000000],"title":"Default","tax":null,"penaltyRules":[{"id":5336,"created":[2018,5,6,16,25,52,847000000],"cutoffHours":48,"percentage":100},{"id":5335,"created":[2018,5,6,16,25,52,847000000],"cutoffHours":168,"percentage":30},{"id":5334,"created":[2018,5,6,16,25,52,847000000],"cutoffHours":12000,"percentage":10}]},"fixedPassExpiryDate":null,"passValidForDays":0,"pickupSelectionType":"UNAVAILABLE","pickupPricingType":"INCLUDED_IN_PRICE","pickupPricedPerPerson":false,"dropoffSelectionType":"UNAVAILABLE","dropoffPricingType":"INCLUDED_IN_PRICE","dropoffPricedPerPerson":false,"extraConfigs":[],"startTimeIds":[],"pricingCategoryIds":[]}],"ticketPerPerson":false,"durationType":"HOURS","duration":3,"durationMinutes":0,"durationHours":3,"durationDays":0,"durationWeeks":0,"durationText":"3 hours","minAge":0,"nextDefaultPrice":4000,"nextDefaultPriceMoney":{"amount":4000,"currency":"ISK"},"pickupService":false,"pickupAllotment":false,"useComponentPickupAllotments":false,"pickupFlags":[],"customPickupAllowed":false,"pickupMinutesBefore":0,"noPickupMsg":"","showGlobalPickupMsg":false,"showNoPickupMsg":false,"dropoffService":false,"dropoffFlags":[],"customDropoffAllowed":false,"difficultyLevel":"EASY","pricingCategories":[{"id":17856,"title":"Bird Watching from Drangsnes","ticketCategory":"CHILD","occupancy":1,"ageQualified":true,"minAge":0,"maxAge":12,"dependent":false,"masterCategoryId":17852,"maxPerMaster":0,"sumDependentCategories":false,"maxDependentSum":0,"internalUseOnly":false,"flags":[],"defaultCategory":true,"fullTitle":"Bird Watching from Drangsnes (0 - 12)"},{"id":17855,"title":"Bird Watching from Drangsnes","ticketCategory":"ADULT","occupancy":1,"ageQualified":true,"minAge":12,"maxAge":0,"dependent":false,"masterCategoryId":17852,"maxPerMaster":0,"sumDependentCategories":false,"maxDependentSum":0,"internalUseOnly":false,"flags":[],"defaultCategory":false,"fullTitle":"Bird Watching from Drangsnes (12+)"}],"agendaItems":[],"startTimes":[{"id":62936,"hour":0,"minute":0,"overrideTimeWhenPickup":false,"pickupHour":0,"pickupMinute":0,"durationType":"H","duration":3,"durationMinutes":0,"durationHours":3,"durationDays":0,"durationWeeks":0,"flags":["flexible"]}],"bookableExtras":[],"route":null,"hasOpeningHours":false,"defaultOpeningHours":null,"seasonalOpeningHours":[],"displaySettings":{"showPickupPlaces":false,"showRouteMap":false,"selectRateBasedOnStartTime":false,"customFields":[]},"requestDeadline":172800000,"bookingCutoff":1440,"actualId":24529,"actualVendor":{"id":110,"title":"Vesturfer\u00f0ir ehf","currencyCode":"ISK","showInvoiceIdOnTicket":false,"showAgentDetailsOnTicket":false,"showPaymentsOnInvoice":false},"prices":[{"id":17856,"type":"CHILD","amount":4000,"minAge":0,"maxAge":12},{"id":17855,"type":"ADULT","amount":8000,"minAge":12,"maxAge":0}],"season":"Fall"},{"id":4940,"externalId":"DWW","productGroupId":328,"productCategory":"ACTIVITIES","box":false,"inventoryLocal":true,"inventorySupportsPricing":false,"inventorySupportsAvailability":true,"lastPublished":"2018-04-22T15:40:03.177Z","title":"Dynjandi Waterfall & The Westfjords","description":"Explore Dynjandi waterfall and the stunning landscape of the Westfjords on this guided sightseeing tour from Isafjordur.\r\n\r\nDynjandi is one of Iceland\u2019s most impressive & majestic waterfalls, and one of the icons of The Westfjords. It is part of a tier of 7 waterfalls, each with their own name. The top tier is called Dynjandi which means \u201cthunderous\u201d.\r\n\r\nWe start the tour by driving straight to the beautiful Dynjandi waterfall. There we stop for up to an hour to enjoy the wonderful views of the waterfall and Arnarfjordur fjord, and listen to the soothing sound of Dynjandi tumbling down the mountain in a series of seven waterfalls.\r\nThe top tier is certainly the most impressive but each one of the other six is unique in its own right! We highly recommend doing the optional easy hike up to the top tier.\r\n\r\nOn our way back we make some extra stops to admire some of the scenic fjords, beautiful beaches and charming villages of the Westfjords.","excerpt":"","cancellationPolicy":{"id":5600,"title":"Day Tours & Shore Excursions","penaltyRules":[{"id":6788,"cutoffHours":48,"charge":100,"chargeType":"PERCENTAGE"},{"id":6789,"cutoffHours":720,"charge":50,"chargeType":"PERCENTAGE"},{"id":6790,"cutoffHours":4320,"charge":25,"chargeType":"PERCENTAGE"}],"tax":{"id":23,"title":"VSK 11%","percentage":11,"included":true,"roundingMode":"DOWN"}},"requiredCustomerFields":[],"keywords":[],"flags":[],"slug":null,"baseLanguage":"en","languages":["EN"],"paymentCurrencies":[],"customFields":[],"tagGroups":[],"categories":[],"keyPhoto":{"id":21821,"originalUrl":"https:\/\/bokun.s3.amazonaws.com\/c7b78808-ba20-4b00-a479-3b43a505cd9f.jpg","description":"","alternateText":"","flags":[],"derived":[{"name":"large","url":"https:\/\/bokunprod.imgix.net\/c7b78808-ba20-4b00-a479-3b43a505cd9f.jpg?w=660&h=660","cleanUrl":"\/\/bokunprod.imgix.net\/c7b78808-ba20-4b00-a479-3b43a505cd9f.jpg?w=660&h=660"},{"name":"preview","url":"https:\/\/bokunprod.imgix.net\/c7b78808-ba20-4b00-a479-3b43a505cd9f.jpg?w=300&h=300","cleanUrl":"\/\/bokunprod.imgix.net\/c7b78808-ba20-4b00-a479-3b43a505cd9f.jpg?w=300&h=300"},{"name":"thumbnail","url":"https:\/\/bokunprod.imgix.net\/c7b78808-ba20-4b00-a479-3b43a505cd9f.jpg?w=80&h=80&fit=crop","cleanUrl":"\/\/bokunprod.imgix.net\/c7b78808-ba20-4b00-a479-3b43a505cd9f.jpg?w=80&h=80&fit=crop"}],"fileName":"\/c7b78808-ba20-4b00-a479-3b43a505cd9f.jpg"},"photos":[{"id":21821,"originalUrl":"https:\/\/bokun.s3.amazonaws.com\/c7b78808-ba20-4b00-a479-3b43a505cd9f.jpg","description":"","alternateText":"","flags":[],"derived":[{"name":"large","url":"https:\/\/bokunprod.imgix.net\/c7b78808-ba20-4b00-a479-3b43a505cd9f.jpg?w=660&h=660","cleanUrl":"\/\/bokunprod.imgix.net\/c7b78808-ba20-4b00-a479-3b43a505cd9f.jpg?w=660&h=660"},{"name":"preview","url":"https:\/\/bokunprod.imgix.net\/c7b78808-ba20-4b00-a479-3b43a505cd9f.jpg?w=300&h=300","cleanUrl":"\/\/bokunprod.imgix.net\/c7b78808-ba20-4b00-a479-3b43a505cd9f.jpg?w=300&h=300"},{"name":"thumbnail","url":"https:\/\/bokunprod.imgix.net\/c7b78808-ba20-4b00-a479-3b43a505cd9f.jpg?w=80&h=80&fit=crop","cleanUrl":"\/\/bokunprod.imgix.net\/c7b78808-ba20-4b00-a479-3b43a505cd9f.jpg?w=80&h=80&fit=crop"}],"fileName":"\/c7b78808-ba20-4b00-a479-3b43a505cd9f.jpg"},{"id":30877,"originalUrl":"https:\/\/bokun.s3.amazonaws.com\/f63bdcc5-a9d0-42a6-824e-452375c2fdde.jpeg","description":null,"alternateText":null,"flags":[],"derived":[{"name":"large","url":"https:\/\/bokunprod.imgix.net\/f63bdcc5-a9d0-42a6-824e-452375c2fdde.jpeg?w=660&h=660","cleanUrl":"\/\/bokunprod.imgix.net\/f63bdcc5-a9d0-42a6-824e-452375c2fdde.jpeg?w=660&h=660"},{"name":"preview","url":"https:\/\/bokunprod.imgix.net\/f63bdcc5-a9d0-42a6-824e-452375c2fdde.jpeg?w=300&h=300","cleanUrl":"\/\/bokunprod.imgix.net\/f63bdcc5-a9d0-42a6-824e-452375c2fdde.jpeg?w=300&h=300"},{"name":"thumbnail","url":"https:\/\/bokunprod.imgix.net\/f63bdcc5-a9d0-42a6-824e-452375c2fdde.jpeg?w=80&h=80&fit=crop","cleanUrl":"\/\/bokunprod.imgix.net\/f63bdcc5-a9d0-42a6-824e-452375c2fdde.jpeg?w=80&h=80&fit=crop"}],"fileName":"\/f63bdcc5-a9d0-42a6-824e-452375c2fdde.jpeg"}],"videos":[{"id":588,"sourceUrl":"https:\/\/player.vimeo.com\/video\/148210533","thumbnailUrl":"http:\/\/bokun.s3.amazonaws.com\/video588thumb","previewUrl":"http:\/\/bokun.s3.amazonaws.com\/video588preview","html":"<iframe src=\"https:\/\/player.vimeo.com\/video\/148210533?title=0&byline=0&portrait=0\" width=\"500\" height=\"281\" frameborder=\"0\" title=\"Dynjandi\" webkitallowfullscreen mozallowfullscreen allowfullscreen><\/iframe>","providerName":"Vimeo","cleanPreviewUrl":"\/\/bokun.s3.amazonaws.com\/video588preview","cleanThumbnailUrl":"\/\/bokun.s3.amazonaws.com\/video588thumb"}],"vendor":{"id":253,"title":"Wild Westfjords","currencyCode":"ISK","showInvoiceIdOnTicket":false,"showAgentDetailsOnTicket":false,"showPaymentsOnInvoice":false},"boxedVendor":null,"storedExternally":false,"pluginId":null,"reviewRating":0,"reviewCount":0,"activityType":"DAY_TOUR_OR_ACTIVITY","bookingType":"DATE_AND_TIME","scheduleType":"FIXED","capacityType":"LIMITED","passExpiryType":null,"meetingType":"MEET_ON_LOCATION_OR_PICK_UP","passCapacity":10,"passesAvailable":0,"dressCode":false,"passportRequired":false,"supportedAccessibilityTypes":[],"startPoints":[{"id":1229,"created":[2018,5,6,16,25,53,555000000],"type":null,"title":"Isafjordur information office","code":null,"address":{"id":59225,"created":[2018,5,6,16,25,53,555000000],"addressLine1":"7 A\u00f0alstr\u00e6ti","addressLine2":"","addressLine3":null,"city":"\u00cdsafj\u00f6r\u00f0ur","state":null,"postalCode":"","countryCode":"IS","mapZoomLevel":16,"geoPoint":{"latitude":66.0706674615249056614629807882010936737060546875,"longitude":-23.121371269226077771463678800500929355621337890625},"unLocode":{"country":"IS","city":"ISA"}},"pickupTicketDescription":null,"dropoffTicketDescription":null,"labels":[]},{"id":1512,"created":[2018,5,6,16,25,53,555000000],"type":null,"title":"Wild Westfjords","code":null,"address":{"id":65073,"created":[2018,5,6,16,25,53,555000000],"addressLine1":"9 Hafnarstr\u00e6ti","addressLine2":"","addressLine3":null,"city":"\u00cdsafj\u00f6r\u00f0ur","state":null,"postalCode":"","countryCode":"IS","mapZoomLevel":16,"geoPoint":{"latitude":66.0735046238362286885603680275380611419677734375,"longitude":-23.1207275390625},"unLocode":{"country":"IS","city":"ISA"}},"pickupTicketDescription":null,"dropoffTicketDescription":null,"labels":[]}],"included":"Small group sightseeing tour with English speaking driver guide\r\nOne hour stop at Dynjandi which is sufficient for a relaxed hike up to the top waterfall tier","requirements":"Hiking shoes, lunchpack, warm clothes","attention":"","locationCode":{"id":55926,"country":"IS","location":"ISA","name":"Isafj\u00f8rdur - h\u00f8fn","nameWoDiacritics":"Isafjordur - hofn","status":"AC","function":"1-------","date":9601,"iata":"IFJ"},"bookingCutoffMinutes":30,"bookingCutoffHours":0,"bookingCutoffDays":0,"bookingCutoffWeeks":0,"requestDeadlineMinutes":0,"requestDeadlineHours":0,"requestDeadlineDays":2,"requestDeadlineWeeks":0,"boxedActivityId":0,"comboActivity":false,"dayBasedAvailability":false,"selectFromDayOptions":false,"dayOptions":[],"activityCategories":[],"activityAttributes":[],"guidanceTypes":[],"defaultRateId":9930,"rates":[{"id":9930,"title":"Standard rate","description":null,"index":0,"rateCode":null,"pricedPerPerson":true,"minPerBooking":1,"maxPerBooking":0,"cancellationPolicy":{"id":5600,"created":[2018,5,6,16,25,53,555000000],"title":"Day Tours & Shore Excursions","tax":{"id":23,"created":[2018,5,6,16,25,53,555000000],"title":"VSK 11%","included":true,"roundingMode":null,"currency":null,"percentages":[]},"penaltyRules":[{"id":6788,"created":[2018,5,6,16,25,53,555000000],"cutoffHours":48,"percentage":100},{"id":6789,"created":[2018,5,6,16,25,53,555000000],"cutoffHours":720,"percentage":50},{"id":6790,"created":[2018,5,6,16,25,53,555000000],"cutoffHours":4320,"percentage":25}]},"fixedPassExpiryDate":null,"passValidForDays":0,"pickupSelectionType":"UNAVAILABLE","pickupPricingType":"INCLUDED_IN_PRICE","pickupPricedPerPerson":false,"dropoffSelectionType":"UNAVAILABLE","dropoffPricingType":"INCLUDED_IN_PRICE","dropoffPricedPerPerson":false,"extraConfigs":[{"id":null,"created":[2018,5,6,16,25,53,555000000],"activityExtraId":38687,"selectionType":"OPTIONAL","pricingType":"PRICED_SEPARATELY","pricedPerPerson":true}],"startTimeIds":[],"pricingCategoryIds":[]}],"ticketPerPerson":false,"durationType":"HOURS","duration":6,"durationMinutes":0,"durationHours":6,"durationDays":0,"durationWeeks":0,"durationText":"6 hours","minAge":0,"nextDefaultPrice":28000,"nextDefaultPriceMoney":{"amount":28000,"currency":"ISK"},"pickupService":true,"pickupAllotment":false,"useComponentPickupAllotments":false,"pickupFlags":[],"customPickupAllowed":true,"pickupMinutesBefore":0,"noPickupMsg":"Attendance is at the Wild Westfjords office 5 minutes before tour departure","showGlobalPickupMsg":true,"showNoPickupMsg":true,"dropoffService":true,"dropoffFlags":[],"customDropoffAllowed":true,"difficultyLevel":"EASY","pricingCategories":[{"id":4012,"title":"Adult","ticketCategory":"ADULT","occupancy":1,"ageQualified":true,"minAge":12,"maxAge":0,"dependent":false,"masterCategoryId":3946,"maxPerMaster":0,"sumDependentCategories":false,"maxDependentSum":0,"internalUseOnly":false,"flags":[],"defaultCategory":true,"fullTitle":"Adult (12+)"},{"id":4414,"title":"Kid 0-11","ticketCategory":"OTHER","occupancy":1,"ageQualified":true,"minAge":0,"maxAge":11,"dependent":true,"masterCategoryId":4012,"maxPerMaster":2,"sumDependentCategories":false,"maxDependentSum":0,"internalUseOnly":false,"flags":[],"defaultCategory":false,"fullTitle":"Kid 0-11 (0 - 11)"}],"agendaItems":[],"startTimes":[{"id":13778,"hour":8,"minute":0,"overrideTimeWhenPickup":false,"pickupHour":0,"pickupMinute":0,"durationType":"H","duration":6,"durationMinutes":0,"durationHours":6,"durationDays":0,"durationWeeks":0,"flags":[]},{"id":13779,"hour":8,"minute":30,"overrideTimeWhenPickup":false,"pickupHour":0,"pickupMinute":0,"durationType":"H","duration":6,"durationMinutes":0,"durationHours":6,"durationDays":0,"durationWeeks":0,"flags":[]},{"id":13780,"hour":9,"minute":0,"overrideTimeWhenPickup":false,"pickupHour":0,"pickupMinute":0,"durationType":"H","duration":6,"durationMinutes":0,"durationHours":6,"durationDays":0,"durationWeeks":0,"flags":[]},{"id":13781,"hour":9,"minute":30,"overrideTimeWhenPickup":false,"pickupHour":0,"pickupMinute":0,"durationType":"H","duration":6,"durationMinutes":0,"durationHours":6,"durationDays":0,"durationWeeks":0,"flags":[]},{"id":13782,"hour":10,"minute":0,"overrideTimeWhenPickup":false,"pickupHour":0,"pickupMinute":0,"durationType":"H","duration":6,"durationMinutes":0,"durationHours":6,"durationDays":0,"durationWeeks":0,"flags":[]},{"id":13783,"hour":10,"minute":30,"overrideTimeWhenPickup":false,"pickupHour":0,"pickupMinute":0,"durationType":"H","duration":6,"durationMinutes":0,"durationHours":6,"durationDays":0,"durationWeeks":0,"flags":[]},{"id":16965,"hour":11,"minute":0,"overrideTimeWhenPickup":false,"pickupHour":0,"pickupMinute":0,"durationType":"H","duration":6,"durationMinutes":0,"durationHours":6,"durationDays":0,"durationWeeks":0,"flags":[]},{"id":20622,"hour":13,"minute":0,"overrideTimeWhenPickup":false,"pickupHour":0,"pickupMinute":0,"durationType":"H","duration":6,"durationMinutes":0,"durationHours":6,"durationDays":0,"durationWeeks":0,"flags":[]}],"bookableExtras":[{"id":38687,"externalId":"IAT","title":"Isafjordur return airport transfers","information":"","included":false,"free":false,"productGroupId":1275,"pricingType":"PER_PERSON_PER_NIGHT","pricingTypeLabel":"pricingType.ACTIVITIES.PER_PERSON_PER_NIGHT","price":3000,"increasesCapacity":false,"maxPerBooking":0,"limitByPax":true,"flags":[],"questions":[{"id":16641,"active":true,"label":"Enter your Reykjavik-Isafjordur return flight details (so we can book your transfers) - note that it is ok if they are not on the same day as the tour","type":"TYPE_ANSWER","options":"","answerRequired":true,"flags":[]}]}],"route":null,"hasOpeningHours":false,"defaultOpeningHours":null,"seasonalOpeningHours":[],"displaySettings":{"showPickupPlaces":true,"showRouteMap":false,"selectRateBasedOnStartTime":false,"customFields":[]},"requestDeadline":172800000,"actualId":4940,"bookingCutoff":30,"actualVendor":{"id":253,"title":"Wild Westfjords","currencyCode":"ISK","showInvoiceIdOnTicket":false,"showAgentDetailsOnTicket":false,"showPaymentsOnInvoice":false},"prices":[{"id":4012,"type":"ADULT","amount":28000,"minAge":12,"maxAge":0},{"id":4414,"type":"OTHER","amount":14000,"minAge":0,"maxAge":11}],"season":"Winter"},{"id":18925,"externalId":"wt-ath","productGroupId":0,"productCategory":"ACTIVITIES","box":false,"inventoryLocal":true,"inventorySupportsPricing":false,"inventorySupportsAvailability":true,"lastPublished":"2018-04-13T13:51:25.351Z","title":"A day's hike in the Nature Reserve","description":"Due to the harshness of the environment, the Hornstrandir area was abandoned completely by the last of its inhabitants in the early 1950\u2019s. Since 1974 the flora and fauna has been protected and now arctic foxes, birds, seals and plants have thrived undisturbed.\r\n\r\nYou\u00b4ll leave by boat from \u00cdsafj\u00f6r\u00f0ur in the morning for the abandoned village of S\u00e6b\u00f3l in A\u00f0alv\u00edk. Continuing on foot to another abandoned settlement at Hesteyri, we pass the old church and parsonage at Sta\u00f0ur. Crossing the mountain, enjoy a spectacular and panoramic view across \u00cdsafjar\u00f0ardj\u00fap bay and J\u00f6kulfir\u00f0ir (Glacier fjords) to Drangaj\u00f6kull glacier. Returning by boat from Hesteyri in the evening.\r\n \r\nA moderate hike for people in good shape. Hiking distance is about 14 km on rough ground and elevation is of about 300 m.\r\n \r\nAdditionally you can order a fresh and homemade lunch package consisting of two bread buns, a power bar and a muffin for 2.100 ISK each.","excerpt":"A moderate hike for people in good shape. Hiking distance is about 14 km on rough ground and elevation is of about 300 m.","cancellationPolicy":{"id":4423,"title":"Default","penaltyRules":[{"id":5336,"cutoffHours":48,"charge":100,"chargeType":"PERCENTAGE"},{"id":5335,"cutoffHours":168,"charge":30,"chargeType":"PERCENTAGE"},{"id":5334,"cutoffHours":12000,"charge":10,"chargeType":"PERCENTAGE"}],"tax":null},"requiredCustomerFields":[],"keywords":[],"flags":[],"slug":null,"baseLanguage":"en","languages":["EN"],"paymentCurrencies":[],"customFields":[],"tagGroups":[],"categories":[],"keyPhoto":{"id":59474,"originalUrl":"https:\/\/bokun.s3.amazonaws.com\/e62d1d3f-4c54-47ca-ac28-04ac79d0d1c0.jpg","description":"","alternateText":"","flags":[],"derived":[{"name":"large","url":"https:\/\/bokunprod.imgix.net\/e62d1d3f-4c54-47ca-ac28-04ac79d0d1c0.jpg?w=660&h=660","cleanUrl":"https:\/\/bokunprod.imgix.net\/e62d1d3f-4c54-47ca-ac28-04ac79d0d1c0.jpg?w=660&h=660"},{"name":"preview","url":"https:\/\/bokunprod.imgix.net\/e62d1d3f-4c54-47ca-ac28-04ac79d0d1c0.jpg?w=300&h=300","cleanUrl":"https:\/\/bokunprod.imgix.net\/e62d1d3f-4c54-47ca-ac28-04ac79d0d1c0.jpg?w=300&h=300"},{"name":"thumbnail","url":"https:\/\/bokunprod.imgix.net\/e62d1d3f-4c54-47ca-ac28-04ac79d0d1c0.jpg?w=80&h=80&fit=crop","cleanUrl":"https:\/\/bokunprod.imgix.net\/e62d1d3f-4c54-47ca-ac28-04ac79d0d1c0.jpg?w=80&h=80&fit=crop"}],"fileName":"\/e62d1d3f-4c54-47ca-ac28-04ac79d0d1c0.jpg"},"photos":[{"id":59469,"originalUrl":"https:\/\/bokun.s3.amazonaws.com\/f983a8f4-7627-4fef-bd4a-f49b7b4805ee.jpg","description":null,"alternateText":null,"flags":[],"derived":[{"name":"large","url":"https:\/\/bokunprod.imgix.net\/f983a8f4-7627-4fef-bd4a-f49b7b4805ee.jpg?w=660&h=660","cleanUrl":"https:\/\/bokunprod.imgix.net\/f983a8f4-7627-4fef-bd4a-f49b7b4805ee.jpg?w=660&h=660"},{"name":"preview","url":"https:\/\/bokunprod.imgix.net\/f983a8f4-7627-4fef-bd4a-f49b7b4805ee.jpg?w=300&h=300","cleanUrl":"https:\/\/bokunprod.imgix.net\/f983a8f4-7627-4fef-bd4a-f49b7b4805ee.jpg?w=300&h=300"},{"name":"thumbnail","url":"https:\/\/bokunprod.imgix.net\/f983a8f4-7627-4fef-bd4a-f49b7b4805ee.jpg?w=80&h=80&fit=crop","cleanUrl":"https:\/\/bokunprod.imgix.net\/f983a8f4-7627-4fef-bd4a-f49b7b4805ee.jpg?w=80&h=80&fit=crop"}],"fileName":"\/f983a8f4-7627-4fef-bd4a-f49b7b4805ee.jpg"},{"id":59470,"originalUrl":"https:\/\/bokun.s3.amazonaws.com\/bf75bb78-80d0-4ade-a2fa-5e98a0d4dcc6.jpg","description":null,"alternateText":null,"flags":[],"derived":[{"name":"large","url":"https:\/\/bokunprod.imgix.net\/bf75bb78-80d0-4ade-a2fa-5e98a0d4dcc6.jpg?w=660&h=660","cleanUrl":"https:\/\/bokunprod.imgix.net\/bf75bb78-80d0-4ade-a2fa-5e98a0d4dcc6.jpg?w=660&h=660"},{"name":"preview","url":"https:\/\/bokunprod.imgix.net\/bf75bb78-80d0-4ade-a2fa-5e98a0d4dcc6.jpg?w=300&h=300","cleanUrl":"https:\/\/bokunprod.imgix.net\/bf75bb78-80d0-4ade-a2fa-5e98a0d4dcc6.jpg?w=300&h=300"},{"name":"thumbnail","url":"https:\/\/bokunprod.imgix.net\/bf75bb78-80d0-4ade-a2fa-5e98a0d4dcc6.jpg?w=80&h=80&fit=crop","cleanUrl":"https:\/\/bokunprod.imgix.net\/bf75bb78-80d0-4ade-a2fa-5e98a0d4dcc6.jpg?w=80&h=80&fit=crop"}],"fileName":"\/bf75bb78-80d0-4ade-a2fa-5e98a0d4dcc6.jpg"},{"id":59471,"originalUrl":"https:\/\/bokun.s3.amazonaws.com\/7104d081-110c-49f8-920e-69f150f4fce9.jpg","description":null,"alternateText":null,"flags":[],"derived":[{"name":"large","url":"https:\/\/bokunprod.imgix.net\/7104d081-110c-49f8-920e-69f150f4fce9.jpg?w=660&h=660","cleanUrl":"https:\/\/bokunprod.imgix.net\/7104d081-110c-49f8-920e-69f150f4fce9.jpg?w=660&h=660"},{"name":"preview","url":"https:\/\/bokunprod.imgix.net\/7104d081-110c-49f8-920e-69f150f4fce9.jpg?w=300&h=300","cleanUrl":"https:\/\/bokunprod.imgix.net\/7104d081-110c-49f8-920e-69f150f4fce9.jpg?w=300&h=300"},{"name":"thumbnail","url":"https:\/\/bokunprod.imgix.net\/7104d081-110c-49f8-920e-69f150f4fce9.jpg?w=80&h=80&fit=crop","cleanUrl":"https:\/\/bokunprod.imgix.net\/7104d081-110c-49f8-920e-69f150f4fce9.jpg?w=80&h=80&fit=crop"}],"fileName":"\/7104d081-110c-49f8-920e-69f150f4fce9.jpg"},{"id":59472,"originalUrl":"https:\/\/bokun.s3.amazonaws.com\/7899d753-cff4-4408-8af0-e86d9a1352e7.jpg","description":null,"alternateText":null,"flags":[],"derived":[{"name":"large","url":"https:\/\/bokunprod.imgix.net\/7899d753-cff4-4408-8af0-e86d9a1352e7.jpg?w=660&h=660","cleanUrl":"https:\/\/bokunprod.imgix.net\/7899d753-cff4-4408-8af0-e86d9a1352e7.jpg?w=660&h=660"},{"name":"preview","url":"https:\/\/bokunprod.imgix.net\/7899d753-cff4-4408-8af0-e86d9a1352e7.jpg?w=300&h=300","cleanUrl":"https:\/\/bokunprod.imgix.net\/7899d753-cff4-4408-8af0-e86d9a1352e7.jpg?w=300&h=300"},{"name":"thumbnail","url":"https:\/\/bokunprod.imgix.net\/7899d753-cff4-4408-8af0-e86d9a1352e7.jpg?w=80&h=80&fit=crop","cleanUrl":"https:\/\/bokunprod.imgix.net\/7899d753-cff4-4408-8af0-e86d9a1352e7.jpg?w=80&h=80&fit=crop"}],"fileName":"\/7899d753-cff4-4408-8af0-e86d9a1352e7.jpg"},{"id":59473,"originalUrl":"https:\/\/bokun.s3.amazonaws.com\/0175129e-3eee-4083-aa25-6396ae274dd9.jpg","description":null,"alternateText":null,"flags":[],"derived":[{"name":"large","url":"https:\/\/bokunprod.imgix.net\/0175129e-3eee-4083-aa25-6396ae274dd9.jpg?w=660&h=660","cleanUrl":"https:\/\/bokunprod.imgix.net\/0175129e-3eee-4083-aa25-6396ae274dd9.jpg?w=660&h=660"},{"name":"preview","url":"https:\/\/bokunprod.imgix.net\/0175129e-3eee-4083-aa25-6396ae274dd9.jpg?w=300&h=300","cleanUrl":"https:\/\/bokunprod.imgix.net\/0175129e-3eee-4083-aa25-6396ae274dd9.jpg?w=300&h=300"},{"name":"thumbnail","url":"https:\/\/bokunprod.imgix.net\/0175129e-3eee-4083-aa25-6396ae274dd9.jpg?w=80&h=80&fit=crop","cleanUrl":"https:\/\/bokunprod.imgix.net\/0175129e-3eee-4083-aa25-6396ae274dd9.jpg?w=80&h=80&fit=crop"}],"fileName":"\/0175129e-3eee-4083-aa25-6396ae274dd9.jpg"},{"id":59474,"originalUrl":"https:\/\/bokun.s3.amazonaws.com\/e62d1d3f-4c54-47ca-ac28-04ac79d0d1c0.jpg","description":"","alternateText":"","flags":[],"derived":[{"name":"large","url":"https:\/\/bokunprod.imgix.net\/e62d1d3f-4c54-47ca-ac28-04ac79d0d1c0.jpg?w=660&h=660","cleanUrl":"https:\/\/bokunprod.imgix.net\/e62d1d3f-4c54-47ca-ac28-04ac79d0d1c0.jpg?w=660&h=660"},{"name":"preview","url":"https:\/\/bokunprod.imgix.net\/e62d1d3f-4c54-47ca-ac28-04ac79d0d1c0.jpg?w=300&h=300","cleanUrl":"https:\/\/bokunprod.imgix.net\/e62d1d3f-4c54-47ca-ac28-04ac79d0d1c0.jpg?w=300&h=300"},{"name":"thumbnail","url":"https:\/\/bokunprod.imgix.net\/e62d1d3f-4c54-47ca-ac28-04ac79d0d1c0.jpg?w=80&h=80&fit=crop","cleanUrl":"https:\/\/bokunprod.imgix.net\/e62d1d3f-4c54-47ca-ac28-04ac79d0d1c0.jpg?w=80&h=80&fit=crop"}],"fileName":"\/e62d1d3f-4c54-47ca-ac28-04ac79d0d1c0.jpg"},{"id":59475,"originalUrl":"https:\/\/bokun.s3.amazonaws.com\/e974a12d-9f8e-4af6-b34c-024e12eae928.jpg","description":null,"alternateText":null,"flags":[],"derived":[{"name":"large","url":"https:\/\/bokunprod.imgix.net\/e974a12d-9f8e-4af6-b34c-024e12eae928.jpg?w=660&h=660","cleanUrl":"https:\/\/bokunprod.imgix.net\/e974a12d-9f8e-4af6-b34c-024e12eae928.jpg?w=660&h=660"},{"name":"preview","url":"https:\/\/bokunprod.imgix.net\/e974a12d-9f8e-4af6-b34c-024e12eae928.jpg?w=300&h=300","cleanUrl":"https:\/\/bokunprod.imgix.net\/e974a12d-9f8e-4af6-b34c-024e12eae928.jpg?w=300&h=300"},{"name":"thumbnail","url":"https:\/\/bokunprod.imgix.net\/e974a12d-9f8e-4af6-b34c-024e12eae928.jpg?w=80&h=80&fit=crop","cleanUrl":"https:\/\/bokunprod.imgix.net\/e974a12d-9f8e-4af6-b34c-024e12eae928.jpg?w=80&h=80&fit=crop"}],"fileName":"\/e974a12d-9f8e-4af6-b34c-024e12eae928.jpg"},{"id":59476,"originalUrl":"https:\/\/bokun.s3.amazonaws.com\/2c035b72-f341-43f8-8da2-886274ac9537.jpg","description":null,"alternateText":null,"flags":[],"derived":[{"name":"large","url":"https:\/\/bokunprod.imgix.net\/2c035b72-f341-43f8-8da2-886274ac9537.jpg?w=660&h=660","cleanUrl":"https:\/\/bokunprod.imgix.net\/2c035b72-f341-43f8-8da2-886274ac9537.jpg?w=660&h=660"},{"name":"preview","url":"https:\/\/bokunprod.imgix.net\/2c035b72-f341-43f8-8da2-886274ac9537.jpg?w=300&h=300","cleanUrl":"https:\/\/bokunprod.imgix.net\/2c035b72-f341-43f8-8da2-886274ac9537.jpg?w=300&h=300"},{"name":"thumbnail","url":"https:\/\/bokunprod.imgix.net\/2c035b72-f341-43f8-8da2-886274ac9537.jpg?w=80&h=80&fit=crop","cleanUrl":"https:\/\/bokunprod.imgix.net\/2c035b72-f341-43f8-8da2-886274ac9537.jpg?w=80&h=80&fit=crop"}],"fileName":"\/2c035b72-f341-43f8-8da2-886274ac9537.jpg"},{"id":59477,"originalUrl":"https:\/\/bokun.s3.amazonaws.com\/e5d78808-e227-4589-80ae-12306d717678.jpg","description":null,"alternateText":null,"flags":[],"derived":[{"name":"large","url":"https:\/\/bokunprod.imgix.net\/e5d78808-e227-4589-80ae-12306d717678.jpg?w=660&h=660","cleanUrl":"https:\/\/bokunprod.imgix.net\/e5d78808-e227-4589-80ae-12306d717678.jpg?w=660&h=660"},{"name":"preview","url":"https:\/\/bokunprod.imgix.net\/e5d78808-e227-4589-80ae-12306d717678.jpg?w=300&h=300","cleanUrl":"https:\/\/bokunprod.imgix.net\/e5d78808-e227-4589-80ae-12306d717678.jpg?w=300&h=300"},{"name":"thumbnail","url":"https:\/\/bokunprod.imgix.net\/e5d78808-e227-4589-80ae-12306d717678.jpg?w=80&h=80&fit=crop","cleanUrl":"https:\/\/bokunprod.imgix.net\/e5d78808-e227-4589-80ae-12306d717678.jpg?w=80&h=80&fit=crop"}],"fileName":"\/e5d78808-e227-4589-80ae-12306d717678.jpg"}],"videos":[],"vendor":{"id":110,"title":"Vesturfer\u00f0ir ehf","currencyCode":"ISK","showInvoiceIdOnTicket":false,"showAgentDetailsOnTicket":false,"showPaymentsOnInvoice":false},"boxedVendor":null,"storedExternally":false,"pluginId":null,"reviewRating":0,"reviewCount":0,"activityType":"DAY_TOUR_OR_ACTIVITY","bookingType":"DATE_AND_TIME","scheduleType":"RECURRING","capacityType":"LIMITED","passExpiryType":null,"meetingType":"MEET_ON_LOCATION","passCapacity":10,"passesAvailable":0,"dressCode":true,"passportRequired":false,"supportedAccessibilityTypes":[],"startPoints":[],"included":"boat transfers and guidance","requirements":"Participation in this tour requires warm and wind\/waterproof clothes, solid hiking boots, gloves and cap, a lunch pack and something to drink! Wading shoes are optional, but it would be a good idea to bring a small towel to dry your feet after being in the water. And don't forget to bring your camera.","attention":"","locationCode":null,"bookingCutoffMinutes":0,"bookingCutoffHours":0,"bookingCutoffDays":1,"bookingCutoffWeeks":0,"requestDeadlineMinutes":0,"requestDeadlineHours":0,"requestDeadlineDays":2,"requestDeadlineWeeks":0,"boxedActivityId":0,"comboActivity":false,"dayBasedAvailability":false,"selectFromDayOptions":false,"dayOptions":[],"activityCategories":["WALKING_TOUR","SAILING_OR_BOAT_TOUR","SIGHTSEEING","NATURE","HIKING"],"activityAttributes":["FAMILY_FRIENDLY","ECO_FRIENDLY","GROUP_FRIENDLY","OUTDOOR"],"guidanceTypes":[{"id":null,"created":[2018,5,6,16,25,54,840000000],"guidanceType":"GUIDED","languages":["en","is"]}],"defaultRateId":32964,"rates":[{"id":32964,"title":"Default rate","description":null,"index":0,"rateCode":null,"pricedPerPerson":true,"minPerBooking":1,"maxPerBooking":0,"cancellationPolicy":{"id":4423,"created":[2018,5,6,16,25,54,840000000],"title":"Default","tax":null,"penaltyRules":[{"id":5336,"created":[2018,5,6,16,25,54,840000000],"cutoffHours":48,"percentage":100},{"id":5335,"created":[2018,5,6,16,25,54,840000000],"cutoffHours":168,"percentage":30},{"id":5334,"created":[2018,5,6,16,25,54,840000000],"cutoffHours":12000,"percentage":10}]},"fixedPassExpiryDate":null,"passValidForDays":0,"pickupSelectionType":"UNAVAILABLE","pickupPricingType":"INCLUDED_IN_PRICE","pickupPricedPerPerson":false,"dropoffSelectionType":"UNAVAILABLE","dropoffPricingType":"INCLUDED_IN_PRICE","dropoffPricedPerPerson":false,"extraConfigs":[],"startTimeIds":[],"pricingCategoryIds":[]}],"ticketPerPerson":false,"durationType":"HOURS","duration":12,"durationMinutes":0,"durationHours":12,"durationDays":0,"durationWeeks":0,"durationText":"12 hours","minAge":8,"nextDefaultPrice":32900,"nextDefaultPriceMoney":{"amount":32900,"currency":"ISK"},"pickupService":false,"pickupAllotment":false,"useComponentPickupAllotments":false,"pickupFlags":[],"customPickupAllowed":false,"pickupMinutesBefore":0,"noPickupMsg":"","showGlobalPickupMsg":false,"showNoPickupMsg":false,"dropoffService":false,"dropoffFlags":[],"customDropoffAllowed":false,"difficultyLevel":"MODERATE","pricingCategories":[{"id":13195,"title":"A day's hike in the Nature Reserve","ticketCategory":"CHILD","occupancy":1,"ageQualified":true,"minAge":8,"maxAge":12,"dependent":false,"masterCategoryId":13194,"maxPerMaster":0,"sumDependentCategories":false,"maxDependentSum":0,"internalUseOnly":false,"flags":[],"defaultCategory":false,"fullTitle":"A day's hike in the Nature Reserve (8 - 12)"},{"id":13194,"title":"A Day\u00b4s hike in the nature reserve","ticketCategory":"ADULT","occupancy":1,"ageQualified":true,"minAge":12,"maxAge":0,"dependent":false,"masterCategoryId":13184,"maxPerMaster":0,"sumDependentCategories":false,"maxDependentSum":0,"internalUseOnly":false,"flags":[],"defaultCategory":true,"fullTitle":"A Day\u00b4s hike in the nature reserve (12+)"}],"agendaItems":[],"startTimes":[{"id":62841,"hour":9,"minute":0,"overrideTimeWhenPickup":false,"pickupHour":0,"pickupMinute":0,"durationType":"H","duration":12,"durationMinutes":0,"durationHours":12,"durationDays":0,"durationWeeks":0,"flags":[]}],"bookableExtras":[],"route":null,"hasOpeningHours":false,"defaultOpeningHours":null,"seasonalOpeningHours":[],"displaySettings":{"showPickupPlaces":false,"showRouteMap":false,"selectRateBasedOnStartTime":false,"customFields":[]},"requestDeadline":172800000,"actualId":18925,"bookingCutoff":1440,"actualVendor":{"id":110,"title":"Vesturfer\u00f0ir ehf","currencyCode":"ISK","showInvoiceIdOnTicket":false,"showAgentDetailsOnTicket":false,"showPaymentsOnInvoice":false},"prices":[{"id":13195,"type":"CHILD","amount":16450,"minAge":8,"maxAge":12},{"id":13194,"type":"ADULT","amount":32900,"minAge":12,"maxAge":0}],"season":"Spring"},{"id":19040,"externalId":"wt-ribos","productGroupId":0,"productCategory":"ACTIVITIES","box":false,"inventoryLocal":true,"inventorySupportsPricing":false,"inventorySupportsAvailability":true,"lastPublished":"2018-04-13T13:51:42.370Z","title":"RIB-boat Ocean Safari","description":"2 hours rib boat sightseeing safari tour from \u00cdsafj\u00f6r\u00f0ur town which offers a magnificent view over the surrounding landscape from the sea side.   \r\n\r\nWe start with a safety instruction and the distribution of warm overalls and life jackets which you will have to wear onboard. It is important to wear warm footwear and even mittens, it gets cold once out on the sea. This tour will take you into \u00cdsafjar\u00f0ardj\u00fap, the stunning fjord region just off \u00cdsafj\u00f6r\u00f0ur. We pass the beautiful bird island Vigur or Sn\u00e6fjallastr\u00f6nd (Snow-Mountain-Coast) chances are high that you\u2019ll see different kinds of birds such as puffins flying around and seals and probably even whales swimming across the sailing route. Time for photo shooting is included.\r\n\r\nDepending on weather conditions the route differs and will in each case be an unique adventure.","excerpt":"2 hours Rib Boat tour from \u00cdsafj\u00f6r\u00f0ur. All gear provided.","cancellationPolicy":{"id":4423,"title":"Default","penaltyRules":[{"id":5336,"cutoffHours":48,"charge":100,"chargeType":"PERCENTAGE"},{"id":5335,"cutoffHours":168,"charge":30,"chargeType":"PERCENTAGE"},{"id":5334,"cutoffHours":12000,"charge":10,"chargeType":"PERCENTAGE"}],"tax":null},"requiredCustomerFields":["firstName","lastName","nationality","gender","dateOfBirth"],"keywords":["westfjords","adventure","rib boat","nature","whales","\u00edsafj\u00f6r\u00f0ur","boat"],"flags":[],"slug":null,"baseLanguage":"en","languages":["EN"],"paymentCurrencies":[],"customFields":[],"tagGroups":[],"categories":[],"keyPhoto":{"id":60277,"originalUrl":"https:\/\/bokun.s3.amazonaws.com\/07894bd7-43c2-495b-ab16-c6c342d4a09f.jpg","description":"","alternateText":"","flags":[],"derived":[{"name":"large","url":"https:\/\/bokunprod.imgix.net\/07894bd7-43c2-495b-ab16-c6c342d4a09f.jpg?w=660&h=660","cleanUrl":"https:\/\/bokunprod.imgix.net\/07894bd7-43c2-495b-ab16-c6c342d4a09f.jpg?w=660&h=660"},{"name":"preview","url":"https:\/\/bokunprod.imgix.net\/07894bd7-43c2-495b-ab16-c6c342d4a09f.jpg?w=300&h=300","cleanUrl":"https:\/\/bokunprod.imgix.net\/07894bd7-43c2-495b-ab16-c6c342d4a09f.jpg?w=300&h=300"},{"name":"thumbnail","url":"https:\/\/bokunprod.imgix.net\/07894bd7-43c2-495b-ab16-c6c342d4a09f.jpg?w=80&h=80&fit=crop","cleanUrl":"https:\/\/bokunprod.imgix.net\/07894bd7-43c2-495b-ab16-c6c342d4a09f.jpg?w=80&h=80&fit=crop"}],"fileName":"\/07894bd7-43c2-495b-ab16-c6c342d4a09f.jpg"},"photos":[{"id":60275,"originalUrl":"https:\/\/bokun.s3.amazonaws.com\/067d7ff0-c5ae-49ff-ac76-1525c3f00fc4.jpg","description":null,"alternateText":null,"flags":[],"derived":[{"name":"large","url":"https:\/\/bokunprod.imgix.net\/067d7ff0-c5ae-49ff-ac76-1525c3f00fc4.jpg?w=660&h=660","cleanUrl":"https:\/\/bokunprod.imgix.net\/067d7ff0-c5ae-49ff-ac76-1525c3f00fc4.jpg?w=660&h=660"},{"name":"preview","url":"https:\/\/bokunprod.imgix.net\/067d7ff0-c5ae-49ff-ac76-1525c3f00fc4.jpg?w=300&h=300","cleanUrl":"https:\/\/bokunprod.imgix.net\/067d7ff0-c5ae-49ff-ac76-1525c3f00fc4.jpg?w=300&h=300"},{"name":"thumbnail","url":"https:\/\/bokunprod.imgix.net\/067d7ff0-c5ae-49ff-ac76-1525c3f00fc4.jpg?w=80&h=80&fit=crop","cleanUrl":"https:\/\/bokunprod.imgix.net\/067d7ff0-c5ae-49ff-ac76-1525c3f00fc4.jpg?w=80&h=80&fit=crop"}],"fileName":"\/067d7ff0-c5ae-49ff-ac76-1525c3f00fc4.jpg"},{"id":60276,"originalUrl":"https:\/\/bokun.s3.amazonaws.com\/6213df35-6180-4612-b80f-ea9859575cda.jpg","description":null,"alternateText":null,"flags":[],"derived":[{"name":"large","url":"https:\/\/bokunprod.imgix.net\/6213df35-6180-4612-b80f-ea9859575cda.jpg?w=660&h=660","cleanUrl":"https:\/\/bokunprod.imgix.net\/6213df35-6180-4612-b80f-ea9859575cda.jpg?w=660&h=660"},{"name":"preview","url":"https:\/\/bokunprod.imgix.net\/6213df35-6180-4612-b80f-ea9859575cda.jpg?w=300&h=300","cleanUrl":"https:\/\/bokunprod.imgix.net\/6213df35-6180-4612-b80f-ea9859575cda.jpg?w=300&h=300"},{"name":"thumbnail","url":"https:\/\/bokunprod.imgix.net\/6213df35-6180-4612-b80f-ea9859575cda.jpg?w=80&h=80&fit=crop","cleanUrl":"https:\/\/bokunprod.imgix.net\/6213df35-6180-4612-b80f-ea9859575cda.jpg?w=80&h=80&fit=crop"}],"fileName":"\/6213df35-6180-4612-b80f-ea9859575cda.jpg"},{"id":60277,"originalUrl":"https:\/\/bokun.s3.amazonaws.com\/07894bd7-43c2-495b-ab16-c6c342d4a09f.jpg","description":"","alternateText":"","flags":[],"derived":[{"name":"large","url":"https:\/\/bokunprod.imgix.net\/07894bd7-43c2-495b-ab16-c6c342d4a09f.jpg?w=660&h=660","cleanUrl":"https:\/\/bokunprod.imgix.net\/07894bd7-43c2-495b-ab16-c6c342d4a09f.jpg?w=660&h=660"},{"name":"preview","url":"https:\/\/bokunprod.imgix.net\/07894bd7-43c2-495b-ab16-c6c342d4a09f.jpg?w=300&h=300","cleanUrl":"https:\/\/bokunprod.imgix.net\/07894bd7-43c2-495b-ab16-c6c342d4a09f.jpg?w=300&h=300"},{"name":"thumbnail","url":"https:\/\/bokunprod.imgix.net\/07894bd7-43c2-495b-ab16-c6c342d4a09f.jpg?w=80&h=80&fit=crop","cleanUrl":"https:\/\/bokunprod.imgix.net\/07894bd7-43c2-495b-ab16-c6c342d4a09f.jpg?w=80&h=80&fit=crop"}],"fileName":"\/07894bd7-43c2-495b-ab16-c6c342d4a09f.jpg"},{"id":60278,"originalUrl":"https:\/\/bokun.s3.amazonaws.com\/861c8f66-e2fe-4443-b9e8-6ec3218f64ea.jpg","description":null,"alternateText":null,"flags":[],"derived":[{"name":"large","url":"https:\/\/bokunprod.imgix.net\/861c8f66-e2fe-4443-b9e8-6ec3218f64ea.jpg?w=660&h=660","cleanUrl":"https:\/\/bokunprod.imgix.net\/861c8f66-e2fe-4443-b9e8-6ec3218f64ea.jpg?w=660&h=660"},{"name":"preview","url":"https:\/\/bokunprod.imgix.net\/861c8f66-e2fe-4443-b9e8-6ec3218f64ea.jpg?w=300&h=300","cleanUrl":"https:\/\/bokunprod.imgix.net\/861c8f66-e2fe-4443-b9e8-6ec3218f64ea.jpg?w=300&h=300"},{"name":"thumbnail","url":"https:\/\/bokunprod.imgix.net\/861c8f66-e2fe-4443-b9e8-6ec3218f64ea.jpg?w=80&h=80&fit=crop","cleanUrl":"https:\/\/bokunprod.imgix.net\/861c8f66-e2fe-4443-b9e8-6ec3218f64ea.jpg?w=80&h=80&fit=crop"}],"fileName":"\/861c8f66-e2fe-4443-b9e8-6ec3218f64ea.jpg"},{"id":60279,"originalUrl":"https:\/\/bokun.s3.amazonaws.com\/cf234214-84e1-4671-bf7b-f89d63d75030.jpg","description":null,"alternateText":null,"flags":[],"derived":[{"name":"large","url":"https:\/\/bokunprod.imgix.net\/cf234214-84e1-4671-bf7b-f89d63d75030.jpg?w=660&h=660","cleanUrl":"https:\/\/bokunprod.imgix.net\/cf234214-84e1-4671-bf7b-f89d63d75030.jpg?w=660&h=660"},{"name":"preview","url":"https:\/\/bokunprod.imgix.net\/cf234214-84e1-4671-bf7b-f89d63d75030.jpg?w=300&h=300","cleanUrl":"https:\/\/bokunprod.imgix.net\/cf234214-84e1-4671-bf7b-f89d63d75030.jpg?w=300&h=300"},{"name":"thumbnail","url":"https:\/\/bokunprod.imgix.net\/cf234214-84e1-4671-bf7b-f89d63d75030.jpg?w=80&h=80&fit=crop","cleanUrl":"https:\/\/bokunprod.imgix.net\/cf234214-84e1-4671-bf7b-f89d63d75030.jpg?w=80&h=80&fit=crop"}],"fileName":"\/cf234214-84e1-4671-bf7b-f89d63d75030.jpg"}],"videos":[],"vendor":{"id":110,"title":"Vesturfer\u00f0ir ehf","currencyCode":"ISK","showInvoiceIdOnTicket":false,"showAgentDetailsOnTicket":false,"showPaymentsOnInvoice":false},"boxedVendor":null,"storedExternally":false,"pluginId":null,"reviewRating":0,"reviewCount":0,"activityType":"DAY_TOUR_OR_ACTIVITY","bookingType":"DATE_AND_TIME","scheduleType":"RECURRING","capacityType":"LIMITED","passExpiryType":null,"meetingType":"MEET_ON_LOCATION","passCapacity":10,"passesAvailable":0,"dressCode":false,"passportRequired":false,"supportedAccessibilityTypes":[],"startPoints":[{"id":3607,"created":[2018,5,6,16,25,55,210000000],"type":null,"title":"West Tours","code":null,"address":{"id":83010,"created":[2018,5,6,16,25,55,210000000],"addressLine1":"7 A\u00f0alstr\u00e6ti","addressLine2":"","addressLine3":null,"city":"\u00cdsafj\u00f6r\u00f0ur","state":null,"postalCode":"","countryCode":"IS","mapZoomLevel":16,"geoPoint":{"latitude":66.0707806059605360360365011729300022125244140625,"longitude":-23.121242523193359375},"unLocode":{"country":"IS","city":"ISA"}},"pickupTicketDescription":null,"dropoffTicketDescription":null,"labels":[]}],"included":"Rib boat tour, warm overall, life jacket and guidance","requirements":"Gloves, hat\/cap and a camera.","attention":"","locationCode":null,"bookingCutoffMinutes":0,"bookingCutoffHours":2,"bookingCutoffDays":0,"bookingCutoffWeeks":0,"requestDeadlineMinutes":0,"requestDeadlineHours":0,"requestDeadlineDays":2,"requestDeadlineWeeks":0,"boxedActivityId":0,"comboActivity":false,"dayBasedAvailability":false,"selectFromDayOptions":false,"dayOptions":[],"activityCategories":["SAILING_OR_BOAT_TOUR","NATURE","SAFARI_AND_WILDLIFE","DOLPHIN_OR_WHALEWATCHING"],"activityAttributes":["FAMILY_FRIENDLY","ECO_FRIENDLY","GROUP_FRIENDLY","OUTDOOR"],"guidanceTypes":[{"id":null,"created":[2018,5,6,16,25,55,210000000],"guidanceType":"GUIDED","languages":["en","is"]}],"defaultRateId":33085,"rates":[{"id":33085,"title":"Rack Rate","description":null,"index":0,"rateCode":null,"pricedPerPerson":true,"minPerBooking":1,"maxPerBooking":12,"cancellationPolicy":{"id":4423,"created":[2018,5,6,16,25,55,210000000],"title":"Default","tax":null,"penaltyRules":[{"id":5336,"created":[2018,5,6,16,25,55,210000000],"cutoffHours":48,"percentage":100},{"id":5335,"created":[2018,5,6,16,25,55,210000000],"cutoffHours":168,"percentage":30},{"id":5334,"created":[2018,5,6,16,25,55,210000000],"cutoffHours":12000,"percentage":10}]},"fixedPassExpiryDate":null,"passValidForDays":0,"pickupSelectionType":"UNAVAILABLE","pickupPricingType":"INCLUDED_IN_PRICE","pickupPricedPerPerson":false,"dropoffSelectionType":"UNAVAILABLE","dropoffPricingType":"INCLUDED_IN_PRICE","dropoffPricedPerPerson":false,"extraConfigs":[],"startTimeIds":[49003],"pricingCategoryIds":[13261,13262]}],"ticketPerPerson":false,"durationType":"HOURS","duration":2,"durationMinutes":0,"durationHours":2,"durationDays":0,"durationWeeks":0,"durationText":"2 hours","minAge":8,"nextDefaultPrice":12900,"nextDefaultPriceMoney":{"amount":12900,"currency":"ISK"},"pickupService":false,"pickupAllotment":false,"useComponentPickupAllotments":false,"pickupFlags":[],"customPickupAllowed":false,"pickupMinutesBefore":0,"noPickupMsg":"","showGlobalPickupMsg":false,"showNoPickupMsg":false,"dropoffService":false,"dropoffFlags":[],"customDropoffAllowed":false,"difficultyLevel":"EASY","pricingCategories":[{"id":13262,"title":"RIB boat","ticketCategory":"CHILD","occupancy":1,"ageQualified":true,"minAge":4,"maxAge":12,"dependent":false,"masterCategoryId":13195,"maxPerMaster":0,"sumDependentCategories":false,"maxDependentSum":0,"internalUseOnly":false,"flags":[],"defaultCategory":true,"fullTitle":"RIB boat (4 - 12)"},{"id":13261,"title":"RIB boat","ticketCategory":"ADULT","occupancy":1,"ageQualified":true,"minAge":12,"maxAge":0,"dependent":false,"masterCategoryId":13195,"maxPerMaster":0,"sumDependentCategories":false,"maxDependentSum":0,"internalUseOnly":false,"flags":[],"defaultCategory":false,"fullTitle":"RIB boat (12+)"}],"agendaItems":[],"startTimes":[{"id":49003,"hour":14,"minute":0,"overrideTimeWhenPickup":false,"pickupHour":0,"pickupMinute":0,"durationType":"H","duration":2,"durationMinutes":0,"durationHours":2,"durationDays":0,"durationWeeks":0,"flags":[]}],"bookableExtras":[],"route":null,"hasOpeningHours":false,"defaultOpeningHours":null,"seasonalOpeningHours":[],"displaySettings":{"showPickupPlaces":false,"showRouteMap":false,"selectRateBasedOnStartTime":false,"customFields":[]},"requestDeadline":172800000,"bookingCutoff":120,"actualId":19040,"actualVendor":{"id":110,"title":"Vesturfer\u00f0ir ehf","currencyCode":"ISK","showInvoiceIdOnTicket":false,"showAgentDetailsOnTicket":false,"showPaymentsOnInvoice":false},"prices":[{"id":13262,"type":"CHILD","amount":12900,"minAge":4,"maxAge":12},{"id":13261,"type":"ADULT","amount":17900,"minAge":12,"maxAge":0}],"season":"Winter"},{"id":24486,"externalId":"WT-dlo","productGroupId":0,"productCategory":"ACTIVITIES","box":false,"inventoryLocal":true,"inventorySupportsPricing":false,"inventorySupportsAvailability":true,"lastPublished":"2018-04-13T14:35:30.602Z","title":"A day like an outlaw in the Glacierfjords","description":"<p>We offer you a unique one day\u2019s hike in the Hornstrandir area with a local guide.<\/p><p>  <\/p><p>We will take you by boat to the abandoned area of the Glacierfjords were the hike will start. We will take land where there are no roads nor villages as the last farmers moved away in the beginning of the 1950\u00b4s. During the day we will get a view over Westfjords only Glacier, Drangaj\u00f6kull, enjoy the stroll by the seafront and cross an unbridged glacier river. We will hike through the lowlands where Iceland\u00b4s most famous outlaw, Fjalla-Eyvindur (Mountain-Eyvindur), lived and died. An experienced guide will entertain you with the remarkable story of Fjalla-Eyvindur, the history of the area and stories of people that lived there. The hike is about 12 km.<\/p>","excerpt":"A moderate hike for people in good shape. Hiking distance is about 12 km on rough ground and very little elevation","cancellationPolicy":{"id":4423,"title":"Default","penaltyRules":[{"id":5336,"cutoffHours":48,"charge":100,"chargeType":"PERCENTAGE"},{"id":5335,"cutoffHours":168,"charge":30,"chargeType":"PERCENTAGE"},{"id":5334,"cutoffHours":12000,"charge":10,"chargeType":"PERCENTAGE"}],"tax":null},"requiredCustomerFields":["firstName","lastName","nationality","gender","dateOfBirth"],"keywords":["outdoor","Westfjords","mindfullness","nature","Hike","Daytour","Hornstrandir","digital detox"],"flags":[],"slug":null,"baseLanguage":"en","languages":["EN"],"paymentCurrencies":[],"customFields":[],"tagGroups":[],"categories":[],"keyPhoto":null,"photos":[],"videos":[],"vendor":{"id":110,"title":"Vesturfer\u00f0ir ehf","currencyCode":"ISK","showInvoiceIdOnTicket":false,"showAgentDetailsOnTicket":false,"showPaymentsOnInvoice":false},"boxedVendor":null,"storedExternally":false,"pluginId":null,"reviewRating":0,"reviewCount":0,"activityType":"DAY_TOUR_OR_ACTIVITY","bookingType":"DATE_AND_TIME","scheduleType":"RECURRING","capacityType":"LIMITED","passExpiryType":null,"meetingType":"MEET_ON_LOCATION","passCapacity":10,"passesAvailable":0,"dressCode":true,"passportRequired":false,"supportedAccessibilityTypes":[],"startPoints":[],"included":"<p>boat transfers and guidance<br><\/p>","requirements":"<p>&nbsp;Warm and wind\/waterproof clothes<\/p><p>Solid hiking boots<\/p><p>Gloves and cap,&nbsp;<\/p><p>Lunch pack and something to drink! <\/p><p>Wading shoes are optional, but it would be a good idea to bring a small towel to dry your feet after being in the water.&nbsp;<br><\/p>","attention":"","locationCode":{"id":55926,"country":"IS","location":"ISA","name":"Isafj\u00f8rdur - h\u00f8fn","nameWoDiacritics":"Isafjordur - hofn","status":"AC","function":"1-------","date":9601,"iata":"IFJ"},"bookingCutoffMinutes":0,"bookingCutoffHours":0,"bookingCutoffDays":1,"bookingCutoffWeeks":0,"requestDeadlineMinutes":0,"requestDeadlineHours":0,"requestDeadlineDays":2,"requestDeadlineWeeks":0,"boxedActivityId":0,"comboActivity":false,"dayBasedAvailability":false,"selectFromDayOptions":false,"dayOptions":[],"activityCategories":["SAILING_OR_BOAT_TOUR","SIGHTSEEING_ATTRACTION","HIKING"],"activityAttributes":["ECO_FRIENDLY","GROUP_FRIENDLY","OUTDOOR"],"guidanceTypes":[{"id":null,"created":[2018,5,6,16,25,55,844000000],"guidanceType":"GUIDED","languages":["en","is"]}],"defaultRateId":39890,"rates":[{"id":39890,"title":"Standard rate","description":null,"index":0,"rateCode":null,"pricedPerPerson":true,"minPerBooking":1,"maxPerBooking":0,"cancellationPolicy":{"id":4423,"created":[2018,5,6,16,25,55,844000000],"title":"Default","tax":null,"penaltyRules":[{"id":5336,"created":[2018,5,6,16,25,55,844000000],"cutoffHours":48,"percentage":100},{"id":5335,"created":[2018,5,6,16,25,55,844000000],"cutoffHours":168,"percentage":30},{"id":5334,"created":[2018,5,6,16,25,55,844000000],"cutoffHours":12000,"percentage":10}]},"fixedPassExpiryDate":null,"passValidForDays":0,"pickupSelectionType":"UNAVAILABLE","pickupPricingType":"INCLUDED_IN_PRICE","pickupPricedPerPerson":false,"dropoffSelectionType":"UNAVAILABLE","dropoffPricingType":"INCLUDED_IN_PRICE","dropoffPricedPerPerson":false,"extraConfigs":[],"startTimeIds":[],"pricingCategoryIds":[]}],"ticketPerPerson":false,"durationType":"HOURS","duration":12,"durationMinutes":0,"durationHours":12,"durationDays":0,"durationWeeks":0,"durationText":"12 hours","minAge":10,"nextDefaultPrice":32900,"nextDefaultPriceMoney":{"amount":32900,"currency":"ISK"},"pickupService":false,"pickupAllotment":false,"useComponentPickupAllotments":false,"pickupFlags":[],"customPickupAllowed":false,"pickupMinutesBefore":0,"noPickupMsg":"","showGlobalPickupMsg":false,"showNoPickupMsg":false,"dropoffService":false,"dropoffFlags":[],"customDropoffAllowed":false,"difficultyLevel":"MODERATE","pricingCategories":[{"id":17852,"title":"A day like an Outlaw","ticketCategory":"CHILD","occupancy":1,"ageQualified":true,"minAge":10,"maxAge":12,"dependent":false,"masterCategoryId":17851,"maxPerMaster":4,"sumDependentCategories":false,"maxDependentSum":0,"internalUseOnly":true,"flags":[],"defaultCategory":false,"fullTitle":"A day like an Outlaw (10 - 12)"},{"id":17851,"title":"A day like an Outlaw","ticketCategory":"ADULT","occupancy":1,"ageQualified":true,"minAge":12,"maxAge":0,"dependent":false,"masterCategoryId":13195,"maxPerMaster":14,"sumDependentCategories":false,"maxDependentSum":0,"internalUseOnly":false,"flags":[],"defaultCategory":true,"fullTitle":"A day like an Outlaw (12+)"}],"agendaItems":[],"startTimes":[{"id":62824,"hour":9,"minute":0,"overrideTimeWhenPickup":false,"pickupHour":0,"pickupMinute":0,"durationType":"H","duration":12,"durationMinutes":0,"durationHours":12,"durationDays":0,"durationWeeks":0,"flags":[]}],"bookableExtras":[],"route":null,"hasOpeningHours":false,"defaultOpeningHours":null,"seasonalOpeningHours":[],"displaySettings":{"showPickupPlaces":false,"showRouteMap":false,"selectRateBasedOnStartTime":false,"customFields":[]},"requestDeadline":172800000,"actualId":24486,"bookingCutoff":1440,"actualVendor":{"id":110,"title":"Vesturfer\u00f0ir ehf","currencyCode":"ISK","showInvoiceIdOnTicket":false,"showAgentDetailsOnTicket":false,"showPaymentsOnInvoice":false},"prices":[{"id":17852,"type":"CHILD","amount":16450,"minAge":10,"maxAge":12},{"id":17851,"type":"ADULT","amount":32900,"minAge":12,"maxAge":0}],"season":"Winter"}]}