{"trips":[{"id":24486,"externalId":"WT-dlo","productGroupId":0,"productCategory":"ACTIVITIES","box":false,"inventoryLocal":true,"inventorySupportsPricing":false,"inventorySupportsAvailability":true,"lastPublished":"2018-04-13T14:35:30.602Z","title":"A day like an outlaw in the Glacierfjords","description":"<p>We offer you a unique one day\u2019s hike in the Hornstrandir area with a local guide.<\/p><p>  <\/p><p>We will take you by boat to the abandoned area of the Glacierfjords were the hike will start. We will take land where there are no roads nor villages as the last farmers moved away in the beginning of the 1950\u00b4s. During the day we will get a view over Westfjords only Glacier, Drangaj\u00f6kull, enjoy the stroll by the seafront and cross an unbridged glacier river. We will hike through the lowlands where Iceland\u00b4s most famous outlaw, Fjalla-Eyvindur (Mountain-Eyvindur), lived and died. An experienced guide will entertain you with the remarkable story of Fjalla-Eyvindur, the history of the area and stories of people that lived there. The hike is about 12 km.<\/p>","excerpt":"A moderate hike for people in good shape. Hiking distance is about 12 km on rough ground and very little elevation","cancellationPolicy":{"id":4423,"title":"Default","penaltyRules":[{"id":5336,"cutoffHours":48,"charge":100,"chargeType":"PERCENTAGE"},{"id":5335,"cutoffHours":168,"charge":30,"chargeType":"PERCENTAGE"},{"id":5334,"cutoffHours":12000,"charge":10,"chargeType":"PERCENTAGE"}],"tax":null},"barcodeType":"QR_CODE","timeZone":null,"mainContactFields":[],"requiredCustomerFields":[],"keywords":["outdoor","Westfjords","mindfullness","nature","Hike","Daytour","Hornstrandir","digital detox"],"flags":[],"slug":null,"baseLanguage":"en","languages":["EN"],"paymentCurrencies":[],"customFields":[],"tagGroups":[],"categories":[],"keyPhoto":null,"photos":[],"videos":[],"vendor":{"id":110,"title":"Vesturfer\u00f0ir ehf","currencyCode":"ISK","showInvoiceIdOnTicket":false,"showAgentDetailsOnTicket":false,"showPaymentsOnInvoice":false},"boxedVendor":null,"storedExternally":false,"pluginId":null,"reviewRating":0,"reviewCount":0,"activityType":"DAY_TOUR_OR_ACTIVITY","bookingType":"DATE_AND_TIME","scheduleType":"RECURRING","capacityType":"LIMITED","passExpiryType":null,"meetingType":"MEET_ON_LOCATION","passCapacity":10,"passesAvailable":0,"dressCode":true,"passportRequired":false,"supportedAccessibilityTypes":[],"startPoints":[],"included":"<p>boat transfers and guidance<br><\/p>","requirements":"<p>&nbsp;Warm and wind\/waterproof clothes<\/p><p>Solid hiking boots<\/p><p>Gloves and cap,&nbsp;<\/p><p>Lunch pack and something to drink! <\/p><p>Wading shoes are optional, but it would be a good idea to bring a small towel to dry your feet after being in the water.&nbsp;<br><\/p>","attention":"","locationCode":{"id":55926,"country":"IS","location":"ISA","name":"Isafj\u00f8rdur - h\u00f8fn","nameWoDiacritics":"Isafjordur - hofn","status":"AC","function":"1-------","date":9601,"iata":"IFJ"},"bookingCutoffMinutes":0,"bookingCutoffHours":0,"bookingCutoffDays":1,"bookingCutoffWeeks":0,"requestDeadlineMinutes":0,"requestDeadlineHours":0,"requestDeadlineDays":2,"requestDeadlineWeeks":0,"boxedActivityId":0,"comboActivity":false,"dayBasedAvailability":false,"selectFromDayOptions":false,"dayOptions":[],"activityCategories":["SAILING_OR_BOAT_TOUR","SIGHTSEEING_ATTRACTION","HIKING"],"activityAttributes":["ECO_FRIENDLY","GROUP_FRIENDLY","OUTDOOR"],"guidanceTypes":[{"id":null,"created":[2018,6,23,14,55,19,446000000],"guidanceType":"GUIDED","languages":["en","is"]}],"defaultRateId":39890,"rates":[{"id":39890,"title":"Standard rate","description":null,"index":0,"rateCode":null,"pricedPerPerson":true,"minPerBooking":1,"maxPerBooking":0,"cancellationPolicy":{"id":4423,"created":[2018,6,23,14,55,19,446000000],"title":"Default","tax":null,"penaltyRules":[{"id":5336,"created":[2018,6,23,14,55,19,446000000],"cutoffHours":48,"percentage":100},{"id":5335,"created":[2018,6,23,14,55,19,446000000],"cutoffHours":168,"percentage":30},{"id":5334,"created":[2018,6,23,14,55,19,446000000],"cutoffHours":12000,"percentage":10}]},"fixedPassExpiryDate":null,"passValidForDays":0,"pickupSelectionType":"UNAVAILABLE","pickupPricingType":"INCLUDED_IN_PRICE","pickupPricedPerPerson":false,"dropoffSelectionType":"UNAVAILABLE","dropoffPricingType":"INCLUDED_IN_PRICE","dropoffPricedPerPerson":false,"extraConfigs":[],"startTimeIds":[],"pricingCategoryIds":[]}],"ticketPerPerson":false,"durationType":"HOURS","duration":12,"durationMinutes":0,"durationHours":12,"durationDays":0,"durationWeeks":0,"durationText":"12 hours","minAge":10,"nextDefaultPrice":32900,"nextDefaultPriceMoney":{"amount":32900,"currency":"ISK"},"pickupService":false,"pickupAllotment":false,"useComponentPickupAllotments":false,"pickupFlags":[],"customPickupAllowed":false,"pickupMinutesBefore":0,"noPickupMsg":"","showGlobalPickupMsg":false,"showNoPickupMsg":false,"dropoffService":false,"dropoffFlags":[],"customDropoffAllowed":false,"difficultyLevel":"MODERATE","pricingCategories":[{"id":17852,"title":"A day like an Outlaw","ticketCategory":"CHILD","occupancy":1,"ageQualified":true,"minAge":10,"maxAge":12,"dependent":false,"masterCategoryId":17851,"maxPerMaster":4,"sumDependentCategories":false,"maxDependentSum":0,"internalUseOnly":true,"flags":[],"defaultCategory":false,"fullTitle":"A day like an Outlaw (10 - 12)"},{"id":17851,"title":"A day like an Outlaw","ticketCategory":"ADULT","occupancy":1,"ageQualified":true,"minAge":12,"maxAge":0,"dependent":false,"masterCategoryId":13195,"maxPerMaster":14,"sumDependentCategories":false,"maxDependentSum":0,"internalUseOnly":false,"flags":[],"defaultCategory":true,"fullTitle":"A day like an Outlaw (12+)"}],"agendaItems":[],"startTimes":[{"id":62824,"hour":9,"minute":0,"overrideTimeWhenPickup":false,"pickupHour":0,"pickupMinute":0,"durationType":"H","duration":12,"durationMinutes":0,"durationHours":12,"durationDays":0,"durationWeeks":0,"flags":[]}],"bookableExtras":[],"route":null,"hasOpeningHours":false,"defaultOpeningHours":null,"seasonalOpeningHours":[],"displaySettings":{"showPickupPlaces":false,"showRouteMap":false,"selectRateBasedOnStartTime":false,"customFields":[]},"actualId":24486,"requestDeadline":172800000,"bookingCutoff":1440,"actualVendor":{"id":110,"title":"Vesturfer\u00f0ir ehf","currencyCode":"ISK","showInvoiceIdOnTicket":false,"showAgentDetailsOnTicket":false,"showPaymentsOnInvoice":false},"prices":[{"id":17852,"type":"CHILD","amount":16450,"minAge":10,"maxAge":12},{"id":17851,"type":"ADULT","amount":32900,"minAge":12,"maxAge":0}],"season":"Summer"},{"id":2224,"externalId":"WA-08","productGroupId":228,"productCategory":"ACTIVITIES","box":false,"inventoryLocal":true,"inventorySupportsPricing":false,"inventorySupportsAvailability":true,"lastPublished":"2018-05-15T16:07:57.477Z","title":"FJORD WANDERING - biking","description":"From T\u00e1lknafj\u00f6r\u00f0ur we will cycle to Sveinseyri, with its own world of magnificent birdlife and white sandy beaches.\r\n\r\nWe will visit Sell\u00e1trar, old abandoned and very remote farm, now used as a summer cabin. Though it has always been the opinion of experts that trees are not able to grow in this area, you actually find the western-most grove in Europe at Arnarstapi, settled in a stunning landscape. On the shore below are some remains of fishtermens' huts, since until 1930 this was a popular place for fishermen to row out. It is said that Arnarstapi is an energy centre where you can recharge all your energy levels.\r\n\r\nThe hot spring pool Pollurinn is located in the hillside just outside the village of T\u00e1lknafj\u00f6r\u00f0ur. It is a great way to relax after the bicycle tour, like local fishermen have done for centuries after a long hardworking day, and admire the extraordinary view accross the fjord. On this tour you get intimate encounter with incredible nature and great birdlife. The tour is especially recommended for nature lovers and photographers. \r\n\r\nTransportation between Patreksfj\u00f6r\u00f0ur and T\u00e1lknafj\u00f6r\u00f0ur included in time schedule and prices. The sheer biking is approx. 4-5 hours.","excerpt":"","cancellationPolicy":{"id":384,"title":"Default","penaltyRules":[{"id":178,"cutoffHours":0,"charge":0,"chargeType":"PERCENTAGE"}],"tax":null},"barcodeType":"QR_CODE","timeZone":null,"mainContactFields":[],"requiredCustomerFields":[],"keywords":["White beach","Geothermal pool","Sell\u00e1trar","Biking","T\u00e1lknafj\u00f6r\u00f0ur","Pollurinn","Arctic Tern","Birdlife"],"flags":[],"slug":null,"baseLanguage":"en","languages":["EN"],"paymentCurrencies":[],"customFields":[],"tagGroups":[],"categories":[],"keyPhoto":{"id":11973,"originalUrl":"https:\/\/bokun.s3.amazonaws.com\/photo11973original","description":"","alternateText":"","flags":[],"derived":[{"name":"large","url":"https:\/\/bokunprod.imgix.net\/photo11973original?w=660&h=660","cleanUrl":"\/\/bokunprod.imgix.net\/photo11973original?w=660&h=660"},{"name":"preview","url":"https:\/\/bokunprod.imgix.net\/photo11973original?w=300&h=300","cleanUrl":"\/\/bokunprod.imgix.net\/photo11973original?w=300&h=300"},{"name":"thumbnail","url":"https:\/\/bokunprod.imgix.net\/photo11973original?w=80&h=80&fit=crop","cleanUrl":"\/\/bokunprod.imgix.net\/photo11973original?w=80&h=80&fit=crop"}],"fileName":"\/photo11973original"},"photos":[{"id":11971,"originalUrl":"https:\/\/bokun.s3.amazonaws.com\/photo11971original","description":null,"alternateText":null,"flags":[],"derived":[{"name":"large","url":"https:\/\/bokunprod.imgix.net\/photo11971original?w=660&h=660","cleanUrl":"\/\/bokunprod.imgix.net\/photo11971original?w=660&h=660"},{"name":"preview","url":"https:\/\/bokunprod.imgix.net\/photo11971original?w=300&h=300","cleanUrl":"\/\/bokunprod.imgix.net\/photo11971original?w=300&h=300"},{"name":"thumbnail","url":"https:\/\/bokunprod.imgix.net\/photo11971original?w=80&h=80&fit=crop","cleanUrl":"\/\/bokunprod.imgix.net\/photo11971original?w=80&h=80&fit=crop"}],"fileName":"\/photo11971original"},{"id":11972,"originalUrl":"https:\/\/bokun.s3.amazonaws.com\/photo11972original","description":null,"alternateText":null,"flags":[],"derived":[{"name":"large","url":"https:\/\/bokunprod.imgix.net\/photo11972original?w=660&h=660","cleanUrl":"\/\/bokunprod.imgix.net\/photo11972original?w=660&h=660"},{"name":"preview","url":"https:\/\/bokunprod.imgix.net\/photo11972original?w=300&h=300","cleanUrl":"\/\/bokunprod.imgix.net\/photo11972original?w=300&h=300"},{"name":"thumbnail","url":"https:\/\/bokunprod.imgix.net\/photo11972original?w=80&h=80&fit=crop","cleanUrl":"\/\/bokunprod.imgix.net\/photo11972original?w=80&h=80&fit=crop"}],"fileName":"\/photo11972original"},{"id":11973,"originalUrl":"https:\/\/bokun.s3.amazonaws.com\/photo11973original","description":"","alternateText":"","flags":[],"derived":[{"name":"large","url":"https:\/\/bokunprod.imgix.net\/photo11973original?w=660&h=660","cleanUrl":"\/\/bokunprod.imgix.net\/photo11973original?w=660&h=660"},{"name":"preview","url":"https:\/\/bokunprod.imgix.net\/photo11973original?w=300&h=300","cleanUrl":"\/\/bokunprod.imgix.net\/photo11973original?w=300&h=300"},{"name":"thumbnail","url":"https:\/\/bokunprod.imgix.net\/photo11973original?w=80&h=80&fit=crop","cleanUrl":"\/\/bokunprod.imgix.net\/photo11973original?w=80&h=80&fit=crop"}],"fileName":"\/photo11973original"},{"id":11974,"originalUrl":"https:\/\/bokun.s3.amazonaws.com\/photo11974original","description":null,"alternateText":null,"flags":[],"derived":[{"name":"large","url":"https:\/\/bokunprod.imgix.net\/photo11974original?w=660&h=660","cleanUrl":"\/\/bokunprod.imgix.net\/photo11974original?w=660&h=660"},{"name":"preview","url":"https:\/\/bokunprod.imgix.net\/photo11974original?w=300&h=300","cleanUrl":"\/\/bokunprod.imgix.net\/photo11974original?w=300&h=300"},{"name":"thumbnail","url":"https:\/\/bokunprod.imgix.net\/photo11974original?w=80&h=80&fit=crop","cleanUrl":"\/\/bokunprod.imgix.net\/photo11974original?w=80&h=80&fit=crop"}],"fileName":"\/photo11974original"}],"videos":[],"vendor":{"id":178,"title":"Westfjords Adventures","currencyCode":"ISK","showInvoiceIdOnTicket":false,"showAgentDetailsOnTicket":false,"showPaymentsOnInvoice":false},"boxedVendor":null,"storedExternally":false,"pluginId":null,"reviewRating":0,"reviewCount":0,"activityType":"DAY_TOUR_OR_ACTIVITY","bookingType":"DATE_AND_TIME","scheduleType":"FIXED","capacityType":"LIMITED","passExpiryType":null,"meetingType":"MEET_ON_LOCATION","passCapacity":10,"passesAvailable":0,"dressCode":false,"passportRequired":false,"supportedAccessibilityTypes":[],"startPoints":[],"included":"Local guidance in English, bike, helmet and transportation.","requirements":"Advisable to wear comfortable warm clothing. We recommend that you bring a backpack, water bottle and light shoes. Don't forget your swimsuits.","attention":"","locationCode":null,"bookingCutoffMinutes":0,"bookingCutoffHours":48,"bookingCutoffDays":0,"bookingCutoffWeeks":0,"requestDeadlineMinutes":0,"requestDeadlineHours":0,"requestDeadlineDays":2,"requestDeadlineWeeks":0,"boxedActivityId":0,"comboActivity":false,"dayBasedAvailability":false,"selectFromDayOptions":false,"dayOptions":[],"activityCategories":[],"activityAttributes":[],"guidanceTypes":[],"defaultRateId":4875,"rates":[{"id":4875,"title":"Standard rate","description":null,"index":0,"rateCode":null,"pricedPerPerson":true,"minPerBooking":1,"maxPerBooking":0,"cancellationPolicy":{"id":384,"created":[2018,6,23,14,55,19,783000000],"title":"Default","tax":null,"penaltyRules":[{"id":178,"created":[2018,6,23,14,55,19,783000000],"cutoffHours":0,"percentage":0}]},"fixedPassExpiryDate":null,"passValidForDays":0,"pickupSelectionType":"UNAVAILABLE","pickupPricingType":"INCLUDED_IN_PRICE","pickupPricedPerPerson":false,"dropoffSelectionType":"UNAVAILABLE","dropoffPricingType":"INCLUDED_IN_PRICE","dropoffPricedPerPerson":false,"extraConfigs":[],"startTimeIds":[],"pricingCategoryIds":[]}],"ticketPerPerson":false,"durationType":"HOURS","duration":6,"durationMinutes":0,"durationHours":6,"durationDays":0,"durationWeeks":0,"durationText":"6 hours","minAge":0,"nextDefaultPrice":23900,"nextDefaultPriceMoney":{"amount":23900,"currency":"ISK"},"pickupService":false,"pickupAllotment":false,"useComponentPickupAllotments":false,"pickupFlags":[],"customPickupAllowed":true,"pickupMinutesBefore":0,"noPickupMsg":"","showGlobalPickupMsg":false,"showNoPickupMsg":false,"dropoffService":false,"dropoffFlags":[],"customDropoffAllowed":true,"difficultyLevel":"CHALLENGING","pricingCategories":[{"id":3492,"title":"Adults","ticketCategory":"ADULT","occupancy":1,"ageQualified":false,"minAge":0,"maxAge":0,"dependent":false,"masterCategoryId":0,"maxPerMaster":0,"sumDependentCategories":false,"maxDependentSum":0,"internalUseOnly":false,"flags":[],"defaultCategory":true,"fullTitle":"Adults"}],"agendaItems":[{"id":5138,"index":0,"title":"Fjord Wandering","excerpt":"","body":"From T\u00e1lknafj\u00f6r\u00f0ur we will cycle to Sveinseyri, with its own world of magnificent bird life and white sandy beaches.\r\n\r\nWe will visit Sell\u00e1trar, old abandoned and remote farm, now used as a summer cabin. though it has always been the option of experts that trees are unable to grow in this area you find the western-most grove in Europe at Arnarstapi. In the shore below are some remains of fisherman\u00b4s huts, since until 1930 this was a popular place for fishermen to tow out. It is said that Arnarstapi is an energy center where you can recharge all your energy levels.\r\n\r\nThe hot spring pool Pollurinn is located in the hillside just outside the village of T\u00e1lknafj\u00f6r\u00f0ur. It is a great way ti relax after the bicycle tour and admire the extraordinary view over the fjord. On this tour you will get intimate encounter with incredible nature and great bird life. The tour is especially recommended for nature lovers and photographers.\r\n","day":1,"flags":[],"place":null,"keyPhoto":null,"photos":[]}],"startTimes":[{"id":14269,"hour":9,"minute":0,"overrideTimeWhenPickup":false,"pickupHour":0,"pickupMinute":0,"durationType":"H","duration":6,"durationMinutes":0,"durationHours":6,"durationDays":0,"durationWeeks":0,"flags":["Westfjords Adventures","Patreksfj\u00f6r\u00f0ur","Tourist Centre"]}],"bookableExtras":[],"route":{"center":{"lat":65.661011663357697898391052149236202239990234375,"lng":-23.923669386596660757504650973714888095855712890625},"mapZoomLevel":10,"start":{"lat":65.5933079999999932852006168104708194732666015625,"lng":-23.9792194999999992433004081249237060546875},"end":{"lat":65.6656569999999959463821141980588436126708984375,"lng":-23.9496844999999893843778409063816070556640625},"sameStartEnd":false,"waypoints":[{"lat":65.626610999999996920450939796864986419677734375,"lng":-23.8275906000000077256117947399616241455078125},{"lat":65.649141200000002527303877286612987518310546875,"lng":-23.89716429999998581479303538799285888671875}]},"hasOpeningHours":false,"defaultOpeningHours":null,"seasonalOpeningHours":[],"displaySettings":{"showPickupPlaces":false,"showRouteMap":true,"selectRateBasedOnStartTime":false,"customFields":[]},"actualId":2224,"requestDeadline":172800000,"bookingCutoff":2880,"actualVendor":{"id":178,"title":"Westfjords Adventures","currencyCode":"ISK","showInvoiceIdOnTicket":false,"showAgentDetailsOnTicket":false,"showPaymentsOnInvoice":false},"prices":[{"id":3492,"type":"ADULT","amount":23900,"minAge":0,"maxAge":0}],"season":"Winter"},{"id":19037,"externalId":"wt-phd","productGroupId":0,"productCategory":"ACTIVITIES","box":false,"inventoryLocal":true,"inventorySupportsPricing":false,"inventorySupportsAvailability":true,"lastPublished":"2018-04-13T13:51:41.887Z","title":"The Prime Hiking Destination","description":"Due to the harsh nature and remoteness the Hornstrandir area was abandoned completely by the last of its inhabitants in the early 1950\u2019s. Since 1974 the flora and fauna has been protected and now arctic foxes, birds, seals and plants have thrived undisturbed.\r\n\r\nOn this hike the guide leads you through the singular history of the area and the unspoiled nature; untouched by cars, electricity or domestic animals. The boat leaves \u00cdsafj\u00f6r\u00f0ur in the morning for the abandoned village of Hesteyri. Continuing on foot between the creeks and bays to another abandoned settlement at L\u00e1trar, we pass the ruins of the old farm Ne\u00f0ri-Mi\u00f0v\u00edk and, crossing the mountain, enjoy a spectacular and panoramic view across A\u00f0alv\u00edk bay and Straumnes mountain. Returning by boat from L\u00e1trar in A\u00f0alv\u00edk bay in the evening.\r\n \r\nThis is a hike for people in a good shape. Hiking distance is about 12 km on rough ground and elevation is of about 300 meters.\r\n \r\nAdditionally you can order a fresh and homemade lunch package consisting of two bread buns, a power bar and a muffin for 2.100 ISK each.","excerpt":"","cancellationPolicy":{"id":4423,"title":"Default","penaltyRules":[{"id":5336,"cutoffHours":48,"charge":100,"chargeType":"PERCENTAGE"},{"id":5335,"cutoffHours":168,"charge":30,"chargeType":"PERCENTAGE"},{"id":5334,"cutoffHours":12000,"charge":10,"chargeType":"PERCENTAGE"}],"tax":null},"barcodeType":"QR_CODE","timeZone":null,"mainContactFields":[],"requiredCustomerFields":[],"keywords":[],"flags":[],"slug":null,"baseLanguage":"en","languages":["EN"],"paymentCurrencies":[],"customFields":[],"tagGroups":[],"categories":[],"keyPhoto":{"id":60253,"originalUrl":"https:\/\/bokun.s3.amazonaws.com\/c0e7fb12-e739-4aa4-8299-709b0c1d310e.jpg","description":"","alternateText":"","flags":[],"derived":[{"name":"large","url":"https:\/\/bokunprod.imgix.net\/c0e7fb12-e739-4aa4-8299-709b0c1d310e.jpg?w=660&h=660","cleanUrl":"https:\/\/bokunprod.imgix.net\/c0e7fb12-e739-4aa4-8299-709b0c1d310e.jpg?w=660&h=660"},{"name":"preview","url":"https:\/\/bokunprod.imgix.net\/c0e7fb12-e739-4aa4-8299-709b0c1d310e.jpg?w=300&h=300","cleanUrl":"https:\/\/bokunprod.imgix.net\/c0e7fb12-e739-4aa4-8299-709b0c1d310e.jpg?w=300&h=300"},{"name":"thumbnail","url":"https:\/\/bokunprod.imgix.net\/c0e7fb12-e739-4aa4-8299-709b0c1d310e.jpg?w=80&h=80&fit=crop","cleanUrl":"https:\/\/bokunprod.imgix.net\/c0e7fb12-e739-4aa4-8299-709b0c1d310e.jpg?w=80&h=80&fit=crop"}],"fileName":"\/c0e7fb12-e739-4aa4-8299-709b0c1d310e.jpg"},"photos":[{"id":60252,"originalUrl":"https:\/\/bokun.s3.amazonaws.com\/d3aa4b08-e624-4200-9c31-42bda1152a7f.jpg","description":null,"alternateText":null,"flags":[],"derived":[{"name":"large","url":"https:\/\/bokunprod.imgix.net\/d3aa4b08-e624-4200-9c31-42bda1152a7f.jpg?w=660&h=660","cleanUrl":"https:\/\/bokunprod.imgix.net\/d3aa4b08-e624-4200-9c31-42bda1152a7f.jpg?w=660&h=660"},{"name":"preview","url":"https:\/\/bokunprod.imgix.net\/d3aa4b08-e624-4200-9c31-42bda1152a7f.jpg?w=300&h=300","cleanUrl":"https:\/\/bokunprod.imgix.net\/d3aa4b08-e624-4200-9c31-42bda1152a7f.jpg?w=300&h=300"},{"name":"thumbnail","url":"https:\/\/bokunprod.imgix.net\/d3aa4b08-e624-4200-9c31-42bda1152a7f.jpg?w=80&h=80&fit=crop","cleanUrl":"https:\/\/bokunprod.imgix.net\/d3aa4b08-e624-4200-9c31-42bda1152a7f.jpg?w=80&h=80&fit=crop"}],"fileName":"\/d3aa4b08-e624-4200-9c31-42bda1152a7f.jpg"},{"id":60253,"originalUrl":"https:\/\/bokun.s3.amazonaws.com\/c0e7fb12-e739-4aa4-8299-709b0c1d310e.jpg","description":"","alternateText":"","flags":[],"derived":[{"name":"large","url":"https:\/\/bokunprod.imgix.net\/c0e7fb12-e739-4aa4-8299-709b0c1d310e.jpg?w=660&h=660","cleanUrl":"https:\/\/bokunprod.imgix.net\/c0e7fb12-e739-4aa4-8299-709b0c1d310e.jpg?w=660&h=660"},{"name":"preview","url":"https:\/\/bokunprod.imgix.net\/c0e7fb12-e739-4aa4-8299-709b0c1d310e.jpg?w=300&h=300","cleanUrl":"https:\/\/bokunprod.imgix.net\/c0e7fb12-e739-4aa4-8299-709b0c1d310e.jpg?w=300&h=300"},{"name":"thumbnail","url":"https:\/\/bokunprod.imgix.net\/c0e7fb12-e739-4aa4-8299-709b0c1d310e.jpg?w=80&h=80&fit=crop","cleanUrl":"https:\/\/bokunprod.imgix.net\/c0e7fb12-e739-4aa4-8299-709b0c1d310e.jpg?w=80&h=80&fit=crop"}],"fileName":"\/c0e7fb12-e739-4aa4-8299-709b0c1d310e.jpg"},{"id":60254,"originalUrl":"https:\/\/bokun.s3.amazonaws.com\/c3a34d8b-097d-40eb-8c67-32dc1e90cfa4.jpg","description":null,"alternateText":null,"flags":[],"derived":[{"name":"large","url":"https:\/\/bokunprod.imgix.net\/c3a34d8b-097d-40eb-8c67-32dc1e90cfa4.jpg?w=660&h=660","cleanUrl":"https:\/\/bokunprod.imgix.net\/c3a34d8b-097d-40eb-8c67-32dc1e90cfa4.jpg?w=660&h=660"},{"name":"preview","url":"https:\/\/bokunprod.imgix.net\/c3a34d8b-097d-40eb-8c67-32dc1e90cfa4.jpg?w=300&h=300","cleanUrl":"https:\/\/bokunprod.imgix.net\/c3a34d8b-097d-40eb-8c67-32dc1e90cfa4.jpg?w=300&h=300"},{"name":"thumbnail","url":"https:\/\/bokunprod.imgix.net\/c3a34d8b-097d-40eb-8c67-32dc1e90cfa4.jpg?w=80&h=80&fit=crop","cleanUrl":"https:\/\/bokunprod.imgix.net\/c3a34d8b-097d-40eb-8c67-32dc1e90cfa4.jpg?w=80&h=80&fit=crop"}],"fileName":"\/c3a34d8b-097d-40eb-8c67-32dc1e90cfa4.jpg"},{"id":60255,"originalUrl":"https:\/\/bokun.s3.amazonaws.com\/bca0be10-d343-4b40-983f-4a6d5b72577e.jpg","description":null,"alternateText":null,"flags":[],"derived":[{"name":"large","url":"https:\/\/bokunprod.imgix.net\/bca0be10-d343-4b40-983f-4a6d5b72577e.jpg?w=660&h=660","cleanUrl":"https:\/\/bokunprod.imgix.net\/bca0be10-d343-4b40-983f-4a6d5b72577e.jpg?w=660&h=660"},{"name":"preview","url":"https:\/\/bokunprod.imgix.net\/bca0be10-d343-4b40-983f-4a6d5b72577e.jpg?w=300&h=300","cleanUrl":"https:\/\/bokunprod.imgix.net\/bca0be10-d343-4b40-983f-4a6d5b72577e.jpg?w=300&h=300"},{"name":"thumbnail","url":"https:\/\/bokunprod.imgix.net\/bca0be10-d343-4b40-983f-4a6d5b72577e.jpg?w=80&h=80&fit=crop","cleanUrl":"https:\/\/bokunprod.imgix.net\/bca0be10-d343-4b40-983f-4a6d5b72577e.jpg?w=80&h=80&fit=crop"}],"fileName":"\/bca0be10-d343-4b40-983f-4a6d5b72577e.jpg"},{"id":60256,"originalUrl":"https:\/\/bokun.s3.amazonaws.com\/ad44aed9-f042-49c5-8a72-a2ad94799591.jpg","description":null,"alternateText":null,"flags":[],"derived":[{"name":"large","url":"https:\/\/bokunprod.imgix.net\/ad44aed9-f042-49c5-8a72-a2ad94799591.jpg?w=660&h=660","cleanUrl":"https:\/\/bokunprod.imgix.net\/ad44aed9-f042-49c5-8a72-a2ad94799591.jpg?w=660&h=660"},{"name":"preview","url":"https:\/\/bokunprod.imgix.net\/ad44aed9-f042-49c5-8a72-a2ad94799591.jpg?w=300&h=300","cleanUrl":"https:\/\/bokunprod.imgix.net\/ad44aed9-f042-49c5-8a72-a2ad94799591.jpg?w=300&h=300"},{"name":"thumbnail","url":"https:\/\/bokunprod.imgix.net\/ad44aed9-f042-49c5-8a72-a2ad94799591.jpg?w=80&h=80&fit=crop","cleanUrl":"https:\/\/bokunprod.imgix.net\/ad44aed9-f042-49c5-8a72-a2ad94799591.jpg?w=80&h=80&fit=crop"}],"fileName":"\/ad44aed9-f042-49c5-8a72-a2ad94799591.jpg"},{"id":60257,"originalUrl":"https:\/\/bokun.s3.amazonaws.com\/3ee0af75-c8bb-4d82-a9bc-27e8ceca1b3f.jpg","description":null,"alternateText":null,"flags":[],"derived":[{"name":"large","url":"https:\/\/bokunprod.imgix.net\/3ee0af75-c8bb-4d82-a9bc-27e8ceca1b3f.jpg?w=660&h=660","cleanUrl":"https:\/\/bokunprod.imgix.net\/3ee0af75-c8bb-4d82-a9bc-27e8ceca1b3f.jpg?w=660&h=660"},{"name":"preview","url":"https:\/\/bokunprod.imgix.net\/3ee0af75-c8bb-4d82-a9bc-27e8ceca1b3f.jpg?w=300&h=300","cleanUrl":"https:\/\/bokunprod.imgix.net\/3ee0af75-c8bb-4d82-a9bc-27e8ceca1b3f.jpg?w=300&h=300"},{"name":"thumbnail","url":"https:\/\/bokunprod.imgix.net\/3ee0af75-c8bb-4d82-a9bc-27e8ceca1b3f.jpg?w=80&h=80&fit=crop","cleanUrl":"https:\/\/bokunprod.imgix.net\/3ee0af75-c8bb-4d82-a9bc-27e8ceca1b3f.jpg?w=80&h=80&fit=crop"}],"fileName":"\/3ee0af75-c8bb-4d82-a9bc-27e8ceca1b3f.jpg"},{"id":60258,"originalUrl":"https:\/\/bokun.s3.amazonaws.com\/5dc6da8d-87d3-4e53-85cd-784b64bb4d55.jpg","description":null,"alternateText":null,"flags":[],"derived":[{"name":"large","url":"https:\/\/bokunprod.imgix.net\/5dc6da8d-87d3-4e53-85cd-784b64bb4d55.jpg?w=660&h=660","cleanUrl":"https:\/\/bokunprod.imgix.net\/5dc6da8d-87d3-4e53-85cd-784b64bb4d55.jpg?w=660&h=660"},{"name":"preview","url":"https:\/\/bokunprod.imgix.net\/5dc6da8d-87d3-4e53-85cd-784b64bb4d55.jpg?w=300&h=300","cleanUrl":"https:\/\/bokunprod.imgix.net\/5dc6da8d-87d3-4e53-85cd-784b64bb4d55.jpg?w=300&h=300"},{"name":"thumbnail","url":"https:\/\/bokunprod.imgix.net\/5dc6da8d-87d3-4e53-85cd-784b64bb4d55.jpg?w=80&h=80&fit=crop","cleanUrl":"https:\/\/bokunprod.imgix.net\/5dc6da8d-87d3-4e53-85cd-784b64bb4d55.jpg?w=80&h=80&fit=crop"}],"fileName":"\/5dc6da8d-87d3-4e53-85cd-784b64bb4d55.jpg"},{"id":60259,"originalUrl":"https:\/\/bokun.s3.amazonaws.com\/8fb65e9f-3c75-4635-9ea1-76cb65946250.jpg","description":null,"alternateText":null,"flags":[],"derived":[{"name":"large","url":"https:\/\/bokunprod.imgix.net\/8fb65e9f-3c75-4635-9ea1-76cb65946250.jpg?w=660&h=660","cleanUrl":"https:\/\/bokunprod.imgix.net\/8fb65e9f-3c75-4635-9ea1-76cb65946250.jpg?w=660&h=660"},{"name":"preview","url":"https:\/\/bokunprod.imgix.net\/8fb65e9f-3c75-4635-9ea1-76cb65946250.jpg?w=300&h=300","cleanUrl":"https:\/\/bokunprod.imgix.net\/8fb65e9f-3c75-4635-9ea1-76cb65946250.jpg?w=300&h=300"},{"name":"thumbnail","url":"https:\/\/bokunprod.imgix.net\/8fb65e9f-3c75-4635-9ea1-76cb65946250.jpg?w=80&h=80&fit=crop","cleanUrl":"https:\/\/bokunprod.imgix.net\/8fb65e9f-3c75-4635-9ea1-76cb65946250.jpg?w=80&h=80&fit=crop"}],"fileName":"\/8fb65e9f-3c75-4635-9ea1-76cb65946250.jpg"},{"id":60260,"originalUrl":"https:\/\/bokun.s3.amazonaws.com\/f024f266-a9c2-4553-b996-bfa9cd5f30fe.jpg","description":null,"alternateText":null,"flags":[],"derived":[{"name":"large","url":"https:\/\/bokunprod.imgix.net\/f024f266-a9c2-4553-b996-bfa9cd5f30fe.jpg?w=660&h=660","cleanUrl":"https:\/\/bokunprod.imgix.net\/f024f266-a9c2-4553-b996-bfa9cd5f30fe.jpg?w=660&h=660"},{"name":"preview","url":"https:\/\/bokunprod.imgix.net\/f024f266-a9c2-4553-b996-bfa9cd5f30fe.jpg?w=300&h=300","cleanUrl":"https:\/\/bokunprod.imgix.net\/f024f266-a9c2-4553-b996-bfa9cd5f30fe.jpg?w=300&h=300"},{"name":"thumbnail","url":"https:\/\/bokunprod.imgix.net\/f024f266-a9c2-4553-b996-bfa9cd5f30fe.jpg?w=80&h=80&fit=crop","cleanUrl":"https:\/\/bokunprod.imgix.net\/f024f266-a9c2-4553-b996-bfa9cd5f30fe.jpg?w=80&h=80&fit=crop"}],"fileName":"\/f024f266-a9c2-4553-b996-bfa9cd5f30fe.jpg"},{"id":60261,"originalUrl":"https:\/\/bokun.s3.amazonaws.com\/3103d82f-982d-47f6-a453-24778b1e6875.jpg","description":null,"alternateText":null,"flags":[],"derived":[{"name":"large","url":"https:\/\/bokunprod.imgix.net\/3103d82f-982d-47f6-a453-24778b1e6875.jpg?w=660&h=660","cleanUrl":"https:\/\/bokunprod.imgix.net\/3103d82f-982d-47f6-a453-24778b1e6875.jpg?w=660&h=660"},{"name":"preview","url":"https:\/\/bokunprod.imgix.net\/3103d82f-982d-47f6-a453-24778b1e6875.jpg?w=300&h=300","cleanUrl":"https:\/\/bokunprod.imgix.net\/3103d82f-982d-47f6-a453-24778b1e6875.jpg?w=300&h=300"},{"name":"thumbnail","url":"https:\/\/bokunprod.imgix.net\/3103d82f-982d-47f6-a453-24778b1e6875.jpg?w=80&h=80&fit=crop","cleanUrl":"https:\/\/bokunprod.imgix.net\/3103d82f-982d-47f6-a453-24778b1e6875.jpg?w=80&h=80&fit=crop"}],"fileName":"\/3103d82f-982d-47f6-a453-24778b1e6875.jpg"},{"id":60262,"originalUrl":"https:\/\/bokun.s3.amazonaws.com\/c750e8b2-9987-4126-b8a0-ecb29dd7fbf4.jpg","description":null,"alternateText":null,"flags":[],"derived":[{"name":"large","url":"https:\/\/bokunprod.imgix.net\/c750e8b2-9987-4126-b8a0-ecb29dd7fbf4.jpg?w=660&h=660","cleanUrl":"https:\/\/bokunprod.imgix.net\/c750e8b2-9987-4126-b8a0-ecb29dd7fbf4.jpg?w=660&h=660"},{"name":"preview","url":"https:\/\/bokunprod.imgix.net\/c750e8b2-9987-4126-b8a0-ecb29dd7fbf4.jpg?w=300&h=300","cleanUrl":"https:\/\/bokunprod.imgix.net\/c750e8b2-9987-4126-b8a0-ecb29dd7fbf4.jpg?w=300&h=300"},{"name":"thumbnail","url":"https:\/\/bokunprod.imgix.net\/c750e8b2-9987-4126-b8a0-ecb29dd7fbf4.jpg?w=80&h=80&fit=crop","cleanUrl":"https:\/\/bokunprod.imgix.net\/c750e8b2-9987-4126-b8a0-ecb29dd7fbf4.jpg?w=80&h=80&fit=crop"}],"fileName":"\/c750e8b2-9987-4126-b8a0-ecb29dd7fbf4.jpg"},{"id":60263,"originalUrl":"https:\/\/bokun.s3.amazonaws.com\/126e49f0-c90c-43ae-b9b2-7223681ec78d.jpg","description":null,"alternateText":null,"flags":[],"derived":[{"name":"large","url":"https:\/\/bokunprod.imgix.net\/126e49f0-c90c-43ae-b9b2-7223681ec78d.jpg?w=660&h=660","cleanUrl":"https:\/\/bokunprod.imgix.net\/126e49f0-c90c-43ae-b9b2-7223681ec78d.jpg?w=660&h=660"},{"name":"preview","url":"https:\/\/bokunprod.imgix.net\/126e49f0-c90c-43ae-b9b2-7223681ec78d.jpg?w=300&h=300","cleanUrl":"https:\/\/bokunprod.imgix.net\/126e49f0-c90c-43ae-b9b2-7223681ec78d.jpg?w=300&h=300"},{"name":"thumbnail","url":"https:\/\/bokunprod.imgix.net\/126e49f0-c90c-43ae-b9b2-7223681ec78d.jpg?w=80&h=80&fit=crop","cleanUrl":"https:\/\/bokunprod.imgix.net\/126e49f0-c90c-43ae-b9b2-7223681ec78d.jpg?w=80&h=80&fit=crop"}],"fileName":"\/126e49f0-c90c-43ae-b9b2-7223681ec78d.jpg"}],"videos":[],"vendor":{"id":110,"title":"Vesturfer\u00f0ir ehf","currencyCode":"ISK","showInvoiceIdOnTicket":false,"showAgentDetailsOnTicket":false,"showPaymentsOnInvoice":false},"boxedVendor":null,"storedExternally":false,"pluginId":null,"reviewRating":0,"reviewCount":0,"activityType":"DAY_TOUR_OR_ACTIVITY","bookingType":"DATE_AND_TIME","scheduleType":"RECURRING","capacityType":"LIMITED","passExpiryType":null,"meetingType":"MEET_ON_LOCATION","passCapacity":10,"passesAvailable":0,"dressCode":true,"passportRequired":false,"supportedAccessibilityTypes":[],"startPoints":[],"included":"boat transfers and guidance","requirements":"Participation in this tour requires warm and wind\/waterproof clothes, solid hiking boots, gloves and cap, a lunch pack and something to drink! Wading shoes are optional but a small towel could be nice to dry feet after the wading. And don't forget to bring your camera.","attention":"","locationCode":null,"bookingCutoffMinutes":0,"bookingCutoffHours":0,"bookingCutoffDays":1,"bookingCutoffWeeks":0,"requestDeadlineMinutes":0,"requestDeadlineHours":0,"requestDeadlineDays":2,"requestDeadlineWeeks":0,"boxedActivityId":0,"comboActivity":false,"dayBasedAvailability":false,"selectFromDayOptions":false,"dayOptions":[],"activityCategories":["WALKING_TOUR","SAILING_OR_BOAT_TOUR","HIKING"],"activityAttributes":["FAMILY_FRIENDLY","GROUP_FRIENDLY","OUTDOOR"],"guidanceTypes":[{"id":null,"created":[2018,6,23,14,55,22,947000000],"guidanceType":"GUIDED","languages":["en"]}],"defaultRateId":33082,"rates":[{"id":33082,"title":"Default rate","description":null,"index":0,"rateCode":null,"pricedPerPerson":true,"minPerBooking":1,"maxPerBooking":0,"cancellationPolicy":{"id":4423,"created":[2018,6,23,14,55,22,947000000],"title":"Default","tax":null,"penaltyRules":[{"id":5336,"created":[2018,6,23,14,55,22,947000000],"cutoffHours":48,"percentage":100},{"id":5335,"created":[2018,6,23,14,55,22,947000000],"cutoffHours":168,"percentage":30},{"id":5334,"created":[2018,6,23,14,55,22,947000000],"cutoffHours":12000,"percentage":10}]},"fixedPassExpiryDate":null,"passValidForDays":0,"pickupSelectionType":"UNAVAILABLE","pickupPricingType":"INCLUDED_IN_PRICE","pickupPricedPerPerson":false,"dropoffSelectionType":"UNAVAILABLE","dropoffPricingType":"INCLUDED_IN_PRICE","dropoffPricedPerPerson":false,"extraConfigs":[],"startTimeIds":[],"pricingCategoryIds":[]}],"ticketPerPerson":false,"durationType":"HOURS","duration":10,"durationMinutes":0,"durationHours":10,"durationDays":0,"durationWeeks":0,"durationText":"10 hours","minAge":8,"nextDefaultPrice":32900,"nextDefaultPriceMoney":{"amount":32900,"currency":"ISK"},"pickupService":false,"pickupAllotment":false,"useComponentPickupAllotments":false,"pickupFlags":[],"customPickupAllowed":false,"pickupMinutesBefore":0,"noPickupMsg":"","showGlobalPickupMsg":false,"showNoPickupMsg":false,"dropoffService":false,"dropoffFlags":[],"customDropoffAllowed":false,"difficultyLevel":"CHALLENGING","pricingCategories":[{"id":13195,"title":"A day's hike in the Nature Reserve","ticketCategory":"CHILD","occupancy":1,"ageQualified":true,"minAge":8,"maxAge":12,"dependent":false,"masterCategoryId":13194,"maxPerMaster":0,"sumDependentCategories":false,"maxDependentSum":0,"internalUseOnly":false,"flags":[],"defaultCategory":true,"fullTitle":"A day's hike in the Nature Reserve (8 - 12)"},{"id":13194,"title":"A Day\u00b4s hike in the nature reserve","ticketCategory":"ADULT","occupancy":1,"ageQualified":true,"minAge":12,"maxAge":0,"dependent":false,"masterCategoryId":13184,"maxPerMaster":0,"sumDependentCategories":false,"maxDependentSum":0,"internalUseOnly":false,"flags":[],"defaultCategory":false,"fullTitle":"A Day\u00b4s hike in the nature reserve (12+)"}],"agendaItems":[],"startTimes":[{"id":62877,"hour":9,"minute":0,"overrideTimeWhenPickup":false,"pickupHour":0,"pickupMinute":0,"durationType":"H","duration":12,"durationMinutes":0,"durationHours":12,"durationDays":0,"durationWeeks":0,"flags":[]}],"bookableExtras":[],"route":null,"hasOpeningHours":false,"defaultOpeningHours":null,"seasonalOpeningHours":[],"displaySettings":{"showPickupPlaces":false,"showRouteMap":false,"selectRateBasedOnStartTime":false,"customFields":[]},"requestDeadline":172800000,"bookingCutoff":1440,"actualId":19037,"actualVendor":{"id":110,"title":"Vesturfer\u00f0ir ehf","currencyCode":"ISK","showInvoiceIdOnTicket":false,"showAgentDetailsOnTicket":false,"showPaymentsOnInvoice":false},"prices":[{"id":13195,"type":"CHILD","amount":32900,"minAge":8,"maxAge":12},{"id":13194,"type":"ADULT","amount":16450,"minAge":12,"maxAge":0}],"season":"Fall"},{"id":2221,"externalId":"WA-05","productGroupId":227,"productCategory":"ACTIVITIES","box":false,"inventoryLocal":true,"inventorySupportsPricing":false,"inventorySupportsAvailability":true,"lastPublished":"2018-05-15T16:06:54.158Z","title":"CULTURAL WEST - jeep tour Westfjords","description":"Enjoy the magnificent valleys, giant cliffs and yellow colored beaches of Ketildalir valleys and the beautiful remote valley Sel\u00e1rdalur, on the west side of Arnarfj\u00f6r\u00f0ur. We visit the extraordinary museum of outdoor works, the Art Museum of Sam\u00fael J\u00f3nsson, a self educated artist who could finally devote himself to his passion for art when becoming a pensioner. There is a variety of big sculptures, paintings and colourful houses in this remote and isolated place. \r\n\r\nOn our way through the historic, vivid B\u00edldudalur town, we examine tales of sea monsters at the Sea Monster Museum. \r\n\r\nT\u00e1lknafj\u00f6r\u00f0ur is renowned for the small tidy fishing village, geothermal water, rich birdlife and white sandbank. We explore both sides of the fjord including Europe's western most grove, the ruins of Su\u00f0ureyri's whaling station and rest our legs in the local natural hot spring pool Pollurinn.","excerpt":"","cancellationPolicy":{"id":384,"title":"Default","penaltyRules":[{"id":178,"cutoffHours":0,"charge":0,"chargeType":"PERCENTAGE"}],"tax":null},"barcodeType":"QR_CODE","timeZone":null,"mainContactFields":[],"requiredCustomerFields":[],"keywords":["Sea Monster Museum","Yellow Beaches","B\u00edldudalur","Su\u00f0ureyri","T\u00e1lknafj\u00f6r\u00f0ur","Whale station","White Beaches","Arctic Tern","Birdlife","Sel\u00e1rdalur","Ketildalir"],"flags":[],"slug":null,"baseLanguage":"en","languages":["EN"],"paymentCurrencies":[],"customFields":[],"tagGroups":[],"categories":[],"keyPhoto":{"id":12052,"originalUrl":"https:\/\/bokun.s3.amazonaws.com\/photo12052original","description":"","alternateText":"","flags":[],"derived":[{"name":"large","url":"https:\/\/bokunprod.imgix.net\/photo12052original?w=660&h=660","cleanUrl":"\/\/bokunprod.imgix.net\/photo12052original?w=660&h=660"},{"name":"preview","url":"https:\/\/bokunprod.imgix.net\/photo12052original?w=300&h=300","cleanUrl":"\/\/bokunprod.imgix.net\/photo12052original?w=300&h=300"},{"name":"thumbnail","url":"https:\/\/bokunprod.imgix.net\/photo12052original?w=80&h=80&fit=crop","cleanUrl":"\/\/bokunprod.imgix.net\/photo12052original?w=80&h=80&fit=crop"}],"fileName":"\/photo12052original"},"photos":[{"id":12052,"originalUrl":"https:\/\/bokun.s3.amazonaws.com\/photo12052original","description":"","alternateText":"","flags":[],"derived":[{"name":"large","url":"https:\/\/bokunprod.imgix.net\/photo12052original?w=660&h=660","cleanUrl":"\/\/bokunprod.imgix.net\/photo12052original?w=660&h=660"},{"name":"preview","url":"https:\/\/bokunprod.imgix.net\/photo12052original?w=300&h=300","cleanUrl":"\/\/bokunprod.imgix.net\/photo12052original?w=300&h=300"},{"name":"thumbnail","url":"https:\/\/bokunprod.imgix.net\/photo12052original?w=80&h=80&fit=crop","cleanUrl":"\/\/bokunprod.imgix.net\/photo12052original?w=80&h=80&fit=crop"}],"fileName":"\/photo12052original"},{"id":12053,"originalUrl":"https:\/\/bokun.s3.amazonaws.com\/photo12053original","description":null,"alternateText":null,"flags":[],"derived":[{"name":"large","url":"https:\/\/bokunprod.imgix.net\/photo12053original?w=660&h=660","cleanUrl":"\/\/bokunprod.imgix.net\/photo12053original?w=660&h=660"},{"name":"preview","url":"https:\/\/bokunprod.imgix.net\/photo12053original?w=300&h=300","cleanUrl":"\/\/bokunprod.imgix.net\/photo12053original?w=300&h=300"},{"name":"thumbnail","url":"https:\/\/bokunprod.imgix.net\/photo12053original?w=80&h=80&fit=crop","cleanUrl":"\/\/bokunprod.imgix.net\/photo12053original?w=80&h=80&fit=crop"}],"fileName":"\/photo12053original"},{"id":12054,"originalUrl":"https:\/\/bokun.s3.amazonaws.com\/photo12054original","description":null,"alternateText":null,"flags":[],"derived":[{"name":"large","url":"https:\/\/bokunprod.imgix.net\/photo12054original?w=660&h=660","cleanUrl":"\/\/bokunprod.imgix.net\/photo12054original?w=660&h=660"},{"name":"preview","url":"https:\/\/bokunprod.imgix.net\/photo12054original?w=300&h=300","cleanUrl":"\/\/bokunprod.imgix.net\/photo12054original?w=300&h=300"},{"name":"thumbnail","url":"https:\/\/bokunprod.imgix.net\/photo12054original?w=80&h=80&fit=crop","cleanUrl":"\/\/bokunprod.imgix.net\/photo12054original?w=80&h=80&fit=crop"}],"fileName":"\/photo12054original"},{"id":12055,"originalUrl":"https:\/\/bokun.s3.amazonaws.com\/photo12055original","description":null,"alternateText":null,"flags":[],"derived":[{"name":"large","url":"https:\/\/bokunprod.imgix.net\/photo12055original?w=660&h=660","cleanUrl":"\/\/bokunprod.imgix.net\/photo12055original?w=660&h=660"},{"name":"preview","url":"https:\/\/bokunprod.imgix.net\/photo12055original?w=300&h=300","cleanUrl":"\/\/bokunprod.imgix.net\/photo12055original?w=300&h=300"},{"name":"thumbnail","url":"https:\/\/bokunprod.imgix.net\/photo12055original?w=80&h=80&fit=crop","cleanUrl":"\/\/bokunprod.imgix.net\/photo12055original?w=80&h=80&fit=crop"}],"fileName":"\/photo12055original"}],"videos":[],"vendor":{"id":178,"title":"Westfjords Adventures","currencyCode":"ISK","showInvoiceIdOnTicket":false,"showAgentDetailsOnTicket":false,"showPaymentsOnInvoice":false},"boxedVendor":null,"storedExternally":false,"pluginId":null,"reviewRating":0,"reviewCount":0,"activityType":"DAY_TOUR_OR_ACTIVITY","bookingType":"DATE_AND_TIME","scheduleType":"FIXED","capacityType":"LIMITED","passExpiryType":null,"meetingType":"MEET_ON_LOCATION","passCapacity":10,"passesAvailable":0,"dressCode":false,"passportRequired":false,"supportedAccessibilityTypes":[],"startPoints":[],"included":"Local guidance in English, jeep transportation and entrance to the Sea Monster Museum.","requirements":"Warm outdoor clothing and good shoes recommended. Don't forget the swimsuit and camera.","attention":"","locationCode":null,"bookingCutoffMinutes":0,"bookingCutoffHours":24,"bookingCutoffDays":0,"bookingCutoffWeeks":0,"requestDeadlineMinutes":0,"requestDeadlineHours":0,"requestDeadlineDays":2,"requestDeadlineWeeks":0,"boxedActivityId":0,"comboActivity":false,"dayBasedAvailability":false,"selectFromDayOptions":false,"dayOptions":[],"activityCategories":[],"activityAttributes":[],"guidanceTypes":[],"defaultRateId":4872,"rates":[{"id":4872,"title":"Standard rate","description":null,"index":0,"rateCode":null,"pricedPerPerson":true,"minPerBooking":1,"maxPerBooking":0,"cancellationPolicy":{"id":384,"created":[2018,6,23,14,55,23,277000000],"title":"Default","tax":null,"penaltyRules":[{"id":178,"created":[2018,6,23,14,55,23,277000000],"cutoffHours":0,"percentage":0}]},"fixedPassExpiryDate":null,"passValidForDays":0,"pickupSelectionType":"UNAVAILABLE","pickupPricingType":"PRICED_SEPARATELY","pickupPricedPerPerson":true,"dropoffSelectionType":"UNAVAILABLE","dropoffPricingType":"INCLUDED_IN_PRICE","dropoffPricedPerPerson":false,"extraConfigs":[],"startTimeIds":[],"pricingCategoryIds":[]}],"ticketPerPerson":false,"durationType":"HOURS","duration":9,"durationMinutes":0,"durationHours":9,"durationDays":0,"durationWeeks":0,"durationText":"9 hours","minAge":0,"nextDefaultPrice":34000,"nextDefaultPriceMoney":{"amount":34000,"currency":"ISK"},"pickupService":false,"pickupAllotment":false,"useComponentPickupAllotments":false,"pickupFlags":[],"customPickupAllowed":true,"pickupMinutesBefore":0,"noPickupMsg":"","showGlobalPickupMsg":false,"showNoPickupMsg":false,"dropoffService":false,"dropoffFlags":[],"customDropoffAllowed":true,"difficultyLevel":"EASY","pricingCategories":[{"id":3492,"title":"Adults","ticketCategory":"ADULT","occupancy":1,"ageQualified":false,"minAge":0,"maxAge":0,"dependent":false,"masterCategoryId":0,"maxPerMaster":0,"sumDependentCategories":false,"maxDependentSum":0,"internalUseOnly":false,"flags":[],"defaultCategory":true,"fullTitle":"Adults"},{"id":10747,"title":"Children","ticketCategory":"CHILD","occupancy":1,"ageQualified":true,"minAge":6,"maxAge":12,"dependent":false,"masterCategoryId":3593,"maxPerMaster":0,"sumDependentCategories":false,"maxDependentSum":0,"internalUseOnly":false,"flags":[],"defaultCategory":false,"fullTitle":"Children (6 - 12)"}],"agendaItems":[{"id":5136,"index":0,"title":"Cultural West","excerpt":"","body":"Enjoy the magnificent valleys, giant cliffs and yellow colored beaches of Ketildalir and the beautiful remote valley Sel\u00e1rdalur, on the west side of Arnarfj\u00f6r\u00f0ur. We visit th extraordinary museum of outdoor works, the Art Museum of Sam\u00fael J\u00f3nsson, a self educated artist who could finally develop himself to his passion for art when becoming a pensioner. There is a variety of big sculptures, paintings and colorful houses in this remote and isolated place.\r\n\r\nOn our way through the historic, vivid B\u00edldudalur town, we examine tales of sea monsters at the Sea Monster Museum. \r\n\r\nT\u00e1lknafj\u00f6r\u00f0ur is renowned for the small tidy fishing village, geothermal water, rich bird life on the white sandbank. We explore both sides of the fjord including Europe\u00b4s western most grove, the ruins of Su\u00f0ureyri\u00b4s whaling station and test our legs in the local natural hot spring pool Pollurinn.","day":1,"flags":[],"place":null,"keyPhoto":null,"photos":[]}],"startTimes":[{"id":14255,"hour":9,"minute":0,"overrideTimeWhenPickup":false,"pickupHour":0,"pickupMinute":0,"durationType":"H","duration":9,"durationMinutes":0,"durationHours":9,"durationDays":0,"durationWeeks":0,"flags":["Patreksfj\u00f6r\u00f0ur","Westfjords Adventures Tourist  Centre"]}],"bookableExtras":[],"route":{"center":{"lat":65.6779137981682339386679814197123050689697265625,"lng":-23.739209999999957290128804743289947509765625},"mapZoomLevel":9,"start":{"lat":65.5899883999999957495674607343971729278564453125,"lng":-23.970520099999930607737042009830474853515625},"end":{"lat":0,"lng":0},"sameStartEnd":true,"waypoints":[{"lat":65.7829258000000010042640496976673603057861328125,"lng":-23.976523000000042884494177997112274169921875},{"lat":65.676129599999995889447745867073535919189453125,"lng":-23.6145348999999669103999622166156768798828125},{"lat":65.6295760000000001355147105641663074493408203125,"lng":-23.9100296000000298590748570859432220458984375},{"lat":65.67582129999999551728251390159130096435546875,"lng":-24.003029100000048856600187718868255615234375},{"lat":65.62267969999999195351847447454929351806640625,"lng":-23.47477630000003046006895601749420166015625}]},"hasOpeningHours":false,"defaultOpeningHours":null,"seasonalOpeningHours":[],"displaySettings":{"showPickupPlaces":false,"showRouteMap":true,"selectRateBasedOnStartTime":false,"customFields":[]},"actualId":2221,"requestDeadline":172800000,"bookingCutoff":1440,"actualVendor":{"id":178,"title":"Westfjords Adventures","currencyCode":"ISK","showInvoiceIdOnTicket":false,"showAgentDetailsOnTicket":false,"showPaymentsOnInvoice":false},"prices":[{"id":3492,"type":"ADULT","amount":34000,"minAge":0,"maxAge":0},{"id":10747,"type":"CHILD","amount":17000,"minAge":6,"maxAge":12}],"season":"Winter"},{"id":2226,"externalId":"WA-11","productGroupId":230,"productCategory":"ACTIVITIES","box":false,"inventoryLocal":true,"inventorySupportsPricing":false,"inventorySupportsAvailability":true,"lastPublished":"2018-05-15T16:14:41.258Z","title":"THE WONDER WORLD OF L\u00c1TRABJARG - hiking","description":"Walking on the edges of the cliff with local guides and enjoying the majestic pristine Icelandic nature is an unforgettable adventure. L\u00e1trabjarg is one of the most beautiful natural sites of Iceland, the largest sea bird colony in the Northern Atlantic and marks the western-most point of Europe.\r\n\r\nThe cliff itself is the habitat of millions of seabirds which can be seen on the walk along the edge of the cliff, such as puffins, razorbills, fulmars, guillemots and many more. The bird season is from early-April to late-July. L\u00e1trabjarg is claimed to be the best place in the world to photograph puffins because of how close you can get to them on the cliff. This is rare compared to other puffin sites, since it hasn't been hunted here for decades. As a result the puffin has become extraordinary human friendly. The local guide will take you to an unforgettable hiking tour around the area.\r\n\r\nOn the way back to Patreksfj\u00f6r\u00f0ur we will stop at the Heritage Museum at Hnj\u00f3tur. In this interesting museum we will learn how local people lived in the old days, examine their cultural values, and how they rescued sailors from stranded ships under the steep cliffs.\r\n\r\nThe tour starts by bus from Westfjords Adventures office in Patreksfj\u00f6r\u00f0ur, 1-1\/2 hour drive to Bjargtangar at L\u00e1trabjarg cliff. The hiking is 5-6 hours, hiking distance 14 km, elevation 200 meters. Trip difficulty: Moderate. \r\n ","excerpt":"","cancellationPolicy":{"id":384,"title":"Default","penaltyRules":[{"id":178,"cutoffHours":0,"charge":0,"chargeType":"PERCENTAGE"}],"tax":null},"barcodeType":"QR_CODE","timeZone":null,"mainContactFields":[],"requiredCustomerFields":[],"keywords":["Fulmars","Guillemots","Largest birdcliff in Europe","Razorbills","Largest seabird colony in Northern Atlantic","L\u00e1trabjarg","Hiking","Puffins","L\u00e1trav\u00edk","Hnj\u00f3tur heritage museum"],"flags":[],"slug":null,"baseLanguage":"en","languages":["EN"],"paymentCurrencies":[],"customFields":[],"tagGroups":[],"categories":[],"keyPhoto":{"id":12063,"originalUrl":"https:\/\/bokun.s3.amazonaws.com\/photo12063original","description":null,"alternateText":null,"flags":[],"derived":[{"name":"large","url":"https:\/\/bokunprod.imgix.net\/photo12063original?w=660&h=660","cleanUrl":"\/\/bokunprod.imgix.net\/photo12063original?w=660&h=660"},{"name":"preview","url":"https:\/\/bokunprod.imgix.net\/photo12063original?w=300&h=300","cleanUrl":"\/\/bokunprod.imgix.net\/photo12063original?w=300&h=300"},{"name":"thumbnail","url":"https:\/\/bokunprod.imgix.net\/photo12063original?w=80&h=80&fit=crop","cleanUrl":"\/\/bokunprod.imgix.net\/photo12063original?w=80&h=80&fit=crop"}],"fileName":"\/photo12063original"},"photos":[{"id":12063,"originalUrl":"https:\/\/bokun.s3.amazonaws.com\/photo12063original","description":null,"alternateText":null,"flags":[],"derived":[{"name":"large","url":"https:\/\/bokunprod.imgix.net\/photo12063original?w=660&h=660","cleanUrl":"\/\/bokunprod.imgix.net\/photo12063original?w=660&h=660"},{"name":"preview","url":"https:\/\/bokunprod.imgix.net\/photo12063original?w=300&h=300","cleanUrl":"\/\/bokunprod.imgix.net\/photo12063original?w=300&h=300"},{"name":"thumbnail","url":"https:\/\/bokunprod.imgix.net\/photo12063original?w=80&h=80&fit=crop","cleanUrl":"\/\/bokunprod.imgix.net\/photo12063original?w=80&h=80&fit=crop"}],"fileName":"\/photo12063original"},{"id":12064,"originalUrl":"https:\/\/bokun.s3.amazonaws.com\/photo12064original","description":null,"alternateText":null,"flags":[],"derived":[{"name":"large","url":"https:\/\/bokunprod.imgix.net\/photo12064original?w=660&h=660","cleanUrl":"\/\/bokunprod.imgix.net\/photo12064original?w=660&h=660"},{"name":"preview","url":"https:\/\/bokunprod.imgix.net\/photo12064original?w=300&h=300","cleanUrl":"\/\/bokunprod.imgix.net\/photo12064original?w=300&h=300"},{"name":"thumbnail","url":"https:\/\/bokunprod.imgix.net\/photo12064original?w=80&h=80&fit=crop","cleanUrl":"\/\/bokunprod.imgix.net\/photo12064original?w=80&h=80&fit=crop"}],"fileName":"\/photo12064original"},{"id":12065,"originalUrl":"https:\/\/bokun.s3.amazonaws.com\/photo12065original","description":null,"alternateText":null,"flags":[],"derived":[{"name":"large","url":"https:\/\/bokunprod.imgix.net\/photo12065original?w=660&h=660","cleanUrl":"\/\/bokunprod.imgix.net\/photo12065original?w=660&h=660"},{"name":"preview","url":"https:\/\/bokunprod.imgix.net\/photo12065original?w=300&h=300","cleanUrl":"\/\/bokunprod.imgix.net\/photo12065original?w=300&h=300"},{"name":"thumbnail","url":"https:\/\/bokunprod.imgix.net\/photo12065original?w=80&h=80&fit=crop","cleanUrl":"\/\/bokunprod.imgix.net\/photo12065original?w=80&h=80&fit=crop"}],"fileName":"\/photo12065original"},{"id":12069,"originalUrl":"https:\/\/bokun.s3.amazonaws.com\/photo12069original","description":null,"alternateText":null,"flags":[],"derived":[{"name":"large","url":"https:\/\/bokunprod.imgix.net\/photo12069original?w=660&h=660","cleanUrl":"\/\/bokunprod.imgix.net\/photo12069original?w=660&h=660"},{"name":"preview","url":"https:\/\/bokunprod.imgix.net\/photo12069original?w=300&h=300","cleanUrl":"\/\/bokunprod.imgix.net\/photo12069original?w=300&h=300"},{"name":"thumbnail","url":"https:\/\/bokunprod.imgix.net\/photo12069original?w=80&h=80&fit=crop","cleanUrl":"\/\/bokunprod.imgix.net\/photo12069original?w=80&h=80&fit=crop"}],"fileName":"\/photo12069original"},{"id":12068,"originalUrl":"https:\/\/bokun.s3.amazonaws.com\/photo12068original","description":null,"alternateText":null,"flags":[],"derived":[{"name":"large","url":"https:\/\/bokunprod.imgix.net\/photo12068original?w=660&h=660","cleanUrl":"\/\/bokunprod.imgix.net\/photo12068original?w=660&h=660"},{"name":"preview","url":"https:\/\/bokunprod.imgix.net\/photo12068original?w=300&h=300","cleanUrl":"\/\/bokunprod.imgix.net\/photo12068original?w=300&h=300"},{"name":"thumbnail","url":"https:\/\/bokunprod.imgix.net\/photo12068original?w=80&h=80&fit=crop","cleanUrl":"\/\/bokunprod.imgix.net\/photo12068original?w=80&h=80&fit=crop"}],"fileName":"\/photo12068original"}],"videos":[],"vendor":{"id":178,"title":"Westfjords Adventures","currencyCode":"ISK","showInvoiceIdOnTicket":false,"showAgentDetailsOnTicket":false,"showPaymentsOnInvoice":false},"boxedVendor":null,"storedExternally":false,"pluginId":null,"reviewRating":0,"reviewCount":0,"activityType":"DAY_TOUR_OR_ACTIVITY","bookingType":"DATE_AND_TIME","scheduleType":"FIXED","capacityType":"LIMITED","passExpiryType":null,"meetingType":"MEET_ON_LOCATION_OR_PICK_UP","passCapacity":10,"passesAvailable":0,"dressCode":false,"passportRequired":false,"supportedAccessibilityTypes":[],"startPoints":[],"included":"Local guidance in English, transportation from\/to Patreksfj\u00f6r\u00f0ur and admission fee to the Heritage Museum at Hnj\u00f3tur.","requirements":"Advisable to wear comfortable warm clothing and hiking boots. We recommend that you bring a backpack, snack and water bottle. ","attention":"","locationCode":null,"bookingCutoffMinutes":0,"bookingCutoffHours":24,"bookingCutoffDays":0,"bookingCutoffWeeks":0,"requestDeadlineMinutes":0,"requestDeadlineHours":0,"requestDeadlineDays":2,"requestDeadlineWeeks":0,"boxedActivityId":0,"comboActivity":false,"dayBasedAvailability":false,"selectFromDayOptions":false,"dayOptions":[],"activityCategories":[],"activityAttributes":[],"guidanceTypes":[],"defaultRateId":4877,"rates":[{"id":4877,"title":"Standard rate","description":null,"index":0,"rateCode":null,"pricedPerPerson":true,"minPerBooking":1,"maxPerBooking":0,"cancellationPolicy":{"id":384,"created":[2018,6,23,14,55,23,887000000],"title":"Default","tax":null,"penaltyRules":[{"id":178,"created":[2018,6,23,14,55,23,887000000],"cutoffHours":0,"percentage":0}]},"fixedPassExpiryDate":null,"passValidForDays":0,"pickupSelectionType":"OPTIONAL","pickupPricingType":"INCLUDED_IN_PRICE","pickupPricedPerPerson":false,"dropoffSelectionType":"OPTIONAL","dropoffPricingType":"INCLUDED_IN_PRICE","dropoffPricedPerPerson":false,"extraConfigs":[],"startTimeIds":[],"pricingCategoryIds":[]}],"ticketPerPerson":false,"durationType":"HOURS","duration":7,"durationMinutes":0,"durationHours":7,"durationDays":0,"durationWeeks":0,"durationText":"7 hours","minAge":0,"nextDefaultPrice":29500,"nextDefaultPriceMoney":{"amount":29500,"currency":"ISK"},"pickupService":true,"pickupAllotment":false,"useComponentPickupAllotments":false,"pickupFlags":[],"customPickupAllowed":true,"pickupMinutesBefore":30,"noPickupMsg":"","showGlobalPickupMsg":false,"showNoPickupMsg":false,"dropoffService":true,"dropoffFlags":[],"customDropoffAllowed":true,"difficultyLevel":"MODERATE","pricingCategories":[{"id":3492,"title":"Adults","ticketCategory":"ADULT","occupancy":1,"ageQualified":false,"minAge":0,"maxAge":0,"dependent":false,"masterCategoryId":0,"maxPerMaster":0,"sumDependentCategories":false,"maxDependentSum":0,"internalUseOnly":false,"flags":[],"defaultCategory":true,"fullTitle":"Adults"},{"id":10747,"title":"Children","ticketCategory":"CHILD","occupancy":1,"ageQualified":true,"minAge":6,"maxAge":12,"dependent":false,"masterCategoryId":3593,"maxPerMaster":0,"sumDependentCategories":false,"maxDependentSum":0,"internalUseOnly":false,"flags":[],"defaultCategory":false,"fullTitle":"Children (6 - 12)"}],"agendaItems":[{"id":3326,"index":0,"title":"The Wonder World of L\u00e1trabjarg","excerpt":"","body":"The tour departs from Patreksfj\u00f6r\u00f0ur Tourist Centre at 09:00. The bus will take us to the starting point of the hike, at Geldingsskorardalur on the east side of the L\u00e1trabjarg cliff, approximately 1 hour drive. From there we hike the edges of L\u00e1trabjarg westbound, for 5-6 hours, towards the lighthouse at Bjargtangar, the western-most point of Europe, where the bus awaits us for pick-up. \r\n\r\nWalking on the edges of the cliff with local guides and enjoying the majestic pristine Icelandic nature is and unforgettable adventure. L\u00e1trabjarg is one of the most beautiful natural sites of Iceland, the largest sea bird colony in the Northern Atlantic. The cliff itself is the habitat of millions of seabirds which can be seen on the walk along the edge of the cliff, such as puffins, razorbills, fulmars, guillemots and many more. L\u00e1trabjarg is claimed to be the best place in the world to photograph puffins because of how close you can get to them on the cliff. The local guide will take you to an unforgettable hiking tour around the area.\r\nOn our way back to Patreksfj\u00f6r\u00f0ur, we visit the heritage museum at Hnj\u00f3tur for warm refreshments and entertainment, learn how people lived in the old days and how they rescued foreign fishermen from stranding ships under the cliff. Refreshments are extra, but admission to the museum is included.\r\n\r\nIdeal to rest in Patreksfj\u00f6r\u00f0ur swimming pool and hot pots at the end of a beautiful day, or in any nearby natural hot pools.","day":1,"flags":[],"place":null,"keyPhoto":{"id":12063,"originalUrl":"https:\/\/bokun.s3.amazonaws.com\/photo12063original","description":null,"alternateText":null,"flags":[],"derived":[{"name":"large","url":"https:\/\/bokunprod.imgix.net\/photo12063original?w=660&h=660","cleanUrl":"\/\/bokunprod.imgix.net\/photo12063original?w=660&h=660"},{"name":"preview","url":"https:\/\/bokunprod.imgix.net\/photo12063original?w=300&h=300","cleanUrl":"\/\/bokunprod.imgix.net\/photo12063original?w=300&h=300"},{"name":"thumbnail","url":"https:\/\/bokunprod.imgix.net\/photo12063original?w=80&h=80&fit=crop","cleanUrl":"\/\/bokunprod.imgix.net\/photo12063original?w=80&h=80&fit=crop"}],"fileName":"\/photo12063original"},"photos":[{"id":12063,"originalUrl":"https:\/\/bokun.s3.amazonaws.com\/photo12063original","description":null,"alternateText":null,"flags":[],"derived":[{"name":"large","url":"https:\/\/bokunprod.imgix.net\/photo12063original?w=660&h=660","cleanUrl":"\/\/bokunprod.imgix.net\/photo12063original?w=660&h=660"},{"name":"preview","url":"https:\/\/bokunprod.imgix.net\/photo12063original?w=300&h=300","cleanUrl":"\/\/bokunprod.imgix.net\/photo12063original?w=300&h=300"},{"name":"thumbnail","url":"https:\/\/bokunprod.imgix.net\/photo12063original?w=80&h=80&fit=crop","cleanUrl":"\/\/bokunprod.imgix.net\/photo12063original?w=80&h=80&fit=crop"}],"fileName":"\/photo12063original"},{"id":12064,"originalUrl":"https:\/\/bokun.s3.amazonaws.com\/photo12064original","description":null,"alternateText":null,"flags":[],"derived":[{"name":"large","url":"https:\/\/bokunprod.imgix.net\/photo12064original?w=660&h=660","cleanUrl":"\/\/bokunprod.imgix.net\/photo12064original?w=660&h=660"},{"name":"preview","url":"https:\/\/bokunprod.imgix.net\/photo12064original?w=300&h=300","cleanUrl":"\/\/bokunprod.imgix.net\/photo12064original?w=300&h=300"},{"name":"thumbnail","url":"https:\/\/bokunprod.imgix.net\/photo12064original?w=80&h=80&fit=crop","cleanUrl":"\/\/bokunprod.imgix.net\/photo12064original?w=80&h=80&fit=crop"}],"fileName":"\/photo12064original"},{"id":12065,"originalUrl":"https:\/\/bokun.s3.amazonaws.com\/photo12065original","description":null,"alternateText":null,"flags":[],"derived":[{"name":"large","url":"https:\/\/bokunprod.imgix.net\/photo12065original?w=660&h=660","cleanUrl":"\/\/bokunprod.imgix.net\/photo12065original?w=660&h=660"},{"name":"preview","url":"https:\/\/bokunprod.imgix.net\/photo12065original?w=300&h=300","cleanUrl":"\/\/bokunprod.imgix.net\/photo12065original?w=300&h=300"},{"name":"thumbnail","url":"https:\/\/bokunprod.imgix.net\/photo12065original?w=80&h=80&fit=crop","cleanUrl":"\/\/bokunprod.imgix.net\/photo12065original?w=80&h=80&fit=crop"}],"fileName":"\/photo12065original"},{"id":12069,"originalUrl":"https:\/\/bokun.s3.amazonaws.com\/photo12069original","description":null,"alternateText":null,"flags":[],"derived":[{"name":"large","url":"https:\/\/bokunprod.imgix.net\/photo12069original?w=660&h=660","cleanUrl":"\/\/bokunprod.imgix.net\/photo12069original?w=660&h=660"},{"name":"preview","url":"https:\/\/bokunprod.imgix.net\/photo12069original?w=300&h=300","cleanUrl":"\/\/bokunprod.imgix.net\/photo12069original?w=300&h=300"},{"name":"thumbnail","url":"https:\/\/bokunprod.imgix.net\/photo12069original?w=80&h=80&fit=crop","cleanUrl":"\/\/bokunprod.imgix.net\/photo12069original?w=80&h=80&fit=crop"}],"fileName":"\/photo12069original"},{"id":12068,"originalUrl":"https:\/\/bokun.s3.amazonaws.com\/photo12068original","description":null,"alternateText":null,"flags":[],"derived":[{"name":"large","url":"https:\/\/bokunprod.imgix.net\/photo12068original?w=660&h=660","cleanUrl":"\/\/bokunprod.imgix.net\/photo12068original?w=660&h=660"},{"name":"preview","url":"https:\/\/bokunprod.imgix.net\/photo12068original?w=300&h=300","cleanUrl":"\/\/bokunprod.imgix.net\/photo12068original?w=300&h=300"},{"name":"thumbnail","url":"https:\/\/bokunprod.imgix.net\/photo12068original?w=80&h=80&fit=crop","cleanUrl":"\/\/bokunprod.imgix.net\/photo12068original?w=80&h=80&fit=crop"}],"fileName":"\/photo12068original"}]}],"startTimes":[{"id":14276,"hour":9,"minute":0,"overrideTimeWhenPickup":false,"pickupHour":0,"pickupMinute":0,"durationType":"H","duration":7,"durationMinutes":0,"durationHours":7,"durationDays":0,"durationWeeks":0,"flags":["Westfjords Adventures","Patreksfj\u00f6r\u00f0ur","Tourist Centre"]}],"bookableExtras":[],"route":{"center":{"lat":65.549800172258301245165057480335235595703125,"lng":-24.1539249999999583451426587998867034912109375},"mapZoomLevel":10,"start":{"lat":65.595508899999998675411916337907314300537109375,"lng":-23.985176200000069002271629869937896728515625},"end":{"lat":65.5825358000000022684616851620376110076904296875,"lng":-24.0922987000000148327671922743320465087890625},"sameStartEnd":false,"waypoints":[{"lat":65.5040063000000003512468538247048854827880859375,"lng":-24.52560149999999339343048632144927978515625}]},"hasOpeningHours":false,"defaultOpeningHours":null,"seasonalOpeningHours":[],"displaySettings":{"showPickupPlaces":true,"showRouteMap":true,"selectRateBasedOnStartTime":false,"customFields":[]},"requestDeadline":172800000,"bookingCutoff":1440,"actualId":2226,"actualVendor":{"id":178,"title":"Westfjords Adventures","currencyCode":"ISK","showInvoiceIdOnTicket":false,"showAgentDetailsOnTicket":false,"showPaymentsOnInvoice":false},"prices":[{"id":3492,"type":"ADULT","amount":29500,"minAge":0,"maxAge":0},{"id":10747,"type":"CHILD","amount":14500,"minAge":6,"maxAge":12}],"season":"Winter"},{"id":2219,"externalId":"WA-2","productGroupId":226,"productCategory":"ACTIVITIES","box":false,"inventoryLocal":true,"inventorySupportsPricing":false,"inventorySupportsAvailability":true,"lastPublished":"2018-05-15T16:13:55.441Z","title":"SPLENDID COMBINATINON - Dynjandi waterfall & villages","description":"Arnarfj\u00f6r\u00f0ur is widely considered the most beautiful fjord in the Westfjords because of its diverse landscape, magnificent mountains and the impressive waterfall Dynjandi, one of the most beautiful waterfalls in Iceland. Admire the highest mountain in the Westfjords, Kaldbakur and bathe in a remote hot spring pool surrounded by the beautiful Icelandic nature.\r\n\r\nThe great waterfall Dynjandi is impressive, one of the most beautiful and photogenic waterfalls in Iceland. It is the largest waterfall in the Westfjords, about 100 meters high and up to 60 meters wide. A hiking path leads up to the central gorge of the waterfall, allowing visitors to come close enough to touch the water as it tumbles down into the depths. The nature tranquillity here is breath-taking. \r\n\r\nDespite the isolation village B\u00edldudalur is vivid, with a high level of cultural life such as The Sea Monster Museum, which demonstrates tales of sea monsters that played a colourful role in Icelandic folk culture for centuries. T\u00e1lknafj\u00f6r\u00f0ur used to be a base for Dutch fishermen and merchants, who named it Greenfjord. The tidy fishing village is known for its natural hot pots, the swimming pool and rich bird life on the white sandbank.\r\n\r\nHow do you name a country?  We travel in the footsteps of Raven-Fl\u00f3ki, the first Norseman to sail to Iceland in the year AD 865. With three ravens for navigation to the uninhabited island, he came ashore in Vatnsfj\u00f6r\u00f0ur, climbed up a mountain from where he spotted a large fjord, full of ice. Consequently he named the entire land: Iceland. The historical significance is monumental. We will be next to Raven-Fl\u00f3ki\u00b4s scenic point, which inspired his name-giving ICELAND.","excerpt":"","cancellationPolicy":{"id":384,"title":"Default","penaltyRules":[{"id":178,"cutoffHours":0,"charge":0,"chargeType":"PERCENTAGE"}],"tax":null},"barcodeType":"QR_CODE","timeZone":null,"mainContactFields":[],"requiredCustomerFields":[],"keywords":[],"flags":[],"slug":null,"baseLanguage":"en","languages":["EN"],"paymentCurrencies":[],"customFields":[],"tagGroups":[],"categories":[],"keyPhoto":{"id":11994,"originalUrl":"https:\/\/bokun.s3.amazonaws.com\/photo11994original","description":"","alternateText":"","flags":[],"derived":[{"name":"large","url":"https:\/\/bokunprod.imgix.net\/photo11994original?w=660&h=660","cleanUrl":"\/\/bokunprod.imgix.net\/photo11994original?w=660&h=660"},{"name":"preview","url":"https:\/\/bokunprod.imgix.net\/photo11994original?w=300&h=300","cleanUrl":"\/\/bokunprod.imgix.net\/photo11994original?w=300&h=300"},{"name":"thumbnail","url":"https:\/\/bokunprod.imgix.net\/photo11994original?w=80&h=80&fit=crop","cleanUrl":"\/\/bokunprod.imgix.net\/photo11994original?w=80&h=80&fit=crop"}],"fileName":"\/photo11994original"},"photos":[{"id":11993,"originalUrl":"https:\/\/bokun.s3.amazonaws.com\/photo11993original","description":null,"alternateText":null,"flags":[],"derived":[{"name":"large","url":"https:\/\/bokunprod.imgix.net\/photo11993original?w=660&h=660","cleanUrl":"\/\/bokunprod.imgix.net\/photo11993original?w=660&h=660"},{"name":"preview","url":"https:\/\/bokunprod.imgix.net\/photo11993original?w=300&h=300","cleanUrl":"\/\/bokunprod.imgix.net\/photo11993original?w=300&h=300"},{"name":"thumbnail","url":"https:\/\/bokunprod.imgix.net\/photo11993original?w=80&h=80&fit=crop","cleanUrl":"\/\/bokunprod.imgix.net\/photo11993original?w=80&h=80&fit=crop"}],"fileName":"\/photo11993original"},{"id":11994,"originalUrl":"https:\/\/bokun.s3.amazonaws.com\/photo11994original","description":"","alternateText":"","flags":[],"derived":[{"name":"large","url":"https:\/\/bokunprod.imgix.net\/photo11994original?w=660&h=660","cleanUrl":"\/\/bokunprod.imgix.net\/photo11994original?w=660&h=660"},{"name":"preview","url":"https:\/\/bokunprod.imgix.net\/photo11994original?w=300&h=300","cleanUrl":"\/\/bokunprod.imgix.net\/photo11994original?w=300&h=300"},{"name":"thumbnail","url":"https:\/\/bokunprod.imgix.net\/photo11994original?w=80&h=80&fit=crop","cleanUrl":"\/\/bokunprod.imgix.net\/photo11994original?w=80&h=80&fit=crop"}],"fileName":"\/photo11994original"},{"id":11995,"originalUrl":"https:\/\/bokun.s3.amazonaws.com\/photo11995original","description":null,"alternateText":null,"flags":[],"derived":[{"name":"large","url":"https:\/\/bokunprod.imgix.net\/photo11995original?w=660&h=660","cleanUrl":"\/\/bokunprod.imgix.net\/photo11995original?w=660&h=660"},{"name":"preview","url":"https:\/\/bokunprod.imgix.net\/photo11995original?w=300&h=300","cleanUrl":"\/\/bokunprod.imgix.net\/photo11995original?w=300&h=300"},{"name":"thumbnail","url":"https:\/\/bokunprod.imgix.net\/photo11995original?w=80&h=80&fit=crop","cleanUrl":"\/\/bokunprod.imgix.net\/photo11995original?w=80&h=80&fit=crop"}],"fileName":"\/photo11995original"},{"id":11996,"originalUrl":"https:\/\/bokun.s3.amazonaws.com\/photo11996original","description":null,"alternateText":null,"flags":[],"derived":[{"name":"large","url":"https:\/\/bokunprod.imgix.net\/photo11996original?w=660&h=660","cleanUrl":"\/\/bokunprod.imgix.net\/photo11996original?w=660&h=660"},{"name":"preview","url":"https:\/\/bokunprod.imgix.net\/photo11996original?w=300&h=300","cleanUrl":"\/\/bokunprod.imgix.net\/photo11996original?w=300&h=300"},{"name":"thumbnail","url":"https:\/\/bokunprod.imgix.net\/photo11996original?w=80&h=80&fit=crop","cleanUrl":"\/\/bokunprod.imgix.net\/photo11996original?w=80&h=80&fit=crop"}],"fileName":"\/photo11996original"},{"id":40205,"originalUrl":"https:\/\/bokun.s3.amazonaws.com\/185ee2a3-7400-4037-a5e1-426432c8a797.jpg","description":null,"alternateText":null,"flags":[],"derived":[{"name":"large","url":"https:\/\/bokunprod.imgix.net\/185ee2a3-7400-4037-a5e1-426432c8a797.jpg?w=660&h=660","cleanUrl":"\/\/bokunprod.imgix.net\/185ee2a3-7400-4037-a5e1-426432c8a797.jpg?w=660&h=660"},{"name":"preview","url":"https:\/\/bokunprod.imgix.net\/185ee2a3-7400-4037-a5e1-426432c8a797.jpg?w=300&h=300","cleanUrl":"\/\/bokunprod.imgix.net\/185ee2a3-7400-4037-a5e1-426432c8a797.jpg?w=300&h=300"},{"name":"thumbnail","url":"https:\/\/bokunprod.imgix.net\/185ee2a3-7400-4037-a5e1-426432c8a797.jpg?w=80&h=80&fit=crop","cleanUrl":"\/\/bokunprod.imgix.net\/185ee2a3-7400-4037-a5e1-426432c8a797.jpg?w=80&h=80&fit=crop"}],"fileName":"\/185ee2a3-7400-4037-a5e1-426432c8a797.jpg"},{"id":40206,"originalUrl":"https:\/\/bokun.s3.amazonaws.com\/00a32f7f-d9e8-42ab-9286-bd32710c2971.jpg","description":null,"alternateText":null,"flags":[],"derived":[{"name":"large","url":"https:\/\/bokunprod.imgix.net\/00a32f7f-d9e8-42ab-9286-bd32710c2971.jpg?w=660&h=660","cleanUrl":"\/\/bokunprod.imgix.net\/00a32f7f-d9e8-42ab-9286-bd32710c2971.jpg?w=660&h=660"},{"name":"preview","url":"https:\/\/bokunprod.imgix.net\/00a32f7f-d9e8-42ab-9286-bd32710c2971.jpg?w=300&h=300","cleanUrl":"\/\/bokunprod.imgix.net\/00a32f7f-d9e8-42ab-9286-bd32710c2971.jpg?w=300&h=300"},{"name":"thumbnail","url":"https:\/\/bokunprod.imgix.net\/00a32f7f-d9e8-42ab-9286-bd32710c2971.jpg?w=80&h=80&fit=crop","cleanUrl":"\/\/bokunprod.imgix.net\/00a32f7f-d9e8-42ab-9286-bd32710c2971.jpg?w=80&h=80&fit=crop"}],"fileName":"\/00a32f7f-d9e8-42ab-9286-bd32710c2971.jpg"},{"id":40207,"originalUrl":"https:\/\/bokun.s3.amazonaws.com\/5e2798b8-6a75-4ad5-992a-1281cab31b94.jpg","description":null,"alternateText":null,"flags":[],"derived":[{"name":"large","url":"https:\/\/bokunprod.imgix.net\/5e2798b8-6a75-4ad5-992a-1281cab31b94.jpg?w=660&h=660","cleanUrl":"\/\/bokunprod.imgix.net\/5e2798b8-6a75-4ad5-992a-1281cab31b94.jpg?w=660&h=660"},{"name":"preview","url":"https:\/\/bokunprod.imgix.net\/5e2798b8-6a75-4ad5-992a-1281cab31b94.jpg?w=300&h=300","cleanUrl":"\/\/bokunprod.imgix.net\/5e2798b8-6a75-4ad5-992a-1281cab31b94.jpg?w=300&h=300"},{"name":"thumbnail","url":"https:\/\/bokunprod.imgix.net\/5e2798b8-6a75-4ad5-992a-1281cab31b94.jpg?w=80&h=80&fit=crop","cleanUrl":"\/\/bokunprod.imgix.net\/5e2798b8-6a75-4ad5-992a-1281cab31b94.jpg?w=80&h=80&fit=crop"}],"fileName":"\/5e2798b8-6a75-4ad5-992a-1281cab31b94.jpg"}],"videos":[],"vendor":{"id":178,"title":"Westfjords Adventures","currencyCode":"ISK","showInvoiceIdOnTicket":false,"showAgentDetailsOnTicket":false,"showPaymentsOnInvoice":false},"boxedVendor":null,"storedExternally":false,"pluginId":null,"reviewRating":0,"reviewCount":0,"activityType":"DAY_TOUR_OR_ACTIVITY","bookingType":"DATE_AND_TIME","scheduleType":"FIXED","capacityType":"LIMITED","passExpiryType":null,"meetingType":"MEET_ON_LOCATION_OR_PICK_UP","passCapacity":10,"passesAvailable":0,"dressCode":false,"passportRequired":false,"supportedAccessibilityTypes":[],"startPoints":[],"included":"Local guidance in English, transportation and admission fee to the Sea Monster Museum.","requirements":"Warm outdoor clothing and comfortable walking shoes recommended. Don't forget your swimsuits.","attention":"","locationCode":null,"bookingCutoffMinutes":0,"bookingCutoffHours":24,"bookingCutoffDays":0,"bookingCutoffWeeks":0,"requestDeadlineMinutes":0,"requestDeadlineHours":0,"requestDeadlineDays":2,"requestDeadlineWeeks":0,"boxedActivityId":0,"comboActivity":false,"dayBasedAvailability":false,"selectFromDayOptions":false,"dayOptions":[],"activityCategories":[],"activityAttributes":[],"guidanceTypes":[],"defaultRateId":4870,"rates":[{"id":4870,"title":"Standard rate","description":null,"index":0,"rateCode":null,"pricedPerPerson":true,"minPerBooking":1,"maxPerBooking":0,"cancellationPolicy":{"id":384,"created":[2018,6,23,14,55,24,214000000],"title":"Default","tax":null,"penaltyRules":[{"id":178,"created":[2018,6,23,14,55,24,214000000],"cutoffHours":0,"percentage":0}]},"fixedPassExpiryDate":null,"passValidForDays":0,"pickupSelectionType":"OPTIONAL","pickupPricingType":"INCLUDED_IN_PRICE","pickupPricedPerPerson":false,"dropoffSelectionType":"OPTIONAL","dropoffPricingType":"INCLUDED_IN_PRICE","dropoffPricedPerPerson":false,"extraConfigs":[],"startTimeIds":[],"pricingCategoryIds":[]}],"ticketPerPerson":false,"durationType":"HOURS","duration":6,"durationMinutes":0,"durationHours":6,"durationDays":0,"durationWeeks":0,"durationText":"6 hours","minAge":0,"nextDefaultPrice":19900,"nextDefaultPriceMoney":{"amount":19900,"currency":"ISK"},"pickupService":true,"pickupAllotment":false,"useComponentPickupAllotments":false,"pickupFlags":[],"customPickupAllowed":true,"pickupMinutesBefore":30,"noPickupMsg":"","showGlobalPickupMsg":false,"showNoPickupMsg":false,"dropoffService":true,"dropoffFlags":[],"customDropoffAllowed":true,"difficultyLevel":"EASY","pricingCategories":[{"id":3492,"title":"Adults","ticketCategory":"ADULT","occupancy":1,"ageQualified":false,"minAge":0,"maxAge":0,"dependent":false,"masterCategoryId":0,"maxPerMaster":0,"sumDependentCategories":false,"maxDependentSum":0,"internalUseOnly":false,"flags":[],"defaultCategory":true,"fullTitle":"Adults"},{"id":10241,"title":"Children","ticketCategory":"CHILD","occupancy":1,"ageQualified":true,"minAge":6,"maxAge":12,"dependent":false,"masterCategoryId":3593,"maxPerMaster":0,"sumDependentCategories":false,"maxDependentSum":0,"internalUseOnly":false,"flags":[],"defaultCategory":false,"fullTitle":"Children (6 - 12)"}],"agendaItems":[{"id":2899,"index":0,"title":"Dynjandi waterfall  & villages","excerpt":"","body":"We depart at 09:00 from Patreksfj\u00f6r\u00f0ur town and visit the villages of T\u00e1lknafj\u00f6r\u00f0ur and B\u00edldudalur. T\u00e1lknafj\u00f6r\u00f0ur used to be a base for Dutch fishermen and merchants, who named it Greenfjord; here we see why. This tidy charming geothermal fishing village is known for its natural hot pots and rich bird life on the white sandbank. The village B\u00edldudalur is vivid, rich of history with a high level of cultural life. We visit The Sea Monster Museum, which demonstrates tales of sea monsters that played a colourful role in Icelandic folk culture for centuries.\r\n\r\nArnarfj\u00f6r\u00f0ur is widely considered the most beautiful fjord in the Westfjords for its diverse landscape and magnificent mountains, such as Kaldbakur, the highest mountain of Westfjords.\r\n\r\nThe great waterfall Dynjandi is impressive, one of the most beautiful and photogenic waterfalls in Iceland. It is the largest waterfall in the Westfjords, about 100 meters high and up to 60 meters wide. A hiking path leads up to the central gorge of the waterfall, allowing visitors to come close enough to touch the water as it tumbles down into the depths. You experience the breath-taking tranquillity in the surrounding nature. Nearby is \u00c1lfakirkja (Elf Church), is this place guarded by elves? \r\n\r\nThe route takes us through Dynjandishei\u00f0i mountain pass, usually blocked during the winter by snow, with stunning view down to the deserted Geir\u00fej\u00f3fsfj\u00f6r\u00f0ur. \r\n\r\nHow do you name a country?  We travel in the footsteps of Raven-Fl\u00f3ki, the first Norseman to sail to Iceland in the year AD 865. With three ravens for navigation to the uninhabited island, he came ashore in Vatnsfj\u00f6r\u00f0ur, climbed up a mountain from where he spotted a large fjord, full of ice. Consequently he named the entire land: Iceland. The historical significance of this sit is monumental. We will be next to Raven-Fl\u00f3ki\u00b4s scenic point, which influence his name-giving. \r\n\r\nWe travel along the beige coloured Bar\u00f0astr\u00f6nd beach on our return back to Patreksfj\u00f6r\u00f0ur.","day":1,"flags":[],"place":null,"keyPhoto":null,"photos":[]}],"startTimes":[{"id":14275,"hour":9,"minute":0,"overrideTimeWhenPickup":false,"pickupHour":0,"pickupMinute":0,"durationType":"H","duration":7,"durationMinutes":0,"durationHours":7,"durationDays":0,"durationWeeks":0,"flags":["Westfjords Adventures","Patreksfj\u00f6r\u00f0ur","Tourist Centre"]}],"bookableExtras":[],"route":{"center":{"lat":65.6124391240096116462154895998537540435791015625,"lng":-23.5649899999999661304173059761524200439453125},"mapZoomLevel":9,"start":{"lat":65.5957954000000000860381987877190113067626953125,"lng":-23.986424299999953291262499988079071044921875},"end":{"lat":65.772182700000001887019607238471508026123046875,"lng":-23.170680899999979374115355312824249267578125},"sameStartEnd":true,"waypoints":[{"lat":65.676129599999995889447745867073535919189453125,"lng":-23.6145348999999669103999622166156768798828125},{"lat":65.7438173999999975194441503845155239105224609375,"lng":-23.2046872999999322928488254547119140625},{"lat":65.515045399999991104778018780052661895751953125,"lng":-23.185985699999946518801152706146240234375},{"lat":65.6277788999999955876774038188159465789794921875,"lng":-23.847112700000025142799131572246551513671875}]},"hasOpeningHours":false,"defaultOpeningHours":null,"seasonalOpeningHours":[],"displaySettings":{"showPickupPlaces":true,"showRouteMap":true,"selectRateBasedOnStartTime":false,"customFields":[]},"requestDeadline":172800000,"bookingCutoff":1440,"actualId":2219,"actualVendor":{"id":178,"title":"Westfjords Adventures","currencyCode":"ISK","showInvoiceIdOnTicket":false,"showAgentDetailsOnTicket":false,"showPaymentsOnInvoice":false},"prices":[{"id":3492,"type":"ADULT","amount":19900,"minAge":0,"maxAge":0},{"id":10241,"type":"CHILD","amount":9500,"minAge":6,"maxAge":12}],"season":"Winter"},{"id":18920,"externalId":"wt-kq","productGroupId":0,"productCategory":"ACTIVITIES","box":false,"inventoryLocal":true,"inventorySupportsPricing":false,"inventorySupportsAvailability":true,"lastPublished":"2018-04-13T13:51:25.134Z","title":"King and Queen of cliffs","description":"Hornv\u00edk is without a doubt one of the most beautiful places in Iceland. It is surrounded by two of the three largest bird cliffs in Europe, has a mystic remoteness and magnificent cliffs. When millions of birds shout as loud as they can, one forgets the noise of the traffic and normal life. It is as far away as it can be and the term silence gets a new meaning.\r\n\r\nBefore stepping onto dry land the boat stops for a moment to view the cliffs of H\u00e6lav\u00edkurbjarg, a cliff that reaches almost vertically an altitude of 4-500 meters. Stepping ashore on the other side of the bay, you hike up to the top of Hornbjarg cliff (537 meters). The arctic foxes are nearby and might appear without notice. The tour takes about 10-12 hours, the stay in Hornv\u00edk is around 6-7 hours, spent walking and enjoying all the magnificent things that catch your eyes.\r\nThis hike is for people in moderate shape. The hiking distance is about 6 km on rough and on parts steep grounds.\r\nAdditionally you can order a fresh and homemade lunch package consisting of two bread buns, a power bar and a muffin for 2.100 ISK each.","excerpt":"Hornv\u00edk is without a doubt one of the most beautiful places in Iceland. It is surrounded by two of the three largest bird cliffs in Europe, has a mystic remoteness and magnificent cliffs. When millions of birds shout as loud as they can, one forgets the n","cancellationPolicy":{"id":4423,"title":"Default","penaltyRules":[{"id":5336,"cutoffHours":48,"charge":100,"chargeType":"PERCENTAGE"},{"id":5335,"cutoffHours":168,"charge":30,"chargeType":"PERCENTAGE"},{"id":5334,"cutoffHours":12000,"charge":10,"chargeType":"PERCENTAGE"}],"tax":null},"barcodeType":"QR_CODE","timeZone":null,"mainContactFields":[],"requiredCustomerFields":[],"keywords":[],"flags":[],"slug":null,"baseLanguage":"en","languages":["EN"],"paymentCurrencies":[],"customFields":[],"tagGroups":[],"categories":[],"keyPhoto":{"id":59442,"originalUrl":"https:\/\/bokun.s3.amazonaws.com\/7c2e9256-f5ca-4770-b8fb-166de5e0a1a1.jpg","description":"","alternateText":"","flags":[],"derived":[{"name":"large","url":"https:\/\/bokunprod.imgix.net\/7c2e9256-f5ca-4770-b8fb-166de5e0a1a1.jpg?w=660&h=660","cleanUrl":"https:\/\/bokunprod.imgix.net\/7c2e9256-f5ca-4770-b8fb-166de5e0a1a1.jpg?w=660&h=660"},{"name":"preview","url":"https:\/\/bokunprod.imgix.net\/7c2e9256-f5ca-4770-b8fb-166de5e0a1a1.jpg?w=300&h=300","cleanUrl":"https:\/\/bokunprod.imgix.net\/7c2e9256-f5ca-4770-b8fb-166de5e0a1a1.jpg?w=300&h=300"},{"name":"thumbnail","url":"https:\/\/bokunprod.imgix.net\/7c2e9256-f5ca-4770-b8fb-166de5e0a1a1.jpg?w=80&h=80&fit=crop","cleanUrl":"https:\/\/bokunprod.imgix.net\/7c2e9256-f5ca-4770-b8fb-166de5e0a1a1.jpg?w=80&h=80&fit=crop"}],"fileName":"\/7c2e9256-f5ca-4770-b8fb-166de5e0a1a1.jpg"},"photos":[{"id":59439,"originalUrl":"https:\/\/bokun.s3.amazonaws.com\/849481eb-6050-4006-8b02-443eabca7cb0.jpg","description":null,"alternateText":null,"flags":[],"derived":[{"name":"large","url":"https:\/\/bokunprod.imgix.net\/849481eb-6050-4006-8b02-443eabca7cb0.jpg?w=660&h=660","cleanUrl":"https:\/\/bokunprod.imgix.net\/849481eb-6050-4006-8b02-443eabca7cb0.jpg?w=660&h=660"},{"name":"preview","url":"https:\/\/bokunprod.imgix.net\/849481eb-6050-4006-8b02-443eabca7cb0.jpg?w=300&h=300","cleanUrl":"https:\/\/bokunprod.imgix.net\/849481eb-6050-4006-8b02-443eabca7cb0.jpg?w=300&h=300"},{"name":"thumbnail","url":"https:\/\/bokunprod.imgix.net\/849481eb-6050-4006-8b02-443eabca7cb0.jpg?w=80&h=80&fit=crop","cleanUrl":"https:\/\/bokunprod.imgix.net\/849481eb-6050-4006-8b02-443eabca7cb0.jpg?w=80&h=80&fit=crop"}],"fileName":"\/849481eb-6050-4006-8b02-443eabca7cb0.jpg"},{"id":59440,"originalUrl":"https:\/\/bokun.s3.amazonaws.com\/0e113982-12e9-4ed4-94f7-87c4d1815d94.jpg","description":null,"alternateText":null,"flags":[],"derived":[{"name":"large","url":"https:\/\/bokunprod.imgix.net\/0e113982-12e9-4ed4-94f7-87c4d1815d94.jpg?w=660&h=660","cleanUrl":"https:\/\/bokunprod.imgix.net\/0e113982-12e9-4ed4-94f7-87c4d1815d94.jpg?w=660&h=660"},{"name":"preview","url":"https:\/\/bokunprod.imgix.net\/0e113982-12e9-4ed4-94f7-87c4d1815d94.jpg?w=300&h=300","cleanUrl":"https:\/\/bokunprod.imgix.net\/0e113982-12e9-4ed4-94f7-87c4d1815d94.jpg?w=300&h=300"},{"name":"thumbnail","url":"https:\/\/bokunprod.imgix.net\/0e113982-12e9-4ed4-94f7-87c4d1815d94.jpg?w=80&h=80&fit=crop","cleanUrl":"https:\/\/bokunprod.imgix.net\/0e113982-12e9-4ed4-94f7-87c4d1815d94.jpg?w=80&h=80&fit=crop"}],"fileName":"\/0e113982-12e9-4ed4-94f7-87c4d1815d94.jpg"},{"id":59441,"originalUrl":"https:\/\/bokun.s3.amazonaws.com\/64ceb80d-e297-4184-98e4-fcde43989ec4.jpg","description":null,"alternateText":null,"flags":[],"derived":[{"name":"large","url":"https:\/\/bokunprod.imgix.net\/64ceb80d-e297-4184-98e4-fcde43989ec4.jpg?w=660&h=660","cleanUrl":"https:\/\/bokunprod.imgix.net\/64ceb80d-e297-4184-98e4-fcde43989ec4.jpg?w=660&h=660"},{"name":"preview","url":"https:\/\/bokunprod.imgix.net\/64ceb80d-e297-4184-98e4-fcde43989ec4.jpg?w=300&h=300","cleanUrl":"https:\/\/bokunprod.imgix.net\/64ceb80d-e297-4184-98e4-fcde43989ec4.jpg?w=300&h=300"},{"name":"thumbnail","url":"https:\/\/bokunprod.imgix.net\/64ceb80d-e297-4184-98e4-fcde43989ec4.jpg?w=80&h=80&fit=crop","cleanUrl":"https:\/\/bokunprod.imgix.net\/64ceb80d-e297-4184-98e4-fcde43989ec4.jpg?w=80&h=80&fit=crop"}],"fileName":"\/64ceb80d-e297-4184-98e4-fcde43989ec4.jpg"},{"id":59442,"originalUrl":"https:\/\/bokun.s3.amazonaws.com\/7c2e9256-f5ca-4770-b8fb-166de5e0a1a1.jpg","description":"","alternateText":"","flags":[],"derived":[{"name":"large","url":"https:\/\/bokunprod.imgix.net\/7c2e9256-f5ca-4770-b8fb-166de5e0a1a1.jpg?w=660&h=660","cleanUrl":"https:\/\/bokunprod.imgix.net\/7c2e9256-f5ca-4770-b8fb-166de5e0a1a1.jpg?w=660&h=660"},{"name":"preview","url":"https:\/\/bokunprod.imgix.net\/7c2e9256-f5ca-4770-b8fb-166de5e0a1a1.jpg?w=300&h=300","cleanUrl":"https:\/\/bokunprod.imgix.net\/7c2e9256-f5ca-4770-b8fb-166de5e0a1a1.jpg?w=300&h=300"},{"name":"thumbnail","url":"https:\/\/bokunprod.imgix.net\/7c2e9256-f5ca-4770-b8fb-166de5e0a1a1.jpg?w=80&h=80&fit=crop","cleanUrl":"https:\/\/bokunprod.imgix.net\/7c2e9256-f5ca-4770-b8fb-166de5e0a1a1.jpg?w=80&h=80&fit=crop"}],"fileName":"\/7c2e9256-f5ca-4770-b8fb-166de5e0a1a1.jpg"},{"id":59443,"originalUrl":"https:\/\/bokun.s3.amazonaws.com\/e5d3b114-f6b8-47d5-8742-129a48719808.jpg","description":null,"alternateText":null,"flags":[],"derived":[{"name":"large","url":"https:\/\/bokunprod.imgix.net\/e5d3b114-f6b8-47d5-8742-129a48719808.jpg?w=660&h=660","cleanUrl":"https:\/\/bokunprod.imgix.net\/e5d3b114-f6b8-47d5-8742-129a48719808.jpg?w=660&h=660"},{"name":"preview","url":"https:\/\/bokunprod.imgix.net\/e5d3b114-f6b8-47d5-8742-129a48719808.jpg?w=300&h=300","cleanUrl":"https:\/\/bokunprod.imgix.net\/e5d3b114-f6b8-47d5-8742-129a48719808.jpg?w=300&h=300"},{"name":"thumbnail","url":"https:\/\/bokunprod.imgix.net\/e5d3b114-f6b8-47d5-8742-129a48719808.jpg?w=80&h=80&fit=crop","cleanUrl":"https:\/\/bokunprod.imgix.net\/e5d3b114-f6b8-47d5-8742-129a48719808.jpg?w=80&h=80&fit=crop"}],"fileName":"\/e5d3b114-f6b8-47d5-8742-129a48719808.jpg"},{"id":59444,"originalUrl":"https:\/\/bokun.s3.amazonaws.com\/d918e4c5-8669-4974-b385-a756e1e113d4.jpg","description":null,"alternateText":null,"flags":[],"derived":[{"name":"large","url":"https:\/\/bokunprod.imgix.net\/d918e4c5-8669-4974-b385-a756e1e113d4.jpg?w=660&h=660","cleanUrl":"https:\/\/bokunprod.imgix.net\/d918e4c5-8669-4974-b385-a756e1e113d4.jpg?w=660&h=660"},{"name":"preview","url":"https:\/\/bokunprod.imgix.net\/d918e4c5-8669-4974-b385-a756e1e113d4.jpg?w=300&h=300","cleanUrl":"https:\/\/bokunprod.imgix.net\/d918e4c5-8669-4974-b385-a756e1e113d4.jpg?w=300&h=300"},{"name":"thumbnail","url":"https:\/\/bokunprod.imgix.net\/d918e4c5-8669-4974-b385-a756e1e113d4.jpg?w=80&h=80&fit=crop","cleanUrl":"https:\/\/bokunprod.imgix.net\/d918e4c5-8669-4974-b385-a756e1e113d4.jpg?w=80&h=80&fit=crop"}],"fileName":"\/d918e4c5-8669-4974-b385-a756e1e113d4.jpg"},{"id":59445,"originalUrl":"https:\/\/bokun.s3.amazonaws.com\/2486660a-b5a5-4061-825b-7118c6791781.jpg","description":null,"alternateText":null,"flags":[],"derived":[{"name":"large","url":"https:\/\/bokunprod.imgix.net\/2486660a-b5a5-4061-825b-7118c6791781.jpg?w=660&h=660","cleanUrl":"https:\/\/bokunprod.imgix.net\/2486660a-b5a5-4061-825b-7118c6791781.jpg?w=660&h=660"},{"name":"preview","url":"https:\/\/bokunprod.imgix.net\/2486660a-b5a5-4061-825b-7118c6791781.jpg?w=300&h=300","cleanUrl":"https:\/\/bokunprod.imgix.net\/2486660a-b5a5-4061-825b-7118c6791781.jpg?w=300&h=300"},{"name":"thumbnail","url":"https:\/\/bokunprod.imgix.net\/2486660a-b5a5-4061-825b-7118c6791781.jpg?w=80&h=80&fit=crop","cleanUrl":"https:\/\/bokunprod.imgix.net\/2486660a-b5a5-4061-825b-7118c6791781.jpg?w=80&h=80&fit=crop"}],"fileName":"\/2486660a-b5a5-4061-825b-7118c6791781.jpg"}],"videos":[],"vendor":{"id":110,"title":"Vesturfer\u00f0ir ehf","currencyCode":"ISK","showInvoiceIdOnTicket":false,"showAgentDetailsOnTicket":false,"showPaymentsOnInvoice":false},"boxedVendor":null,"storedExternally":false,"pluginId":null,"reviewRating":0,"reviewCount":0,"activityType":"DAY_TOUR_OR_ACTIVITY","bookingType":"DATE_AND_TIME","scheduleType":"RECURRING","capacityType":"LIMITED","passExpiryType":null,"meetingType":"MEET_ON_LOCATION","passCapacity":10,"passesAvailable":0,"dressCode":true,"passportRequired":false,"supportedAccessibilityTypes":[],"startPoints":[],"included":"boat transfers and guidance","requirements":" Participation in this tour requires warm and wind\/waterproof clothes, solid hiking boots, gloves and cap, a lunch pack and something to drink. And don't forget to bring your camera!","attention":"","locationCode":null,"bookingCutoffMinutes":0,"bookingCutoffHours":1,"bookingCutoffDays":0,"bookingCutoffWeeks":0,"requestDeadlineMinutes":0,"requestDeadlineHours":0,"requestDeadlineDays":2,"requestDeadlineWeeks":0,"boxedActivityId":0,"comboActivity":false,"dayBasedAvailability":false,"selectFromDayOptions":false,"dayOptions":[],"activityCategories":["WALKING_TOUR","SAILING_OR_BOAT_TOUR","SIGHTSEEING","NATURE"],"activityAttributes":["FAMILY_FRIENDLY","GROUP_FRIENDLY","OUTDOOR"],"guidanceTypes":[{"id":null,"created":[2018,6,23,14,55,26,583000000],"guidanceType":"GUIDED","languages":["en"]}],"defaultRateId":32960,"rates":[{"id":32960,"title":"Default rate","description":null,"index":0,"rateCode":null,"pricedPerPerson":true,"minPerBooking":1,"maxPerBooking":0,"cancellationPolicy":{"id":4423,"created":[2018,6,23,14,55,26,583000000],"title":"Default","tax":null,"penaltyRules":[{"id":5336,"created":[2018,6,23,14,55,26,583000000],"cutoffHours":48,"percentage":100},{"id":5335,"created":[2018,6,23,14,55,26,583000000],"cutoffHours":168,"percentage":30},{"id":5334,"created":[2018,6,23,14,55,26,583000000],"cutoffHours":12000,"percentage":10}]},"fixedPassExpiryDate":null,"passValidForDays":0,"pickupSelectionType":"UNAVAILABLE","pickupPricingType":"INCLUDED_IN_PRICE","pickupPricedPerPerson":false,"dropoffSelectionType":"UNAVAILABLE","dropoffPricingType":"INCLUDED_IN_PRICE","dropoffPricedPerPerson":false,"extraConfigs":[],"startTimeIds":[],"pricingCategoryIds":[]}],"ticketPerPerson":false,"durationType":"HOURS","duration":12,"durationMinutes":0,"durationHours":12,"durationDays":0,"durationWeeks":0,"durationText":"12 hours","minAge":12,"nextDefaultPrice":43900,"nextDefaultPriceMoney":{"amount":43900,"currency":"ISK"},"pickupService":false,"pickupAllotment":false,"useComponentPickupAllotments":false,"pickupFlags":[],"customPickupAllowed":false,"pickupMinutesBefore":0,"noPickupMsg":"","showGlobalPickupMsg":false,"showNoPickupMsg":false,"dropoffService":false,"dropoffFlags":[],"customDropoffAllowed":false,"difficultyLevel":"CHALLENGING","pricingCategories":[{"id":13184,"title":"King and Queen of cliffs","ticketCategory":"ADULT","occupancy":1,"ageQualified":true,"minAge":12,"maxAge":0,"dependent":false,"masterCategoryId":13174,"maxPerMaster":0,"sumDependentCategories":false,"maxDependentSum":0,"internalUseOnly":false,"flags":[],"defaultCategory":true,"fullTitle":"King and Queen of cliffs (12+)"}],"agendaItems":[],"startTimes":[{"id":62878,"hour":9,"minute":0,"overrideTimeWhenPickup":false,"pickupHour":0,"pickupMinute":0,"durationType":"H","duration":12,"durationMinutes":0,"durationHours":12,"durationDays":0,"durationWeeks":0,"flags":[]}],"bookableExtras":[],"route":null,"hasOpeningHours":false,"defaultOpeningHours":null,"seasonalOpeningHours":[],"displaySettings":{"showPickupPlaces":false,"showRouteMap":false,"selectRateBasedOnStartTime":false,"customFields":[]},"actualId":18920,"requestDeadline":172800000,"bookingCutoff":60,"actualVendor":{"id":110,"title":"Vesturfer\u00f0ir ehf","currencyCode":"ISK","showInvoiceIdOnTicket":false,"showAgentDetailsOnTicket":false,"showPaymentsOnInvoice":false},"prices":[{"id":13184,"type":"ADULT","amount":43900,"minAge":12,"maxAge":0}],"season":"Spring"}]}