{"trips":[{"id":2224,"externalId":"WA-08","productGroupId":228,"productCategory":"ACTIVITIES","box":false,"inventoryLocal":true,"inventorySupportsPricing":false,"inventorySupportsAvailability":true,"lastPublished":"2018-07-16T15:55:21.451Z","title":"FJORD WANDERING - biking","description":"From T\u00e1lknafj\u00f6r\u00f0ur we will cycle to Sveinseyri, with its own world of magnificent birdlife and white sandy beaches.\r\n\r\nWe will visit Sell\u00e1trar, old abandoned and very remote farm, now used as a summer cabin. Though it has always been the opinion of experts that trees are not able to grow in this area, you actually find the western-most grove in Europe at Arnarstapi, settled in a stunning landscape. On the shore below are some remains of fishtermens' huts, since until 1930 this was a popular place for fishermen to row out. It is said that Arnarstapi is an energy centre where you can recharge all your energy levels.\r\n\r\nThe hot spring pool Pollurinn is located in the hillside just outside the village of T\u00e1lknafj\u00f6r\u00f0ur. It is a great way to relax after the bicycle tour, like local fishermen have done for centuries after a long hardworking day, and admire the extraordinary view accross the fjord. On this tour you get intimate encounter with incredible nature and great birdlife. The tour is especially recommended for nature lovers and photographers. \r\n\r\nTransportation between Patreksfj\u00f6r\u00f0ur and T\u00e1lknafj\u00f6r\u00f0ur included in time schedule and prices. The sheer biking is approx. 4-5 hours.","excerpt":"","cancellationPolicy":{"id":384,"title":"Default","penaltyRules":[{"id":178,"cutoffHours":0,"charge":0,"chargeType":"PERCENTAGE"}],"tax":null},"barcodeType":"QR_CODE","timeZone":"UTC","mainContactFields":[],"requiredCustomerFields":[],"keywords":["White beach","Geothermal pool","Sell\u00e1trar","Biking","T\u00e1lknafj\u00f6r\u00f0ur","Pollurinn","Arctic Tern","Birdlife"],"flags":[],"slug":null,"baseLanguage":"en","languages":["EN"],"paymentCurrencies":[],"customFields":[],"tagGroups":[],"categories":[],"keyPhoto":{"id":11973,"originalUrl":"https:\/\/bokun.s3.amazonaws.com\/photo11973original","description":"","alternateText":"","flags":[],"derived":[{"name":"large","url":"https:\/\/bokunprod.imgix.net\/photo11973original?w=660&h=660","cleanUrl":"\/\/bokunprod.imgix.net\/photo11973original?w=660&h=660"},{"name":"preview","url":"https:\/\/bokunprod.imgix.net\/photo11973original?w=300&h=300","cleanUrl":"\/\/bokunprod.imgix.net\/photo11973original?w=300&h=300"},{"name":"thumbnail","url":"https:\/\/bokunprod.imgix.net\/photo11973original?w=80&h=80&fit=crop","cleanUrl":"\/\/bokunprod.imgix.net\/photo11973original?w=80&h=80&fit=crop"}],"fileName":"\/photo11973original"},"photos":[{"id":11971,"originalUrl":"https:\/\/bokun.s3.amazonaws.com\/photo11971original","description":null,"alternateText":null,"flags":[],"derived":[{"name":"large","url":"https:\/\/bokunprod.imgix.net\/photo11971original?w=660&h=660","cleanUrl":"\/\/bokunprod.imgix.net\/photo11971original?w=660&h=660"},{"name":"preview","url":"https:\/\/bokunprod.imgix.net\/photo11971original?w=300&h=300","cleanUrl":"\/\/bokunprod.imgix.net\/photo11971original?w=300&h=300"},{"name":"thumbnail","url":"https:\/\/bokunprod.imgix.net\/photo11971original?w=80&h=80&fit=crop","cleanUrl":"\/\/bokunprod.imgix.net\/photo11971original?w=80&h=80&fit=crop"}],"fileName":"\/photo11971original"},{"id":11972,"originalUrl":"https:\/\/bokun.s3.amazonaws.com\/photo11972original","description":null,"alternateText":null,"flags":[],"derived":[{"name":"large","url":"https:\/\/bokunprod.imgix.net\/photo11972original?w=660&h=660","cleanUrl":"\/\/bokunprod.imgix.net\/photo11972original?w=660&h=660"},{"name":"preview","url":"https:\/\/bokunprod.imgix.net\/photo11972original?w=300&h=300","cleanUrl":"\/\/bokunprod.imgix.net\/photo11972original?w=300&h=300"},{"name":"thumbnail","url":"https:\/\/bokunprod.imgix.net\/photo11972original?w=80&h=80&fit=crop","cleanUrl":"\/\/bokunprod.imgix.net\/photo11972original?w=80&h=80&fit=crop"}],"fileName":"\/photo11972original"},{"id":11973,"originalUrl":"https:\/\/bokun.s3.amazonaws.com\/photo11973original","description":"","alternateText":"","flags":[],"derived":[{"name":"large","url":"https:\/\/bokunprod.imgix.net\/photo11973original?w=660&h=660","cleanUrl":"\/\/bokunprod.imgix.net\/photo11973original?w=660&h=660"},{"name":"preview","url":"https:\/\/bokunprod.imgix.net\/photo11973original?w=300&h=300","cleanUrl":"\/\/bokunprod.imgix.net\/photo11973original?w=300&h=300"},{"name":"thumbnail","url":"https:\/\/bokunprod.imgix.net\/photo11973original?w=80&h=80&fit=crop","cleanUrl":"\/\/bokunprod.imgix.net\/photo11973original?w=80&h=80&fit=crop"}],"fileName":"\/photo11973original"},{"id":11974,"originalUrl":"https:\/\/bokun.s3.amazonaws.com\/photo11974original","description":null,"alternateText":null,"flags":[],"derived":[{"name":"large","url":"https:\/\/bokunprod.imgix.net\/photo11974original?w=660&h=660","cleanUrl":"\/\/bokunprod.imgix.net\/photo11974original?w=660&h=660"},{"name":"preview","url":"https:\/\/bokunprod.imgix.net\/photo11974original?w=300&h=300","cleanUrl":"\/\/bokunprod.imgix.net\/photo11974original?w=300&h=300"},{"name":"thumbnail","url":"https:\/\/bokunprod.imgix.net\/photo11974original?w=80&h=80&fit=crop","cleanUrl":"\/\/bokunprod.imgix.net\/photo11974original?w=80&h=80&fit=crop"}],"fileName":"\/photo11974original"}],"videos":[],"vendor":{"id":178,"title":"Westfjords Adventures","currencyCode":"ISK","showInvoiceIdOnTicket":false,"showAgentDetailsOnTicket":false,"showPaymentsOnInvoice":false},"boxedVendor":null,"storedExternally":false,"pluginId":null,"reviewRating":0,"reviewCount":0,"activityType":"DAY_TOUR_OR_ACTIVITY","bookingType":"DATE_AND_TIME","scheduleType":"FIXED","capacityType":"LIMITED","passExpiryType":null,"meetingType":"MEET_ON_LOCATION","passCapacity":10,"passesAvailable":0,"dressCode":false,"passportRequired":false,"supportedAccessibilityTypes":[],"startPoints":[],"bookingQuestions":[],"included":"Local guidance in English, bike, helmet and transportation.","requirements":"Advisable to wear comfortable warm clothing. We recommend that you bring a backpack, water bottle and light shoes. Don't forget your swimsuits.","attention":"","locationCode":null,"bookingCutoffMinutes":0,"bookingCutoffHours":48,"bookingCutoffDays":0,"bookingCutoffWeeks":0,"requestDeadlineMinutes":0,"requestDeadlineHours":0,"requestDeadlineDays":2,"requestDeadlineWeeks":0,"boxedActivityId":0,"comboActivity":false,"dayBasedAvailability":false,"selectFromDayOptions":false,"dayOptions":[],"activityCategories":[],"activityAttributes":[],"guidanceTypes":[],"defaultRateId":4875,"rates":[{"id":4875,"title":"Standard rate","description":null,"index":0,"rateCode":null,"pricedPerPerson":true,"minPerBooking":1,"maxPerBooking":0,"cancellationPolicy":{"id":384,"created":[2018,7,30,9,27,20,51000000],"title":"Default","tax":null,"penaltyRules":[{"id":178,"created":[2018,7,30,9,27,20,51000000],"cutoffHours":0,"percentage":0}]},"fixedPassExpiryDate":null,"passValidForDays":0,"pickupSelectionType":"UNAVAILABLE","pickupPricingType":"INCLUDED_IN_PRICE","pickupPricedPerPerson":false,"dropoffSelectionType":"UNAVAILABLE","dropoffPricingType":"INCLUDED_IN_PRICE","dropoffPricedPerPerson":false,"extraConfigs":[],"startTimeIds":[],"pricingCategoryIds":[]}],"ticketPerPerson":false,"durationType":"HOURS","duration":6,"durationMinutes":0,"durationHours":6,"durationDays":0,"durationWeeks":0,"durationText":"6 hours","minAge":0,"nextDefaultPrice":23900,"nextDefaultPriceMoney":{"amount":23900,"currency":"ISK"},"pickupService":false,"pickupAllotment":false,"useComponentPickupAllotments":false,"pickupFlags":[],"customPickupAllowed":true,"pickupMinutesBefore":0,"noPickupMsg":"","showGlobalPickupMsg":false,"showNoPickupMsg":false,"dropoffService":false,"dropoffFlags":[],"customDropoffAllowed":true,"difficultyLevel":"CHALLENGING","pricingCategories":[{"id":3492,"title":"Adults","ticketCategory":"ADULT","occupancy":1,"ageQualified":false,"minAge":0,"maxAge":0,"dependent":false,"masterCategoryId":0,"maxPerMaster":0,"sumDependentCategories":false,"maxDependentSum":0,"internalUseOnly":false,"flags":[],"defaultCategory":true,"fullTitle":"Adults"}],"agendaItems":[{"id":5138,"index":0,"title":"Fjord Wandering","excerpt":"","body":"From T\u00e1lknafj\u00f6r\u00f0ur we will cycle to Sveinseyri, with its own world of magnificent bird life and white sandy beaches.\r\n\r\nWe will visit Sell\u00e1trar, old abandoned and remote farm, now used as a summer cabin. though it has always been the option of experts that trees are unable to grow in this area you find the western-most grove in Europe at Arnarstapi. In the shore below are some remains of fisherman\u00b4s huts, since until 1930 this was a popular place for fishermen to tow out. It is said that Arnarstapi is an energy center where you can recharge all your energy levels.\r\n\r\nThe hot spring pool Pollurinn is located in the hillside just outside the village of T\u00e1lknafj\u00f6r\u00f0ur. It is a great way ti relax after the bicycle tour and admire the extraordinary view over the fjord. On this tour you will get intimate encounter with incredible nature and great bird life. The tour is especially recommended for nature lovers and photographers.\r\n","day":1,"flags":[],"place":null,"keyPhoto":null,"photos":[]}],"startTimes":[{"id":14269,"hour":9,"minute":0,"overrideTimeWhenPickup":false,"pickupHour":0,"pickupMinute":0,"durationType":"H","duration":6,"durationMinutes":0,"durationHours":6,"durationDays":0,"durationWeeks":0,"flags":["Westfjords Adventures","Patreksfj\u00f6r\u00f0ur","Tourist Centre"]}],"bookableExtras":[],"route":{"center":{"lat":65.661011663357697898391052149236202239990234375,"lng":-23.923669386596660757504650973714888095855712890625},"mapZoomLevel":10,"start":{"lat":65.5933079999999932852006168104708194732666015625,"lng":-23.9792194999999992433004081249237060546875},"end":{"lat":65.6656569999999959463821141980588436126708984375,"lng":-23.9496844999999893843778409063816070556640625},"sameStartEnd":false,"waypoints":[{"lat":65.626610999999996920450939796864986419677734375,"lng":-23.8275906000000077256117947399616241455078125},{"lat":65.649141200000002527303877286612987518310546875,"lng":-23.89716429999998581479303538799285888671875}]},"hasOpeningHours":false,"defaultOpeningHours":null,"seasonalOpeningHours":[],"displaySettings":{"showPickupPlaces":false,"showRouteMap":true,"selectRateBasedOnStartTime":false,"customFields":[]},"requestDeadline":172800000,"bookingCutoff":2880,"actualId":2224,"actualVendor":{"id":178,"title":"Westfjords Adventures","currencyCode":"ISK","showInvoiceIdOnTicket":false,"showAgentDetailsOnTicket":false,"showPaymentsOnInvoice":false},"prices":[{"id":3492,"type":"ADULT","amount":23900,"minAge":0,"maxAge":0}],"season":"Winter"},{"id":24486,"externalId":"WT-dlo","productGroupId":0,"productCategory":"ACTIVITIES","box":false,"inventoryLocal":true,"inventorySupportsPricing":false,"inventorySupportsAvailability":true,"lastPublished":"2018-07-16T18:45:17.333Z","title":"A day like an outlaw in the Glacierfjords","description":"<p>We offer you a unique one day\u2019s hike in the Hornstrandir area with a local guide.<\/p><p>  <\/p><p>We will take you by boat to the abandoned area of the Glacierfjords were the hike will start. We will take land where there are no roads nor villages as the last farmers moved away in the beginning of the 1950\u00b4s. During the day we will get a view over Westfjords only Glacier, Drangaj\u00f6kull, enjoy the stroll by the seafront and cross an unbridged glacier river. We will hike through the lowlands where Iceland\u00b4s most famous outlaw, Fjalla-Eyvindur (Mountain-Eyvindur), lived and died. An experienced guide will entertain you with the remarkable story of Fjalla-Eyvindur, the history of the area and stories of people that lived there. The hike is about 12 km.<\/p>","excerpt":"A moderate hike for people in good shape. Hiking distance is about 12 km on rough ground and very little elevation","cancellationPolicy":{"id":4423,"title":"Default","penaltyRules":[{"id":5336,"cutoffHours":48,"charge":100,"chargeType":"PERCENTAGE"},{"id":5335,"cutoffHours":168,"charge":30,"chargeType":"PERCENTAGE"},{"id":5334,"cutoffHours":12000,"charge":10,"chargeType":"PERCENTAGE"}],"tax":null},"barcodeType":"QR_CODE","timeZone":"UTC","mainContactFields":[{"field":"FIRST_NAME","required":true},{"field":"LAST_NAME","required":true},{"field":"NATIONALITY","required":true},{"field":"GENDER","required":true},{"field":"DATE_OF_BIRTH","required":true}],"requiredCustomerFields":["firstName","lastName","nationality","gender","dateOfBirth"],"keywords":["outdoor","Westfjords","mindfullness","nature","Hike","Daytour","Hornstrandir","digital detox"],"flags":[],"slug":null,"baseLanguage":"en","languages":["EN"],"paymentCurrencies":[],"customFields":[],"tagGroups":[],"categories":[],"keyPhoto":null,"photos":[],"videos":[],"vendor":{"id":110,"title":"Vesturfer\u00f0ir ehf","currencyCode":"ISK","showInvoiceIdOnTicket":false,"showAgentDetailsOnTicket":false,"showPaymentsOnInvoice":false},"boxedVendor":null,"storedExternally":false,"pluginId":null,"reviewRating":0,"reviewCount":0,"activityType":"DAY_TOUR_OR_ACTIVITY","bookingType":"DATE_AND_TIME","scheduleType":"RECURRING","capacityType":"LIMITED","passExpiryType":null,"meetingType":"MEET_ON_LOCATION","passCapacity":10,"passesAvailable":0,"dressCode":true,"passportRequired":false,"supportedAccessibilityTypes":[],"startPoints":[],"bookingQuestions":[],"included":"<p>boat transfers and guidance<br><\/p>","requirements":"<p>&nbsp;Warm and wind\/waterproof clothes<\/p><p>Solid hiking boots<\/p><p>Gloves and cap,&nbsp;<\/p><p>Lunch pack and something to drink! <\/p><p>Wading shoes are optional, but it would be a good idea to bring a small towel to dry your feet after being in the water.&nbsp;<br><\/p>","attention":"","locationCode":{"id":55926,"country":"IS","location":"ISA","name":"Isafj\u00f8rdur - h\u00f8fn","nameWoDiacritics":"Isafjordur - hofn","status":"AC","function":"1-------","date":9601,"iata":"IFJ"},"bookingCutoffMinutes":0,"bookingCutoffHours":0,"bookingCutoffDays":1,"bookingCutoffWeeks":0,"requestDeadlineMinutes":0,"requestDeadlineHours":0,"requestDeadlineDays":2,"requestDeadlineWeeks":0,"boxedActivityId":0,"comboActivity":false,"dayBasedAvailability":false,"selectFromDayOptions":false,"dayOptions":[],"activityCategories":["SAILING_OR_BOAT_TOUR","SIGHTSEEING_ATTRACTION","HIKING"],"activityAttributes":["ECO_FRIENDLY","GROUP_FRIENDLY","OUTDOOR"],"guidanceTypes":[{"id":null,"created":[2018,7,30,9,27,21,870000000],"guidanceType":"GUIDED","languages":["en","is"]}],"defaultRateId":39890,"rates":[{"id":39890,"title":"Standard rate","description":null,"index":0,"rateCode":null,"pricedPerPerson":true,"minPerBooking":1,"maxPerBooking":0,"cancellationPolicy":{"id":4423,"created":[2018,7,30,9,27,21,870000000],"title":"Default","tax":null,"penaltyRules":[{"id":5336,"created":[2018,7,30,9,27,21,870000000],"cutoffHours":48,"percentage":100},{"id":5335,"created":[2018,7,30,9,27,21,870000000],"cutoffHours":168,"percentage":30},{"id":5334,"created":[2018,7,30,9,27,21,870000000],"cutoffHours":12000,"percentage":10}]},"fixedPassExpiryDate":null,"passValidForDays":0,"pickupSelectionType":"UNAVAILABLE","pickupPricingType":"INCLUDED_IN_PRICE","pickupPricedPerPerson":false,"dropoffSelectionType":"UNAVAILABLE","dropoffPricingType":"INCLUDED_IN_PRICE","dropoffPricedPerPerson":false,"extraConfigs":[],"startTimeIds":[],"pricingCategoryIds":[]}],"ticketPerPerson":false,"durationType":"HOURS","duration":12,"durationMinutes":0,"durationHours":12,"durationDays":0,"durationWeeks":0,"durationText":"12 hours","minAge":10,"nextDefaultPrice":32900,"nextDefaultPriceMoney":{"amount":32900,"currency":"ISK"},"pickupService":false,"pickupAllotment":false,"useComponentPickupAllotments":false,"pickupFlags":[],"customPickupAllowed":false,"pickupMinutesBefore":0,"noPickupMsg":"","showGlobalPickupMsg":false,"showNoPickupMsg":false,"dropoffService":false,"dropoffFlags":[],"customDropoffAllowed":false,"difficultyLevel":"MODERATE","pricingCategories":[{"id":17852,"title":"A day like an Outlaw","ticketCategory":"CHILD","occupancy":1,"ageQualified":true,"minAge":10,"maxAge":12,"dependent":false,"masterCategoryId":17851,"maxPerMaster":4,"sumDependentCategories":false,"maxDependentSum":0,"internalUseOnly":true,"flags":[],"defaultCategory":false,"fullTitle":"A day like an Outlaw (10 - 12)"},{"id":17851,"title":"A day like an Outlaw","ticketCategory":"ADULT","occupancy":1,"ageQualified":true,"minAge":12,"maxAge":0,"dependent":false,"masterCategoryId":13195,"maxPerMaster":14,"sumDependentCategories":false,"maxDependentSum":0,"internalUseOnly":false,"flags":[],"defaultCategory":true,"fullTitle":"A day like an Outlaw (12+)"}],"agendaItems":[],"startTimes":[{"id":62824,"hour":9,"minute":0,"overrideTimeWhenPickup":false,"pickupHour":0,"pickupMinute":0,"durationType":"H","duration":12,"durationMinutes":0,"durationHours":12,"durationDays":0,"durationWeeks":0,"flags":[]}],"bookableExtras":[],"route":null,"hasOpeningHours":false,"defaultOpeningHours":null,"seasonalOpeningHours":[],"displaySettings":{"showPickupPlaces":false,"showRouteMap":false,"selectRateBasedOnStartTime":false,"customFields":[]},"requestDeadline":172800000,"bookingCutoff":1440,"actualId":24486,"actualVendor":{"id":110,"title":"Vesturfer\u00f0ir ehf","currencyCode":"ISK","showInvoiceIdOnTicket":false,"showAgentDetailsOnTicket":false,"showPaymentsOnInvoice":false},"prices":[{"id":17852,"type":"CHILD","amount":16450,"minAge":10,"maxAge":12},{"id":17851,"type":"ADULT","amount":32900,"minAge":12,"maxAge":0}],"season":"Spring"},{"id":2222,"externalId":"WA-06","productGroupId":227,"productCategory":"ACTIVITIES","box":false,"inventoryLocal":true,"inventorySupportsPricing":false,"inventorySupportsAvailability":true,"lastPublished":"2018-07-16T15:55:21.226Z","title":"CROWN JEWEL; KJARAN'S AVENUE & DYNJANDI - jeep tour","description":"Enjoy the exceptional Kjaran's avenue, which is anything but an avenue! This unique road constructions, claimed to be mission impossible, named after its builder, who made the road in his own spare time by a small bulldozer. Near Svalvogar, the one-way jeep track is carved into the mountain, which looms above you and the steep cliffs are almost vertical under your feet down to the ocean. On the stony beach of Sk\u00fatabj\u00f6rg, one better be aware of the sea tide. This is one of the most incredible road constructions in Iceland and the scenery en-route is incomparable. This magnificent tour leaves no one untouched for its unique landscape and sheer thrilling drive experience.\r\n\r\nWe get close to Kaldbakur, the highest mountain in Westfjords and might hike the top to enjoy incomparable scenery, weather and road conditions permitting. Alternatively we take the old winding main road through Hrafnseyrarhei\u00f0i, which is closed for 6-8 months every year due to snow. \r\n\r\nWe stop at the unique Dynjandi waterfall, one of Iceland's most beautiful waterfalls and the largest in the Westfjords, ca. 100 meters high and up to 60 meters wide. A hiking path leads up to the central gorge of the waterfall, allowing visitors to come close enough to touch the water as it tumbles down into the depths.\r\n\r\nVarious stops and refreshments on our way. ","excerpt":"","cancellationPolicy":{"id":384,"title":"Default","penaltyRules":[{"id":178,"cutoffHours":0,"charge":0,"chargeType":"PERCENTAGE"}],"tax":null},"barcodeType":"QR_CODE","timeZone":"UTC","mainContactFields":[],"requiredCustomerFields":[],"keywords":["Reykjadalslaug","Landscape","Svalvogar","\u00deingeyri","Kaldbakur","Thrilling Drive Experience","Hiking","Sk\u00fatabj\u00f6rg","Kvennaskar\u00f0","Sl\u00e9ttanes","Super Jeep","Hrafnseyri","Hrafnseyri museum","Hrafnseyrarhei\u00f0i","Dynjandi waterfall"],"flags":[],"slug":null,"baseLanguage":"en","languages":["EN"],"paymentCurrencies":[],"customFields":[],"tagGroups":[],"categories":[],"keyPhoto":{"id":12050,"originalUrl":"https:\/\/bokun.s3.amazonaws.com\/photo12050original","description":"","alternateText":"","flags":[],"derived":[{"name":"large","url":"https:\/\/bokunprod.imgix.net\/photo12050original?w=660&h=660","cleanUrl":"\/\/bokunprod.imgix.net\/photo12050original?w=660&h=660"},{"name":"preview","url":"https:\/\/bokunprod.imgix.net\/photo12050original?w=300&h=300","cleanUrl":"\/\/bokunprod.imgix.net\/photo12050original?w=300&h=300"},{"name":"thumbnail","url":"https:\/\/bokunprod.imgix.net\/photo12050original?w=80&h=80&fit=crop","cleanUrl":"\/\/bokunprod.imgix.net\/photo12050original?w=80&h=80&fit=crop"}],"fileName":"\/photo12050original"},"photos":[{"id":12048,"originalUrl":"https:\/\/bokun.s3.amazonaws.com\/photo12048original","description":null,"alternateText":null,"flags":[],"derived":[{"name":"large","url":"https:\/\/bokunprod.imgix.net\/photo12048original?w=660&h=660","cleanUrl":"\/\/bokunprod.imgix.net\/photo12048original?w=660&h=660"},{"name":"preview","url":"https:\/\/bokunprod.imgix.net\/photo12048original?w=300&h=300","cleanUrl":"\/\/bokunprod.imgix.net\/photo12048original?w=300&h=300"},{"name":"thumbnail","url":"https:\/\/bokunprod.imgix.net\/photo12048original?w=80&h=80&fit=crop","cleanUrl":"\/\/bokunprod.imgix.net\/photo12048original?w=80&h=80&fit=crop"}],"fileName":"\/photo12048original"},{"id":12049,"originalUrl":"https:\/\/bokun.s3.amazonaws.com\/photo12049original","description":null,"alternateText":null,"flags":[],"derived":[{"name":"large","url":"https:\/\/bokunprod.imgix.net\/photo12049original?w=660&h=660","cleanUrl":"\/\/bokunprod.imgix.net\/photo12049original?w=660&h=660"},{"name":"preview","url":"https:\/\/bokunprod.imgix.net\/photo12049original?w=300&h=300","cleanUrl":"\/\/bokunprod.imgix.net\/photo12049original?w=300&h=300"},{"name":"thumbnail","url":"https:\/\/bokunprod.imgix.net\/photo12049original?w=80&h=80&fit=crop","cleanUrl":"\/\/bokunprod.imgix.net\/photo12049original?w=80&h=80&fit=crop"}],"fileName":"\/photo12049original"},{"id":12050,"originalUrl":"https:\/\/bokun.s3.amazonaws.com\/photo12050original","description":"","alternateText":"","flags":[],"derived":[{"name":"large","url":"https:\/\/bokunprod.imgix.net\/photo12050original?w=660&h=660","cleanUrl":"\/\/bokunprod.imgix.net\/photo12050original?w=660&h=660"},{"name":"preview","url":"https:\/\/bokunprod.imgix.net\/photo12050original?w=300&h=300","cleanUrl":"\/\/bokunprod.imgix.net\/photo12050original?w=300&h=300"},{"name":"thumbnail","url":"https:\/\/bokunprod.imgix.net\/photo12050original?w=80&h=80&fit=crop","cleanUrl":"\/\/bokunprod.imgix.net\/photo12050original?w=80&h=80&fit=crop"}],"fileName":"\/photo12050original"},{"id":12051,"originalUrl":"https:\/\/bokun.s3.amazonaws.com\/photo12051original","description":null,"alternateText":null,"flags":[],"derived":[{"name":"large","url":"https:\/\/bokunprod.imgix.net\/photo12051original?w=660&h=660","cleanUrl":"\/\/bokunprod.imgix.net\/photo12051original?w=660&h=660"},{"name":"preview","url":"https:\/\/bokunprod.imgix.net\/photo12051original?w=300&h=300","cleanUrl":"\/\/bokunprod.imgix.net\/photo12051original?w=300&h=300"},{"name":"thumbnail","url":"https:\/\/bokunprod.imgix.net\/photo12051original?w=80&h=80&fit=crop","cleanUrl":"\/\/bokunprod.imgix.net\/photo12051original?w=80&h=80&fit=crop"}],"fileName":"\/photo12051original"}],"videos":[],"vendor":{"id":178,"title":"Westfjords Adventures","currencyCode":"ISK","showInvoiceIdOnTicket":false,"showAgentDetailsOnTicket":false,"showPaymentsOnInvoice":false},"boxedVendor":null,"storedExternally":false,"pluginId":null,"reviewRating":0,"reviewCount":0,"activityType":"DAY_TOUR_OR_ACTIVITY","bookingType":"DATE_AND_TIME","scheduleType":"FIXED","capacityType":"LIMITED","passExpiryType":null,"meetingType":"MEET_ON_LOCATION","passCapacity":10,"passesAvailable":0,"dressCode":false,"passportRequired":false,"supportedAccessibilityTypes":[],"startPoints":[],"bookingQuestions":[],"included":"Local guidance in English, jeep transportation and entrance to Hrafnseyri museum.","requirements":"Warm outdoor clothing and good shoes recommended","attention":"","locationCode":null,"bookingCutoffMinutes":0,"bookingCutoffHours":48,"bookingCutoffDays":0,"bookingCutoffWeeks":0,"requestDeadlineMinutes":0,"requestDeadlineHours":0,"requestDeadlineDays":2,"requestDeadlineWeeks":0,"boxedActivityId":0,"comboActivity":false,"dayBasedAvailability":false,"selectFromDayOptions":false,"dayOptions":[],"activityCategories":[],"activityAttributes":[],"guidanceTypes":[],"defaultRateId":4873,"rates":[{"id":4873,"title":"Standard rate","description":null,"index":0,"rateCode":null,"pricedPerPerson":true,"minPerBooking":1,"maxPerBooking":0,"cancellationPolicy":{"id":384,"created":[2018,7,30,9,27,24,904000000],"title":"Default","tax":null,"penaltyRules":[{"id":178,"created":[2018,7,30,9,27,24,904000000],"cutoffHours":0,"percentage":0}]},"fixedPassExpiryDate":null,"passValidForDays":0,"pickupSelectionType":"UNAVAILABLE","pickupPricingType":"INCLUDED_IN_PRICE","pickupPricedPerPerson":false,"dropoffSelectionType":"UNAVAILABLE","dropoffPricingType":"INCLUDED_IN_PRICE","dropoffPricedPerPerson":false,"extraConfigs":[],"startTimeIds":[],"pricingCategoryIds":[]}],"ticketPerPerson":false,"durationType":"HOURS","duration":9,"durationMinutes":0,"durationHours":9,"durationDays":0,"durationWeeks":0,"durationText":"9 hours","minAge":0,"nextDefaultPrice":39900,"nextDefaultPriceMoney":{"amount":39900,"currency":"ISK"},"pickupService":false,"pickupAllotment":false,"useComponentPickupAllotments":false,"pickupFlags":[],"customPickupAllowed":false,"pickupMinutesBefore":0,"noPickupMsg":"","showGlobalPickupMsg":false,"showNoPickupMsg":false,"dropoffService":false,"dropoffFlags":[],"customDropoffAllowed":true,"difficultyLevel":"EASY","pricingCategories":[{"id":3492,"title":"Adults","ticketCategory":"ADULT","occupancy":1,"ageQualified":false,"minAge":0,"maxAge":0,"dependent":false,"masterCategoryId":0,"maxPerMaster":0,"sumDependentCategories":false,"maxDependentSum":0,"internalUseOnly":false,"flags":[],"defaultCategory":true,"fullTitle":"Adults"},{"id":10747,"title":"Children","ticketCategory":"CHILD","occupancy":1,"ageQualified":true,"minAge":6,"maxAge":12,"dependent":false,"masterCategoryId":3593,"maxPerMaster":0,"sumDependentCategories":false,"maxDependentSum":0,"internalUseOnly":false,"flags":[],"defaultCategory":false,"fullTitle":"Children (6 - 12)"}],"agendaItems":[{"id":5135,"index":0,"title":"Crown Jewel; Kjaran\u00b4s Avenue and Dynjandi","excerpt":"","body":"Enjou the exceptional Kjaran\u00b4s avenue, which is anything but an avenue. this is a unique road construction claimed to be mission impossible, named after its builder who made the road in his own spare time by small bulldozer. Near Svalvogar, the one-way jeep track is carved into the mountein, which looms above you and the seep cliffs are almost vertical under your feet down to the ocean. On the stony beach of Sk\u00fatabj\u00f6rg, one better be aware of sea tide. this is one of the most incredible road construction in Iceland and the scenery en-route is incomparable. This magnificent tour leaves no one untouched for its unique landscape and sheer thrilling drive experience.\r\n\r\nWe get close to Kaldbakur, the highest mountain in Westfjords and might hike the top to enjoy incomparable scenery, weather and road conditions permitting. Alternatively we take the old winding main road through Hrafnseyrarhei\u00f0i, which is closed for 6-8 months every year due to snow. Various stops and refreshments on our way.","day":1,"flags":[],"place":null,"keyPhoto":null,"photos":[]}],"startTimes":[{"id":14267,"hour":9,"minute":0,"overrideTimeWhenPickup":false,"pickupHour":0,"pickupMinute":0,"durationType":"H","duration":9,"durationMinutes":0,"durationHours":9,"durationDays":0,"durationWeeks":0,"flags":["Westfjords Adventures","Patreksfj\u00f6r\u00f0ur","Tourist Centre"]}],"bookableExtras":[],"route":{"center":{"lat":65.69724804850329746841453015804290771484375,"lng":-23.5634750000000394720700569450855255126953125},"mapZoomLevel":8,"start":{"lat":65.5944329000000010410076356492936611175537109375,"lng":-23.9827506999999968684278428554534912109375},"end":{"lat":0,"lng":0},"sameStartEnd":true,"waypoints":[{"lat":65.672863599999999451028998009860515594482421875,"lng":-23.61468319999994491809047758579254150390625},{"lat":65.739606199999997215854818932712078094482421875,"lng":-23.2090001000000256681232713162899017333984375},{"lat":65.8156784999999899810063652694225311279296875,"lng":-23.7872638000000051761162467300891876220703125},{"lat":65.892335599999995565667632035911083221435546875,"lng":-23.85888999999997395207174122333526611328125}]},"hasOpeningHours":false,"defaultOpeningHours":null,"seasonalOpeningHours":[],"displaySettings":{"showPickupPlaces":false,"showRouteMap":true,"selectRateBasedOnStartTime":false,"customFields":[]},"requestDeadline":172800000,"bookingCutoff":2880,"actualId":2222,"actualVendor":{"id":178,"title":"Westfjords Adventures","currencyCode":"ISK","showInvoiceIdOnTicket":false,"showAgentDetailsOnTicket":false,"showPaymentsOnInvoice":false},"prices":[{"id":3492,"type":"ADULT","amount":39900,"minAge":0,"maxAge":0},{"id":10747,"type":"CHILD","amount":19500,"minAge":6,"maxAge":12}],"season":"Winter"},{"id":2229,"externalId":"WA-14","productGroupId":230,"productCategory":"ACTIVITIES","box":false,"inventoryLocal":true,"inventorySupportsPricing":false,"inventorySupportsAvailability":true,"lastPublished":"2018-07-16T15:55:22.747Z","title":"HIKE BETWEEN TWO FJORDS - hiking","description":"The tour starts by walking from the Westfjords Adventures office in Patreksfj\u00f6r\u00f0ur to T\u00e1lknafj\u00f6r\u00f0ur by an old route between the two fjords, Patreksfj\u00f6r\u00f0ur and T\u00e1lknafj\u00f6r\u00f0ur. While walking through Litlidalur and passing Lambeyrarh\u00e1ls, the local guide will tell you about the history of Patreksfj\u00f6r\u00f0ur and T\u00e1lknafj\u00f6r\u00f0ur, which are both rich of history as bases of English, French, German and Dutch sailors, merchants and navy mariners in the early days. \r\n\r\nFrom Lambeyrarh\u00e1ls we will walk to Su\u00f0ureyri, where Norwegians established and ran a whaling station around 1900. In Su\u00f0ureyri is a famous ground depression, which is believed to be a fairy settlement. If travellers lie down to rest in the depression they are destined to dream about their future. Around T\u00e1lknafj\u00f6r\u00f0ur is a great birdlife and the scenery is amazing.\r\n\r\nThe tour starts at 09:00 in the morning. We will be picked up by a minivan at the end of the hike in T\u00e1lknafj\u00f6r\u00f0ur and brought back to Patreksfj\u00f6r\u00f0ur. The tour takes approximately 6 hours, including transportation. Walking distance 7 km, 5 hours, elevation 330 meter. Difficulty: Easy.\r\n","excerpt":"","cancellationPolicy":{"id":384,"title":"Default","penaltyRules":[{"id":178,"cutoffHours":0,"charge":0,"chargeType":"PERCENTAGE"}],"tax":null},"barcodeType":"QR_CODE","timeZone":"UTC","mainContactFields":[],"requiredCustomerFields":[],"keywords":["Nature","Whaling station","navy mariners","Panoramic","German sailor","T\u00e1lknafj\u00f6r\u00f0ur","Patreksfj\u00f6r\u00f0ur","History","Hiking","English","French","Su\u00f0ureyri","merchants","Dutch","Culture"],"flags":[],"slug":null,"baseLanguage":"en","languages":["EN"],"paymentCurrencies":[],"customFields":[],"tagGroups":[{"id":10,"title":"Activity type","flags":[],"tags":[{"id":81,"groupId":10,"title":"Hiking","exclusive":false,"flags":[]}],"group":true,"facetName":"tagGroup10","exclusive":false,"sharedWithSuppliers":false,"productCategory":"ACTIVITIES","subCategory":"NONE"}],"categories":[{"id":10,"title":"Activity type","allowsSelectingMultipleChildren":true,"flags":[],"categories":[{"id":81,"title":"Hiking","allowsSelectingMultipleChildren":true,"flags":[],"categories":[]}]}],"keyPhoto":{"id":11978,"originalUrl":"https:\/\/bokun.s3.amazonaws.com\/photo11978original","description":"","alternateText":"","flags":[],"derived":[{"name":"large","url":"https:\/\/bokunprod.imgix.net\/photo11978original?w=660&h=660","cleanUrl":"\/\/bokunprod.imgix.net\/photo11978original?w=660&h=660"},{"name":"preview","url":"https:\/\/bokunprod.imgix.net\/photo11978original?w=300&h=300","cleanUrl":"\/\/bokunprod.imgix.net\/photo11978original?w=300&h=300"},{"name":"thumbnail","url":"https:\/\/bokunprod.imgix.net\/photo11978original?w=80&h=80&fit=crop","cleanUrl":"\/\/bokunprod.imgix.net\/photo11978original?w=80&h=80&fit=crop"}],"fileName":"\/photo11978original"},"photos":[{"id":11977,"originalUrl":"https:\/\/bokun.s3.amazonaws.com\/photo11977original","description":null,"alternateText":null,"flags":[],"derived":[{"name":"large","url":"https:\/\/bokunprod.imgix.net\/photo11977original?w=660&h=660","cleanUrl":"\/\/bokunprod.imgix.net\/photo11977original?w=660&h=660"},{"name":"preview","url":"https:\/\/bokunprod.imgix.net\/photo11977original?w=300&h=300","cleanUrl":"\/\/bokunprod.imgix.net\/photo11977original?w=300&h=300"},{"name":"thumbnail","url":"https:\/\/bokunprod.imgix.net\/photo11977original?w=80&h=80&fit=crop","cleanUrl":"\/\/bokunprod.imgix.net\/photo11977original?w=80&h=80&fit=crop"}],"fileName":"\/photo11977original"},{"id":11978,"originalUrl":"https:\/\/bokun.s3.amazonaws.com\/photo11978original","description":"","alternateText":"","flags":[],"derived":[{"name":"large","url":"https:\/\/bokunprod.imgix.net\/photo11978original?w=660&h=660","cleanUrl":"\/\/bokunprod.imgix.net\/photo11978original?w=660&h=660"},{"name":"preview","url":"https:\/\/bokunprod.imgix.net\/photo11978original?w=300&h=300","cleanUrl":"\/\/bokunprod.imgix.net\/photo11978original?w=300&h=300"},{"name":"thumbnail","url":"https:\/\/bokunprod.imgix.net\/photo11978original?w=80&h=80&fit=crop","cleanUrl":"\/\/bokunprod.imgix.net\/photo11978original?w=80&h=80&fit=crop"}],"fileName":"\/photo11978original"}],"videos":[],"vendor":{"id":178,"title":"Westfjords Adventures","currencyCode":"ISK","showInvoiceIdOnTicket":false,"showAgentDetailsOnTicket":false,"showPaymentsOnInvoice":false},"boxedVendor":null,"storedExternally":false,"pluginId":null,"reviewRating":0,"reviewCount":0,"activityType":"DAY_TOUR_OR_ACTIVITY","bookingType":"DATE_AND_TIME","scheduleType":"FIXED","capacityType":"LIMITED","passExpiryType":null,"meetingType":"MEET_ON_LOCATION_OR_PICK_UP","passCapacity":10,"passesAvailable":0,"dressCode":false,"passportRequired":false,"supportedAccessibilityTypes":[],"startPoints":[],"bookingQuestions":[],"included":"Local guidance in English and transportation.","requirements":"Advisable to wear comfortable warm clothing. We recommend that you bring a backpack and a water bottle. Please wear hiking boots. ","attention":"","locationCode":null,"bookingCutoffMinutes":0,"bookingCutoffHours":24,"bookingCutoffDays":0,"bookingCutoffWeeks":0,"requestDeadlineMinutes":0,"requestDeadlineHours":0,"requestDeadlineDays":2,"requestDeadlineWeeks":0,"boxedActivityId":0,"comboActivity":false,"dayBasedAvailability":false,"selectFromDayOptions":false,"dayOptions":[],"activityCategories":[],"activityAttributes":[],"guidanceTypes":[],"defaultRateId":4880,"rates":[{"id":4880,"title":"Standard rate","description":null,"index":0,"rateCode":null,"pricedPerPerson":true,"minPerBooking":1,"maxPerBooking":0,"cancellationPolicy":{"id":384,"created":[2018,7,30,9,27,26,611000000],"title":"Default","tax":null,"penaltyRules":[{"id":178,"created":[2018,7,30,9,27,26,611000000],"cutoffHours":0,"percentage":0}]},"fixedPassExpiryDate":null,"passValidForDays":0,"pickupSelectionType":"OPTIONAL","pickupPricingType":"INCLUDED_IN_PRICE","pickupPricedPerPerson":false,"dropoffSelectionType":"OPTIONAL","dropoffPricingType":"INCLUDED_IN_PRICE","dropoffPricedPerPerson":false,"extraConfigs":[],"startTimeIds":[],"pricingCategoryIds":[]}],"ticketPerPerson":false,"durationType":"HOURS","duration":5,"durationMinutes":0,"durationHours":5,"durationDays":0,"durationWeeks":0,"durationText":"5 hours","minAge":0,"nextDefaultPrice":19900,"nextDefaultPriceMoney":{"amount":19900,"currency":"ISK"},"pickupService":true,"pickupAllotment":false,"useComponentPickupAllotments":false,"pickupFlags":[],"customPickupAllowed":true,"pickupMinutesBefore":0,"noPickupMsg":"","showGlobalPickupMsg":false,"showNoPickupMsg":false,"dropoffService":true,"dropoffFlags":[],"customDropoffAllowed":true,"difficultyLevel":"CHALLENGING","pricingCategories":[{"id":3492,"title":"Adults","ticketCategory":"ADULT","occupancy":1,"ageQualified":false,"minAge":0,"maxAge":0,"dependent":false,"masterCategoryId":0,"maxPerMaster":0,"sumDependentCategories":false,"maxDependentSum":0,"internalUseOnly":false,"flags":[],"defaultCategory":true,"fullTitle":"Adults"},{"id":10747,"title":"Children","ticketCategory":"CHILD","occupancy":1,"ageQualified":true,"minAge":6,"maxAge":12,"dependent":false,"masterCategoryId":3593,"maxPerMaster":0,"sumDependentCategories":false,"maxDependentSum":0,"internalUseOnly":false,"flags":[],"defaultCategory":false,"fullTitle":"Children (6 - 12)"}],"agendaItems":[{"id":5140,"index":0,"title":"Hike Between tow Fjords","excerpt":"","body":"We walk from Patreksfj\u00f6r\u00f0ur to T\u00e1lknafj\u00f6r\u00f0ur by an old tout between the two fjords. While walking through Litlidalur and passing Lambeyrarh\u00e1ls, the local guide will tell you about the history of Patreksfj\u00f6r\u00f0ur and T\u00e1lknafj\u00f6r\u00f0ur, which are rich of history as basees if English, French, German and Duch sailors, merchants and navy mariners.\r\n\r\nFrom Lambeyrarh\u00e1ls we will walk to Su\u00f0ureyri, where Norwegians established and ran a whaling station around 1900. In Su\u00f0ureyri is a famous ground depression which is believed to be a fairy settlement. If travellers lie down to rest in the depression they are destined to drea ablout their future. Around T\u00e1lknafj\u00f6r\u00f0ur is a great bird life and the scenery is amazing.","day":1,"flags":[],"place":null,"keyPhoto":null,"photos":[]}],"startTimes":[{"id":14277,"hour":9,"minute":0,"overrideTimeWhenPickup":false,"pickupHour":0,"pickupMinute":0,"durationType":"H","duration":6,"durationMinutes":0,"durationHours":6,"durationDays":0,"durationWeeks":0,"flags":["Westfjords Adventures","Patreksfj\u00f6r\u00f0ur","Tourist Centre"]}],"bookableExtras":[],"route":null,"hasOpeningHours":false,"defaultOpeningHours":null,"seasonalOpeningHours":[],"displaySettings":{"showPickupPlaces":true,"showRouteMap":false,"selectRateBasedOnStartTime":false,"customFields":[]},"requestDeadline":172800000,"bookingCutoff":1440,"actualId":2229,"actualVendor":{"id":178,"title":"Westfjords Adventures","currencyCode":"ISK","showInvoiceIdOnTicket":false,"showAgentDetailsOnTicket":false,"showPaymentsOnInvoice":false},"prices":[{"id":3492,"type":"ADULT","amount":19900,"minAge":0,"maxAge":0},{"id":10747,"type":"CHILD","amount":9500,"minAge":6,"maxAge":12}],"season":"Summer"},{"id":18908,"externalId":"wt-vpi","productGroupId":0,"productCategory":"ACTIVITIES","box":false,"inventoryLocal":true,"inventorySupportsPricing":false,"inventorySupportsAvailability":true,"lastPublished":"2018-07-16T17:35:35.445Z","title":"Vigur - Paradise Island","description":"There is always something charming about small islands, and the harmony of thousands of birds in Vigur completes the beautiful landscape. Over the years, the island Vigur has earned itself a great reputation and is therefore a must on any itinerary. Its five friendly inhabitants welcome you with their relaxed easy manner and somehow, one feels that time stands still in Vigur.\r\n\r\nAfter a half an hour boat ride from \u00cdsafj\u00f6r\u00f0ur, you take a leisurely walk around the island. It\u00b4s a perfect opportunity to see the abundance of birds in their natural environment. The island is a home for thousands of birds e.g. eider ducks, arctic terns, puffins, black guillemot and more. The only windmill in Iceland is located in Vigur. Refreshments are served by the farmer\u2019s family.\r\n\r\nPrior to heading back, you can visit the smallest post office in Europe and send home a card or two. The tour takes approximately 3 hours.","excerpt":"","cancellationPolicy":{"id":4423,"title":"Default","penaltyRules":[{"id":5336,"cutoffHours":48,"charge":100,"chargeType":"PERCENTAGE"},{"id":5335,"cutoffHours":168,"charge":30,"chargeType":"PERCENTAGE"},{"id":5334,"cutoffHours":12000,"charge":10,"chargeType":"PERCENTAGE"}],"tax":null},"barcodeType":"QR_CODE","timeZone":"UTC","mainContactFields":[],"requiredCustomerFields":[],"keywords":["westfjords","vigur island","boat tour","nature","farm visit","birds","guided"],"flags":[],"slug":null,"baseLanguage":"en","languages":["EN"],"paymentCurrencies":[],"customFields":[],"tagGroups":[],"categories":[],"keyPhoto":{"id":59431,"originalUrl":"https:\/\/bokun.s3.amazonaws.com\/ee5025de-5dab-462b-94b9-150ec53e97b8.jpg","description":"","alternateText":"","flags":[],"derived":[{"name":"large","url":"https:\/\/bokunprod.imgix.net\/ee5025de-5dab-462b-94b9-150ec53e97b8.jpg?w=660&h=660","cleanUrl":"https:\/\/bokunprod.imgix.net\/ee5025de-5dab-462b-94b9-150ec53e97b8.jpg?w=660&h=660"},{"name":"preview","url":"https:\/\/bokunprod.imgix.net\/ee5025de-5dab-462b-94b9-150ec53e97b8.jpg?w=300&h=300","cleanUrl":"https:\/\/bokunprod.imgix.net\/ee5025de-5dab-462b-94b9-150ec53e97b8.jpg?w=300&h=300"},{"name":"thumbnail","url":"https:\/\/bokunprod.imgix.net\/ee5025de-5dab-462b-94b9-150ec53e97b8.jpg?w=80&h=80&fit=crop","cleanUrl":"https:\/\/bokunprod.imgix.net\/ee5025de-5dab-462b-94b9-150ec53e97b8.jpg?w=80&h=80&fit=crop"}],"fileName":"\/ee5025de-5dab-462b-94b9-150ec53e97b8.jpg"},"photos":[{"id":59423,"originalUrl":"https:\/\/bokun.s3.amazonaws.com\/436589d6-83be-401e-8099-c6d7d2fc01b2.jpg","description":null,"alternateText":null,"flags":[],"derived":[{"name":"large","url":"https:\/\/bokunprod.imgix.net\/436589d6-83be-401e-8099-c6d7d2fc01b2.jpg?w=660&h=660","cleanUrl":"https:\/\/bokunprod.imgix.net\/436589d6-83be-401e-8099-c6d7d2fc01b2.jpg?w=660&h=660"},{"name":"preview","url":"https:\/\/bokunprod.imgix.net\/436589d6-83be-401e-8099-c6d7d2fc01b2.jpg?w=300&h=300","cleanUrl":"https:\/\/bokunprod.imgix.net\/436589d6-83be-401e-8099-c6d7d2fc01b2.jpg?w=300&h=300"},{"name":"thumbnail","url":"https:\/\/bokunprod.imgix.net\/436589d6-83be-401e-8099-c6d7d2fc01b2.jpg?w=80&h=80&fit=crop","cleanUrl":"https:\/\/bokunprod.imgix.net\/436589d6-83be-401e-8099-c6d7d2fc01b2.jpg?w=80&h=80&fit=crop"}],"fileName":"\/436589d6-83be-401e-8099-c6d7d2fc01b2.jpg"},{"id":59424,"originalUrl":"https:\/\/bokun.s3.amazonaws.com\/99c1f6ae-546e-4a87-87ae-54c277bff7eb.jpg","description":null,"alternateText":null,"flags":[],"derived":[{"name":"large","url":"https:\/\/bokunprod.imgix.net\/99c1f6ae-546e-4a87-87ae-54c277bff7eb.jpg?w=660&h=660","cleanUrl":"https:\/\/bokunprod.imgix.net\/99c1f6ae-546e-4a87-87ae-54c277bff7eb.jpg?w=660&h=660"},{"name":"preview","url":"https:\/\/bokunprod.imgix.net\/99c1f6ae-546e-4a87-87ae-54c277bff7eb.jpg?w=300&h=300","cleanUrl":"https:\/\/bokunprod.imgix.net\/99c1f6ae-546e-4a87-87ae-54c277bff7eb.jpg?w=300&h=300"},{"name":"thumbnail","url":"https:\/\/bokunprod.imgix.net\/99c1f6ae-546e-4a87-87ae-54c277bff7eb.jpg?w=80&h=80&fit=crop","cleanUrl":"https:\/\/bokunprod.imgix.net\/99c1f6ae-546e-4a87-87ae-54c277bff7eb.jpg?w=80&h=80&fit=crop"}],"fileName":"\/99c1f6ae-546e-4a87-87ae-54c277bff7eb.jpg"},{"id":59426,"originalUrl":"https:\/\/bokun.s3.amazonaws.com\/f5005f14-a204-4e89-8dd7-8b60128432e4.jpg","description":null,"alternateText":null,"flags":[],"derived":[{"name":"large","url":"https:\/\/bokunprod.imgix.net\/f5005f14-a204-4e89-8dd7-8b60128432e4.jpg?w=660&h=660","cleanUrl":"https:\/\/bokunprod.imgix.net\/f5005f14-a204-4e89-8dd7-8b60128432e4.jpg?w=660&h=660"},{"name":"preview","url":"https:\/\/bokunprod.imgix.net\/f5005f14-a204-4e89-8dd7-8b60128432e4.jpg?w=300&h=300","cleanUrl":"https:\/\/bokunprod.imgix.net\/f5005f14-a204-4e89-8dd7-8b60128432e4.jpg?w=300&h=300"},{"name":"thumbnail","url":"https:\/\/bokunprod.imgix.net\/f5005f14-a204-4e89-8dd7-8b60128432e4.jpg?w=80&h=80&fit=crop","cleanUrl":"https:\/\/bokunprod.imgix.net\/f5005f14-a204-4e89-8dd7-8b60128432e4.jpg?w=80&h=80&fit=crop"}],"fileName":"\/f5005f14-a204-4e89-8dd7-8b60128432e4.jpg"},{"id":59427,"originalUrl":"https:\/\/bokun.s3.amazonaws.com\/fde98db1-6df9-4960-9f8f-9814f7b3a9cc.jpg","description":null,"alternateText":null,"flags":[],"derived":[{"name":"large","url":"https:\/\/bokunprod.imgix.net\/fde98db1-6df9-4960-9f8f-9814f7b3a9cc.jpg?w=660&h=660","cleanUrl":"https:\/\/bokunprod.imgix.net\/fde98db1-6df9-4960-9f8f-9814f7b3a9cc.jpg?w=660&h=660"},{"name":"preview","url":"https:\/\/bokunprod.imgix.net\/fde98db1-6df9-4960-9f8f-9814f7b3a9cc.jpg?w=300&h=300","cleanUrl":"https:\/\/bokunprod.imgix.net\/fde98db1-6df9-4960-9f8f-9814f7b3a9cc.jpg?w=300&h=300"},{"name":"thumbnail","url":"https:\/\/bokunprod.imgix.net\/fde98db1-6df9-4960-9f8f-9814f7b3a9cc.jpg?w=80&h=80&fit=crop","cleanUrl":"https:\/\/bokunprod.imgix.net\/fde98db1-6df9-4960-9f8f-9814f7b3a9cc.jpg?w=80&h=80&fit=crop"}],"fileName":"\/fde98db1-6df9-4960-9f8f-9814f7b3a9cc.jpg"},{"id":59428,"originalUrl":"https:\/\/bokun.s3.amazonaws.com\/05b75a7d-908b-46b3-abae-d355001b7cea.jpg","description":null,"alternateText":null,"flags":[],"derived":[{"name":"large","url":"https:\/\/bokunprod.imgix.net\/05b75a7d-908b-46b3-abae-d355001b7cea.jpg?w=660&h=660","cleanUrl":"https:\/\/bokunprod.imgix.net\/05b75a7d-908b-46b3-abae-d355001b7cea.jpg?w=660&h=660"},{"name":"preview","url":"https:\/\/bokunprod.imgix.net\/05b75a7d-908b-46b3-abae-d355001b7cea.jpg?w=300&h=300","cleanUrl":"https:\/\/bokunprod.imgix.net\/05b75a7d-908b-46b3-abae-d355001b7cea.jpg?w=300&h=300"},{"name":"thumbnail","url":"https:\/\/bokunprod.imgix.net\/05b75a7d-908b-46b3-abae-d355001b7cea.jpg?w=80&h=80&fit=crop","cleanUrl":"https:\/\/bokunprod.imgix.net\/05b75a7d-908b-46b3-abae-d355001b7cea.jpg?w=80&h=80&fit=crop"}],"fileName":"\/05b75a7d-908b-46b3-abae-d355001b7cea.jpg"},{"id":59429,"originalUrl":"https:\/\/bokun.s3.amazonaws.com\/d5702c20-91f5-44f6-9552-25786538c913.jpg","description":null,"alternateText":null,"flags":[],"derived":[{"name":"large","url":"https:\/\/bokunprod.imgix.net\/d5702c20-91f5-44f6-9552-25786538c913.jpg?w=660&h=660","cleanUrl":"https:\/\/bokunprod.imgix.net\/d5702c20-91f5-44f6-9552-25786538c913.jpg?w=660&h=660"},{"name":"preview","url":"https:\/\/bokunprod.imgix.net\/d5702c20-91f5-44f6-9552-25786538c913.jpg?w=300&h=300","cleanUrl":"https:\/\/bokunprod.imgix.net\/d5702c20-91f5-44f6-9552-25786538c913.jpg?w=300&h=300"},{"name":"thumbnail","url":"https:\/\/bokunprod.imgix.net\/d5702c20-91f5-44f6-9552-25786538c913.jpg?w=80&h=80&fit=crop","cleanUrl":"https:\/\/bokunprod.imgix.net\/d5702c20-91f5-44f6-9552-25786538c913.jpg?w=80&h=80&fit=crop"}],"fileName":"\/d5702c20-91f5-44f6-9552-25786538c913.jpg"},{"id":59430,"originalUrl":"https:\/\/bokun.s3.amazonaws.com\/e7a31d09-5deb-48bb-b707-0b98f36c9666.jpg","description":null,"alternateText":null,"flags":[],"derived":[{"name":"large","url":"https:\/\/bokunprod.imgix.net\/e7a31d09-5deb-48bb-b707-0b98f36c9666.jpg?w=660&h=660","cleanUrl":"https:\/\/bokunprod.imgix.net\/e7a31d09-5deb-48bb-b707-0b98f36c9666.jpg?w=660&h=660"},{"name":"preview","url":"https:\/\/bokunprod.imgix.net\/e7a31d09-5deb-48bb-b707-0b98f36c9666.jpg?w=300&h=300","cleanUrl":"https:\/\/bokunprod.imgix.net\/e7a31d09-5deb-48bb-b707-0b98f36c9666.jpg?w=300&h=300"},{"name":"thumbnail","url":"https:\/\/bokunprod.imgix.net\/e7a31d09-5deb-48bb-b707-0b98f36c9666.jpg?w=80&h=80&fit=crop","cleanUrl":"https:\/\/bokunprod.imgix.net\/e7a31d09-5deb-48bb-b707-0b98f36c9666.jpg?w=80&h=80&fit=crop"}],"fileName":"\/e7a31d09-5deb-48bb-b707-0b98f36c9666.jpg"},{"id":59431,"originalUrl":"https:\/\/bokun.s3.amazonaws.com\/ee5025de-5dab-462b-94b9-150ec53e97b8.jpg","description":"","alternateText":"","flags":[],"derived":[{"name":"large","url":"https:\/\/bokunprod.imgix.net\/ee5025de-5dab-462b-94b9-150ec53e97b8.jpg?w=660&h=660","cleanUrl":"https:\/\/bokunprod.imgix.net\/ee5025de-5dab-462b-94b9-150ec53e97b8.jpg?w=660&h=660"},{"name":"preview","url":"https:\/\/bokunprod.imgix.net\/ee5025de-5dab-462b-94b9-150ec53e97b8.jpg?w=300&h=300","cleanUrl":"https:\/\/bokunprod.imgix.net\/ee5025de-5dab-462b-94b9-150ec53e97b8.jpg?w=300&h=300"},{"name":"thumbnail","url":"https:\/\/bokunprod.imgix.net\/ee5025de-5dab-462b-94b9-150ec53e97b8.jpg?w=80&h=80&fit=crop","cleanUrl":"https:\/\/bokunprod.imgix.net\/ee5025de-5dab-462b-94b9-150ec53e97b8.jpg?w=80&h=80&fit=crop"}],"fileName":"\/ee5025de-5dab-462b-94b9-150ec53e97b8.jpg"}],"videos":[],"vendor":{"id":110,"title":"Vesturfer\u00f0ir ehf","currencyCode":"ISK","showInvoiceIdOnTicket":false,"showAgentDetailsOnTicket":false,"showPaymentsOnInvoice":false},"boxedVendor":null,"storedExternally":false,"pluginId":null,"reviewRating":0,"reviewCount":0,"activityType":"DAY_TOUR_OR_ACTIVITY","bookingType":"DATE_AND_TIME","scheduleType":"RECURRING","capacityType":"LIMITED","passExpiryType":null,"meetingType":"MEET_ON_LOCATION","passCapacity":10,"passesAvailable":0,"dressCode":false,"passportRequired":false,"supportedAccessibilityTypes":[],"startPoints":[{"id":3609,"created":[2018,7,30,9,27,28,613000000],"type":null,"title":"Sj\u00f3fer\u00f0ir","code":null,"address":{"id":83012,"created":[2018,7,30,9,27,28,613000000],"addressLine1":"\u00c1sgeirsgata","addressLine2":"","addressLine3":null,"city":"\u00cdsafj\u00f6r\u00f0ur","state":null,"postalCode":"","countryCode":"IS","mapZoomLevel":16,"geoPoint":{"latitude":66.069179130153742107722791843116283416748046875,"longitude":-23.118731975555419921875},"unLocode":{"country":"IS","city":"ISA"}},"pickupTicketDescription":null,"dropoffTicketDescription":null,"labels":[]}],"bookingQuestions":[],"included":"boat tour, guidance, light refreshments at the island.","requirements":"Waterproofed jacket, sturdy walking shoes, hat and gloves","attention":"Not suitable for physically disabled nor for wheelchairs as it includes a walk on uneven paths.","locationCode":null,"bookingCutoffMinutes":0,"bookingCutoffHours":1,"bookingCutoffDays":0,"bookingCutoffWeeks":0,"requestDeadlineMinutes":0,"requestDeadlineHours":0,"requestDeadlineDays":2,"requestDeadlineWeeks":0,"boxedActivityId":0,"comboActivity":false,"dayBasedAvailability":false,"selectFromDayOptions":false,"dayOptions":[],"activityCategories":["WALKING_TOUR","SAILING_OR_BOAT_TOUR","SIGHTSEEING_ATTRACTION","NATURE","BIRDWATCHING"],"activityAttributes":["FAMILY_FRIENDLY","ECO_FRIENDLY","GROUP_FRIENDLY","OUTDOOR"],"guidanceTypes":[{"id":null,"created":[2018,7,30,9,27,28,613000000],"guidanceType":"GUIDED","languages":["en","is"]}],"defaultRateId":32943,"rates":[{"id":32943,"title":"Default rate","description":null,"index":0,"rateCode":null,"pricedPerPerson":true,"minPerBooking":1,"maxPerBooking":0,"cancellationPolicy":{"id":4423,"created":[2018,7,30,9,27,28,613000000],"title":"Default","tax":null,"penaltyRules":[{"id":5336,"created":[2018,7,30,9,27,28,613000000],"cutoffHours":48,"percentage":100},{"id":5335,"created":[2018,7,30,9,27,28,613000000],"cutoffHours":168,"percentage":30},{"id":5334,"created":[2018,7,30,9,27,28,613000000],"cutoffHours":12000,"percentage":10}]},"fixedPassExpiryDate":null,"passValidForDays":0,"pickupSelectionType":"UNAVAILABLE","pickupPricingType":"INCLUDED_IN_PRICE","pickupPricedPerPerson":false,"dropoffSelectionType":"UNAVAILABLE","dropoffPricingType":"INCLUDED_IN_PRICE","dropoffPricedPerPerson":false,"extraConfigs":[],"startTimeIds":[],"pricingCategoryIds":[]}],"ticketPerPerson":false,"durationType":"HOURS","duration":3,"durationMinutes":0,"durationHours":3,"durationDays":0,"durationWeeks":0,"durationText":"3 hours","minAge":0,"nextDefaultPrice":11000,"nextDefaultPriceMoney":{"amount":11000,"currency":"ISK"},"pickupService":false,"pickupAllotment":false,"useComponentPickupAllotments":false,"pickupFlags":[],"customPickupAllowed":false,"pickupMinutesBefore":0,"noPickupMsg":"","showGlobalPickupMsg":false,"showNoPickupMsg":false,"dropoffService":false,"dropoffFlags":[],"customDropoffAllowed":false,"difficultyLevel":"EASY","pricingCategories":[{"id":13174,"title":"Vigur - Paradise Island","ticketCategory":"ADULT","occupancy":1,"ageQualified":true,"minAge":12,"maxAge":0,"dependent":false,"masterCategoryId":13194,"maxPerMaster":0,"sumDependentCategories":false,"maxDependentSum":0,"internalUseOnly":false,"flags":[],"defaultCategory":true,"fullTitle":"Vigur - Paradise Island (12+)"},{"id":13180,"title":"Vigur - Paradise Island","ticketCategory":"CHILD","occupancy":30,"ageQualified":true,"minAge":4,"maxAge":12,"dependent":true,"masterCategoryId":13174,"maxPerMaster":30,"sumDependentCategories":false,"maxDependentSum":0,"internalUseOnly":false,"flags":[],"defaultCategory":false,"fullTitle":"Vigur - Paradise Island (4 - 12)"},{"id":13196,"title":"Vigur - Paradise Island","ticketCategory":"INFANT","occupancy":1,"ageQualified":true,"minAge":0,"maxAge":3,"dependent":false,"masterCategoryId":13195,"maxPerMaster":0,"sumDependentCategories":false,"maxDependentSum":0,"internalUseOnly":false,"flags":[],"defaultCategory":false,"fullTitle":"Vigur - Paradise Island (0 - 3)"}],"agendaItems":[{"id":12125,"index":0,"title":"Vigur - Paradise Island","excerpt":"There is always something charming about small islands, and the harmony of thousands of birds in Vigur completes the beautiful landscape. Over the years, the island Vigur has earned itself a great reputation and is therefore a must on any itinerary. Its f","body":"There is always something charming about small islands, and the harmony of thousands of birds in Vigur completes the beautiful landscape. Over the years, the island Vigur has earned itself a great reputation and is therefore a must on any itinerary. Its five friendly inhabitants welcome you with their relaxed easy manner and somehow, one feels that time stands still in Vigur.","day":1,"flags":[],"place":null,"keyPhoto":null,"photos":[]}],"startTimes":[{"id":48693,"hour":14,"minute":0,"overrideTimeWhenPickup":false,"pickupHour":0,"pickupMinute":0,"durationType":"H","duration":3,"durationMinutes":0,"durationHours":3,"durationDays":0,"durationWeeks":0,"flags":[]}],"bookableExtras":[],"route":null,"hasOpeningHours":false,"defaultOpeningHours":null,"seasonalOpeningHours":[],"displaySettings":{"showPickupPlaces":false,"showRouteMap":false,"selectRateBasedOnStartTime":false,"customFields":[]},"requestDeadline":172800000,"bookingCutoff":60,"actualId":18908,"actualVendor":{"id":110,"title":"Vesturfer\u00f0ir ehf","currencyCode":"ISK","showInvoiceIdOnTicket":false,"showAgentDetailsOnTicket":false,"showPaymentsOnInvoice":false},"prices":[{"id":13174,"type":"ADULT","amount":11000,"minAge":12,"maxAge":0},{"id":13180,"type":"CHILD","amount":5500,"minAge":4,"maxAge":12},{"id":13196,"type":"INFANT","amount":0,"minAge":0,"maxAge":3}],"season":"Winter"},{"id":24524,"externalId":"wt-ww\u00ed","productGroupId":0,"productCategory":"ACTIVITIES","box":false,"inventoryLocal":true,"inventorySupportsPricing":false,"inventorySupportsAvailability":true,"lastPublished":"2018-07-16T18:45:28.271Z","title":"Whale Watching in \u00cdsafjar\u00f0ardj\u00fap","description":"<p dir=\"ltr\">We offer 3 hours whale watching tour from \u00cdsafj\u00f6r\u00f0ur harbor in a comfortable passengers boat with 48 indoor seats. After an easy boarding it\u2019s time to sail into \u00cdsafjar\u00f0ardj\u00fap, the stunning fjord region just off \u00cdsafj\u00f6r\u00f0ur. The landscape we will enjoy from the boat is one of a kind and sure to give you a lot of photo moments, so do not forget the camera. The chances of whale spotting are high and until mid august you might also see puffins and other sea birds having a swim. Our captains have lived in the area for a long time and know where the whales like to hang out.&nbsp;<\/p>","excerpt":"Whale watching in the largest fjord in Iceland, \u00cdsafjar\u00f0ardj\u00fap. Boat with indoor seating area for 48 guests.","cancellationPolicy":{"id":4423,"title":"Default","penaltyRules":[{"id":5336,"cutoffHours":48,"charge":100,"chargeType":"PERCENTAGE"},{"id":5335,"cutoffHours":168,"charge":30,"chargeType":"PERCENTAGE"},{"id":5334,"cutoffHours":12000,"charge":10,"chargeType":"PERCENTAGE"}],"tax":null},"barcodeType":"QR_CODE","timeZone":"UTC","mainContactFields":[{"field":"FIRST_NAME","required":true},{"field":"LAST_NAME","required":true},{"field":"NATIONALITY","required":true},{"field":"GENDER","required":true}],"requiredCustomerFields":["firstName","lastName","nationality","gender"],"keywords":["westfjords","eco friendly","nature","family","whales","guided","whale watching","boat"],"flags":[],"slug":null,"baseLanguage":"en","languages":["EN"],"paymentCurrencies":[],"customFields":[],"tagGroups":[],"categories":[],"keyPhoto":{"id":78068,"originalUrl":"https:\/\/bokun.s3.amazonaws.com\/ec154f55-afec-4f71-b190-5ac107d3d694.jpg","description":"Whale","alternateText":"","flags":[],"derived":[{"name":"large","url":"https:\/\/bokunprod.imgix.net\/ec154f55-afec-4f71-b190-5ac107d3d694.jpg?w=660&h=660","cleanUrl":"https:\/\/bokunprod.imgix.net\/ec154f55-afec-4f71-b190-5ac107d3d694.jpg?w=660&h=660"},{"name":"preview","url":"https:\/\/bokunprod.imgix.net\/ec154f55-afec-4f71-b190-5ac107d3d694.jpg?w=300&h=300","cleanUrl":"https:\/\/bokunprod.imgix.net\/ec154f55-afec-4f71-b190-5ac107d3d694.jpg?w=300&h=300"},{"name":"thumbnail","url":"https:\/\/bokunprod.imgix.net\/ec154f55-afec-4f71-b190-5ac107d3d694.jpg?w=80&h=80&fit=crop","cleanUrl":"https:\/\/bokunprod.imgix.net\/ec154f55-afec-4f71-b190-5ac107d3d694.jpg?w=80&h=80&fit=crop"}],"fileName":"\/ec154f55-afec-4f71-b190-5ac107d3d694.jpg"},"photos":[{"id":78068,"originalUrl":"https:\/\/bokun.s3.amazonaws.com\/ec154f55-afec-4f71-b190-5ac107d3d694.jpg","description":"Whale","alternateText":"","flags":[],"derived":[{"name":"large","url":"https:\/\/bokunprod.imgix.net\/ec154f55-afec-4f71-b190-5ac107d3d694.jpg?w=660&h=660","cleanUrl":"https:\/\/bokunprod.imgix.net\/ec154f55-afec-4f71-b190-5ac107d3d694.jpg?w=660&h=660"},{"name":"preview","url":"https:\/\/bokunprod.imgix.net\/ec154f55-afec-4f71-b190-5ac107d3d694.jpg?w=300&h=300","cleanUrl":"https:\/\/bokunprod.imgix.net\/ec154f55-afec-4f71-b190-5ac107d3d694.jpg?w=300&h=300"},{"name":"thumbnail","url":"https:\/\/bokunprod.imgix.net\/ec154f55-afec-4f71-b190-5ac107d3d694.jpg?w=80&h=80&fit=crop","cleanUrl":"https:\/\/bokunprod.imgix.net\/ec154f55-afec-4f71-b190-5ac107d3d694.jpg?w=80&h=80&fit=crop"}],"fileName":"\/ec154f55-afec-4f71-b190-5ac107d3d694.jpg"},{"id":78066,"originalUrl":"https:\/\/bokun.s3.amazonaws.com\/402b7b8c-bd8f-4391-b6f2-2eaa9138b9c0.jpg","description":"Gunna Boat","alternateText":"","flags":[],"derived":[{"name":"large","url":"https:\/\/bokunprod.imgix.net\/402b7b8c-bd8f-4391-b6f2-2eaa9138b9c0.jpg?w=660&h=660","cleanUrl":"https:\/\/bokunprod.imgix.net\/402b7b8c-bd8f-4391-b6f2-2eaa9138b9c0.jpg?w=660&h=660"},{"name":"preview","url":"https:\/\/bokunprod.imgix.net\/402b7b8c-bd8f-4391-b6f2-2eaa9138b9c0.jpg?w=300&h=300","cleanUrl":"https:\/\/bokunprod.imgix.net\/402b7b8c-bd8f-4391-b6f2-2eaa9138b9c0.jpg?w=300&h=300"},{"name":"thumbnail","url":"https:\/\/bokunprod.imgix.net\/402b7b8c-bd8f-4391-b6f2-2eaa9138b9c0.jpg?w=80&h=80&fit=crop","cleanUrl":"https:\/\/bokunprod.imgix.net\/402b7b8c-bd8f-4391-b6f2-2eaa9138b9c0.jpg?w=80&h=80&fit=crop"}],"fileName":"\/402b7b8c-bd8f-4391-b6f2-2eaa9138b9c0.jpg"},{"id":78070,"originalUrl":"https:\/\/bokun.s3.amazonaws.com\/23ed2163-7b39-448d-abae-543ebaf72275.jpg","description":"Whale in \u00cdsafjar\u00f0ardj\u00fap","alternateText":"","flags":[],"derived":[{"name":"large","url":"https:\/\/bokunprod.imgix.net\/23ed2163-7b39-448d-abae-543ebaf72275.jpg?w=660&h=660","cleanUrl":"https:\/\/bokunprod.imgix.net\/23ed2163-7b39-448d-abae-543ebaf72275.jpg?w=660&h=660"},{"name":"preview","url":"https:\/\/bokunprod.imgix.net\/23ed2163-7b39-448d-abae-543ebaf72275.jpg?w=300&h=300","cleanUrl":"https:\/\/bokunprod.imgix.net\/23ed2163-7b39-448d-abae-543ebaf72275.jpg?w=300&h=300"},{"name":"thumbnail","url":"https:\/\/bokunprod.imgix.net\/23ed2163-7b39-448d-abae-543ebaf72275.jpg?w=80&h=80&fit=crop","cleanUrl":"https:\/\/bokunprod.imgix.net\/23ed2163-7b39-448d-abae-543ebaf72275.jpg?w=80&h=80&fit=crop"}],"fileName":"\/23ed2163-7b39-448d-abae-543ebaf72275.jpg"},{"id":78067,"originalUrl":"https:\/\/bokun.s3.amazonaws.com\/3528ba00-1ef1-476e-afc3-4d67458f23fb.jpg","description":null,"alternateText":null,"flags":[],"derived":[{"name":"large","url":"https:\/\/bokunprod.imgix.net\/3528ba00-1ef1-476e-afc3-4d67458f23fb.jpg?w=660&h=660","cleanUrl":"https:\/\/bokunprod.imgix.net\/3528ba00-1ef1-476e-afc3-4d67458f23fb.jpg?w=660&h=660"},{"name":"preview","url":"https:\/\/bokunprod.imgix.net\/3528ba00-1ef1-476e-afc3-4d67458f23fb.jpg?w=300&h=300","cleanUrl":"https:\/\/bokunprod.imgix.net\/3528ba00-1ef1-476e-afc3-4d67458f23fb.jpg?w=300&h=300"},{"name":"thumbnail","url":"https:\/\/bokunprod.imgix.net\/3528ba00-1ef1-476e-afc3-4d67458f23fb.jpg?w=80&h=80&fit=crop","cleanUrl":"https:\/\/bokunprod.imgix.net\/3528ba00-1ef1-476e-afc3-4d67458f23fb.jpg?w=80&h=80&fit=crop"}],"fileName":"\/3528ba00-1ef1-476e-afc3-4d67458f23fb.jpg"},{"id":78064,"originalUrl":"https:\/\/bokun.s3.amazonaws.com\/9149b78d-5d30-40c6-9d59-0a6cab22ae1e.jpg","description":"Indoor Gunna Boat","alternateText":"","flags":[],"derived":[{"name":"large","url":"https:\/\/bokunprod.imgix.net\/9149b78d-5d30-40c6-9d59-0a6cab22ae1e.jpg?w=660&h=660","cleanUrl":"https:\/\/bokunprod.imgix.net\/9149b78d-5d30-40c6-9d59-0a6cab22ae1e.jpg?w=660&h=660"},{"name":"preview","url":"https:\/\/bokunprod.imgix.net\/9149b78d-5d30-40c6-9d59-0a6cab22ae1e.jpg?w=300&h=300","cleanUrl":"https:\/\/bokunprod.imgix.net\/9149b78d-5d30-40c6-9d59-0a6cab22ae1e.jpg?w=300&h=300"},{"name":"thumbnail","url":"https:\/\/bokunprod.imgix.net\/9149b78d-5d30-40c6-9d59-0a6cab22ae1e.jpg?w=80&h=80&fit=crop","cleanUrl":"https:\/\/bokunprod.imgix.net\/9149b78d-5d30-40c6-9d59-0a6cab22ae1e.jpg?w=80&h=80&fit=crop"}],"fileName":"\/9149b78d-5d30-40c6-9d59-0a6cab22ae1e.jpg"},{"id":78065,"originalUrl":"https:\/\/bokun.s3.amazonaws.com\/ef3de897-6b7b-4ac5-8e38-2133c9e04a16.jpg","description":"Indoor Gunna Boat","alternateText":"","flags":[],"derived":[{"name":"large","url":"https:\/\/bokunprod.imgix.net\/ef3de897-6b7b-4ac5-8e38-2133c9e04a16.jpg?w=660&h=660","cleanUrl":"https:\/\/bokunprod.imgix.net\/ef3de897-6b7b-4ac5-8e38-2133c9e04a16.jpg?w=660&h=660"},{"name":"preview","url":"https:\/\/bokunprod.imgix.net\/ef3de897-6b7b-4ac5-8e38-2133c9e04a16.jpg?w=300&h=300","cleanUrl":"https:\/\/bokunprod.imgix.net\/ef3de897-6b7b-4ac5-8e38-2133c9e04a16.jpg?w=300&h=300"},{"name":"thumbnail","url":"https:\/\/bokunprod.imgix.net\/ef3de897-6b7b-4ac5-8e38-2133c9e04a16.jpg?w=80&h=80&fit=crop","cleanUrl":"https:\/\/bokunprod.imgix.net\/ef3de897-6b7b-4ac5-8e38-2133c9e04a16.jpg?w=80&h=80&fit=crop"}],"fileName":"\/ef3de897-6b7b-4ac5-8e38-2133c9e04a16.jpg"}],"videos":[],"vendor":{"id":110,"title":"Vesturfer\u00f0ir ehf","currencyCode":"ISK","showInvoiceIdOnTicket":false,"showAgentDetailsOnTicket":false,"showPaymentsOnInvoice":false},"boxedVendor":null,"storedExternally":false,"pluginId":null,"reviewRating":0,"reviewCount":0,"activityType":"DAY_TOUR_OR_ACTIVITY","bookingType":"DATE_AND_TIME","scheduleType":"RECURRING","capacityType":"LIMITED","passExpiryType":null,"meetingType":"MEET_ON_LOCATION","passCapacity":10,"passesAvailable":0,"dressCode":false,"passportRequired":false,"supportedAccessibilityTypes":["LIMITED_MOBILITY","LIMITED_SIGHT"],"startPoints":[{"id":3618,"created":[2018,7,30,9,27,28,970000000],"type":null,"title":"West Tours","code":null,"address":{"id":83024,"created":[2018,7,30,9,27,28,970000000],"addressLine1":"7 A\u00f0alstr\u00e6ti","addressLine2":"","addressLine3":null,"city":"\u00cdsafj\u00f6r\u00f0ur","state":null,"postalCode":"","countryCode":"IS","mapZoomLevel":16,"geoPoint":{"latitude":66.0707631991570423224402475170791149139404296875,"longitude":-23.121199607849124646463678800500929355621337890625},"unLocode":{"country":"IS","city":"ISA"}},"pickupTicketDescription":null,"dropoffTicketDescription":null,"labels":[]}],"bookingQuestions":[],"included":"<p>Boat and guide<\/p>","requirements":"<p>Camera,&nbsp; warm clothes, caps and mittens.<br><\/p>","attention":"<p>It is important to wear warm clothes, caps and mittens, it gets cold once out on the sea.<br><\/p>","locationCode":{"id":55926,"country":"IS","location":"ISA","name":"Isafj\u00f8rdur - h\u00f8fn","nameWoDiacritics":"Isafjordur - hofn","status":"AC","function":"1-------","date":9601,"iata":"IFJ"},"bookingCutoffMinutes":0,"bookingCutoffHours":3,"bookingCutoffDays":0,"bookingCutoffWeeks":0,"requestDeadlineMinutes":0,"requestDeadlineHours":0,"requestDeadlineDays":2,"requestDeadlineWeeks":0,"boxedActivityId":0,"comboActivity":false,"dayBasedAvailability":false,"selectFromDayOptions":false,"dayOptions":[],"activityCategories":["SAILING_OR_BOAT_TOUR","SIGHTSEEING_ATTRACTION","SIGHTSEEING","SAFARI_AND_WILDLIFE","DOLPHIN_OR_WHALEWATCHING"],"activityAttributes":["FAMILY_FRIENDLY","ECO_FRIENDLY","OUTDOOR"],"guidanceTypes":[{"id":null,"created":[2018,7,30,9,27,28,970000000],"guidanceType":"GUIDED","languages":["en","is"]}],"defaultRateId":39950,"rates":[{"id":39950,"title":"Standard rate","description":null,"index":0,"rateCode":null,"pricedPerPerson":true,"minPerBooking":1,"maxPerBooking":0,"cancellationPolicy":{"id":4423,"created":[2018,7,30,9,27,28,970000000],"title":"Default","tax":null,"penaltyRules":[{"id":5336,"created":[2018,7,30,9,27,28,970000000],"cutoffHours":48,"percentage":100},{"id":5335,"created":[2018,7,30,9,27,28,970000000],"cutoffHours":168,"percentage":30},{"id":5334,"created":[2018,7,30,9,27,28,970000000],"cutoffHours":12000,"percentage":10}]},"fixedPassExpiryDate":null,"passValidForDays":0,"pickupSelectionType":"UNAVAILABLE","pickupPricingType":"INCLUDED_IN_PRICE","pickupPricedPerPerson":false,"dropoffSelectionType":"UNAVAILABLE","dropoffPricingType":"INCLUDED_IN_PRICE","dropoffPricedPerPerson":false,"extraConfigs":[],"startTimeIds":[],"pricingCategoryIds":[]}],"ticketPerPerson":false,"durationType":"HOURS","duration":3,"durationMinutes":0,"durationHours":3,"durationDays":0,"durationWeeks":0,"durationText":"3 hours","minAge":0,"nextDefaultPrice":10900,"nextDefaultPriceMoney":{"amount":10900,"currency":"ISK"},"pickupService":false,"pickupAllotment":false,"useComponentPickupAllotments":false,"pickupFlags":[],"customPickupAllowed":false,"pickupMinutesBefore":0,"noPickupMsg":"","showGlobalPickupMsg":false,"showNoPickupMsg":false,"dropoffService":false,"dropoffFlags":[],"customDropoffAllowed":false,"difficultyLevel":"VERY_EASY","pricingCategories":[{"id":17850,"title":"Whale Watching in \u00cdsafjar\u00f0ardj\u00fap","ticketCategory":"CHILD","occupancy":4,"ageQualified":true,"minAge":8,"maxAge":12,"dependent":false,"masterCategoryId":13195,"maxPerMaster":0,"sumDependentCategories":false,"maxDependentSum":0,"internalUseOnly":false,"flags":[],"defaultCategory":false,"fullTitle":"Whale Watching in \u00cdsafjar\u00f0ardj\u00fap (8 - 12)"},{"id":17849,"title":"Whale Watching in \u00cdsafjar\u00f0ardj\u00fap","ticketCategory":"ADULT","occupancy":48,"ageQualified":true,"minAge":12,"maxAge":0,"dependent":false,"masterCategoryId":13195,"maxPerMaster":48,"sumDependentCategories":false,"maxDependentSum":0,"internalUseOnly":false,"flags":[],"defaultCategory":true,"fullTitle":"Whale Watching in \u00cdsafjar\u00f0ardj\u00fap (12+)"}],"agendaItems":[],"startTimes":[{"id":62918,"hour":14,"minute":0,"overrideTimeWhenPickup":false,"pickupHour":0,"pickupMinute":0,"durationType":"H","duration":3,"durationMinutes":0,"durationHours":3,"durationDays":0,"durationWeeks":0,"flags":[]}],"bookableExtras":[],"route":null,"hasOpeningHours":false,"defaultOpeningHours":null,"seasonalOpeningHours":[],"displaySettings":{"showPickupPlaces":false,"showRouteMap":false,"selectRateBasedOnStartTime":false,"customFields":[]},"bookingCutoff":180,"actualId":24524,"requestDeadline":172800000,"actualVendor":{"id":110,"title":"Vesturfer\u00f0ir ehf","currencyCode":"ISK","showInvoiceIdOnTicket":false,"showAgentDetailsOnTicket":false,"showPaymentsOnInvoice":false},"prices":[{"id":17850,"type":"CHILD","amount":8900,"minAge":8,"maxAge":12},{"id":17849,"type":"ADULT","amount":10900,"minAge":12,"maxAge":0}],"season":"Winter"}]}