{
  "name": "foundationpress",
  "title": "FoundationPress",
  "version": "2.9.0",
  "description": "FoundationPress is a WordPress starter theme based on Foundation 6 by Zurb",
  "keywords": [
    "FoundationPress",
    "WordPress",
    "starter theme",
    "Foundation",
    "semantic",
    "mobile first",
    "customizable",
    "responsive"
  ],
  "homepage": "http://foundationpress.olefredrik.com/",
  "bugs": "https://github.com/olefredrik/FoundationPress/issues",
  "license": "MIT",
  "main": "gulpfile.js",
  "repository": {
    "type": "git",
    "url": "https://github.com/olefredrik/FoundationPress.git"
  },
  "devDependencies": {
    "autoprefixer": "^7.1.3",
    "babel-core": "^6.26.0",
    "babel-plugin-transform-es2015-arrow-functions": "^6.3.13",
    "babel-plugin-transform-es2015-block-scoped-functions": "^6.3.13",
    "babel-plugin-transform-es2015-block-scoping": "^6.4.0",
    "babel-plugin-transform-es2015-classes": "^6.3.15",
    "babel-plugin-transform-es2015-destructuring": "^6.3.15",
    "babel-plugin-transform-es2015-modules-commonjs": "^6.3.13",
    "babel-plugin-transform-es2015-parameters": "^6.3.26",
    "babel-plugin-transform-es2015-shorthand-properties": "^6.5.0",
    "babel-plugin-transform-es2015-spread": "^6.4.0",
    "babel-plugin-transform-es2015-template-literals": "^6.3.13",
    "babel-preset-es2015": "^6.5.0",
    "babel-register": "^6.5.2",
    "bower": "~1.8.0",
    "browser-sync": "^2.10.0",
    "chosen-js": "^1.6.2",
    "colors": "^1.1.2",
    "dateformat": "^2.0.0",
    "del": "^3.0.0",
    "gulp": "^3.9.0",
    "gulp-autoprefixer": "^4.0.0",
    "gulp-babel": "^7.0.0",
    "gulp-clean-css": "^3.7.0",
    "gulp-concat": "^2.6.0",
    "gulp-flatten": "^0.3.1",
    "gulp-if": "^2.0.0",
    "gulp-jshint": "^2.0.0",
    "gulp-load-plugins": "^1.1.0",
    "gulp-notify": "^3.0.0",
    "gulp-phpcbf": "latest",
    "gulp-phpcs": "^2.0.0",
    "gulp-plumber": "^1.0.1",
    "gulp-sass": "^3.1.0",
    "gulp-sourcemaps": "^2.6.1",
    "gulp-uglify": "^3.0.0",
    "gulp-uncss": "^1.0.4",
    "gulp-util": "^3.0.7",
    "gulp-zip": "^4.0.0",
    "jquery-daterangepicker": "^2.0.0",
    "jshint": "^2.8.0",
    "merge-stream": "^1.0.0",
    "motion-ui": "^1.1.0",
    "run-sequence": "^2.1.0",
    "yargs": "^8.0.2"
  },
  "scripts": {
    "build": "gulp build",
    "package": "gulp package --production",
    "phpcs": "gulp phpcs",
    "phpcbf": "gulp phpcbf",
    "postinstall": "bower install && gulp build",
    "production": "gulp --production",
    "watch": "gulp"
  },
  "dependencies": {
    "datepickk": "^1.4.1",
    "moment": "^2.19.1"
  }
}
